"Bird1","Bird2","Comm1","Comm2","SameCommunity","Season"
"CGN","RRY",1,2,FALSE,"Summer 2026_Communities"
"RRR","RRY",2,2,TRUE,"Summer 2026_Communities"
"RRD","RRY",2,2,TRUE,"Summer 2026_Communities"
"GOS","RRY",3,2,FALSE,"Summer 2026_Communities"
"PBWorPWB","RRY",3,2,FALSE,"Summer 2026_Communities"
"RBT","RRY",3,2,FALSE,"Summer 2026_Communities"
"RBP","RRY",3,2,FALSE,"Summer 2026_Communities"
"PNW","RRY",1,2,FALSE,"Summer 2026_Communities"
"PLS","RRY",5,2,FALSE,"Summer 2026_Communities"
"GBO (was GPT)","RRY",6,2,FALSE,"Summer 2026_Communities"
"GDW (wasGYW)","RRY",10,2,FALSE,"Summer 2026_Communities"
"PND","RRY",10,2,FALSE,"Summer 2026_Communities"
"PNG","RRY",10,2,FALSE,"Summer 2026_Communities"
"PNP","RRY",10,2,FALSE,"Summer 2026_Communities"
"ROO","RRY",11,2,FALSE,"Summer 2026_Communities"
"RLB","RRY",12,2,FALSE,"Summer 2026_Communities"
"ROY","RRY",14,2,FALSE,"Summer 2026_Communities"
"ROR","RRY",14,2,FALSE,"Summer 2026_Communities"
"GDO","RRY",13,2,FALSE,"Summer 2026_Communities"
"PBS","RRY",13,2,FALSE,"Summer 2026_Communities"
"PNL","RRY",13,2,FALSE,"Summer 2026_Communities"
"PBP (was PBB)","RRY",13,2,FALSE,"Summer 2026_Communities"
"GNT","RRY",15,2,FALSE,"Summer 2026_Communities"
"RGT","RRY",16,2,FALSE,"Summer 2026_Communities"
"CRY","RRY",17,2,FALSE,"Summer 2026_Communities"
"GDD (was GDR)","RRY",17,2,FALSE,"Summer 2026_Communities"
"GTR","RRY",17,2,FALSE,"Summer 2026_Communities"
"CGN","SDO",1,2,FALSE,"Summer 2026_Communities"
"RRY","SDO",2,2,TRUE,"Summer 2026_Communities"
"RRR","SDO",2,2,TRUE,"Summer 2026_Communities"
"RRD","SDO",2,2,TRUE,"Summer 2026_Communities"
"GOS","SDO",3,2,FALSE,"Summer 2026_Communities"
"RSD","SDO",3,2,FALSE,"Summer 2026_Communities"
"PBWorPWB","SDO",3,2,FALSE,"Summer 2026_Communities"
"RBT","SDO",3,2,FALSE,"Summer 2026_Communities"
"RBP","SDO",3,2,FALSE,"Summer 2026_Communities"
"PNW","SDO",1,2,FALSE,"Summer 2026_Communities"
"PLS","SDO",5,2,FALSE,"Summer 2026_Communities"
"RTP","SDO",5,2,FALSE,"Summer 2026_Communities"
"GBO (was GPT)","SDO",6,2,FALSE,"Summer 2026_Communities"
"GDW (wasGYW)","SDO",10,2,FALSE,"Summer 2026_Communities"
"PND","SDO",10,2,FALSE,"Summer 2026_Communities"
"PNG","SDO",10,2,FALSE,"Summer 2026_Communities"
"PNP","SDO",10,2,FALSE,"Summer 2026_Communities"
"ROO","SDO",11,2,FALSE,"Summer 2026_Communities"
"RLB","SDO",12,2,FALSE,"Summer 2026_Communities"
"ROY","SDO",14,2,FALSE,"Summer 2026_Communities"
"ROR","SDO",14,2,FALSE,"Summer 2026_Communities"
"GDO","SDO",13,2,FALSE,"Summer 2026_Communities"
"PBS","SDO",13,2,FALSE,"Summer 2026_Communities"
"PNL","SDO",13,2,FALSE,"Summer 2026_Communities"
"PBP (was PBB)","SDO",13,2,FALSE,"Summer 2026_Communities"
"GNT","SDO",15,2,FALSE,"Summer 2026_Communities"
"RGT","SDO",16,2,FALSE,"Summer 2026_Communities"
"RTT","SDO",17,2,FALSE,"Summer 2026_Communities"
"CRY","SDO",17,2,FALSE,"Summer 2026_Communities"
"GDD (was GDR)","SDO",17,2,FALSE,"Summer 2026_Communities"
"GTR","SDO",17,2,FALSE,"Summer 2026_Communities"
"CGN","RRR",1,2,FALSE,"Summer 2026_Communities"
"RRD","RRR",2,2,TRUE,"Summer 2026_Communities"
"GOS","RRR",3,2,FALSE,"Summer 2026_Communities"
"PBWorPWB","RRR",3,2,FALSE,"Summer 2026_Communities"
"RBT","RRR",3,2,FALSE,"Summer 2026_Communities"
"RBP","RRR",3,2,FALSE,"Summer 2026_Communities"
"PNW","RRR",1,2,FALSE,"Summer 2026_Communities"
"PLS","RRR",5,2,FALSE,"Summer 2026_Communities"
"GBO (was GPT)","RRR",6,2,FALSE,"Summer 2026_Communities"
"GDW (wasGYW)","RRR",10,2,FALSE,"Summer 2026_Communities"
"PND","RRR",10,2,FALSE,"Summer 2026_Communities"
"PNG","RRR",10,2,FALSE,"Summer 2026_Communities"
"PNP","RRR",10,2,FALSE,"Summer 2026_Communities"
"ROO","RRR",11,2,FALSE,"Summer 2026_Communities"
"RLB","RRR",12,2,FALSE,"Summer 2026_Communities"
"ROY","RRR",14,2,FALSE,"Summer 2026_Communities"
"ROR","RRR",14,2,FALSE,"Summer 2026_Communities"
"GDO","RRR",13,2,FALSE,"Summer 2026_Communities"
"PBS","RRR",13,2,FALSE,"Summer 2026_Communities"
"PNL","RRR",13,2,FALSE,"Summer 2026_Communities"
"PBP (was PBB)","RRR",13,2,FALSE,"Summer 2026_Communities"
"GNT","RRR",15,2,FALSE,"Summer 2026_Communities"
"RGT","RRR",16,2,FALSE,"Summer 2026_Communities"
"CRY","RRR",17,2,FALSE,"Summer 2026_Communities"
"GDD (was GDR)","RRR",17,2,FALSE,"Summer 2026_Communities"
"GTR","RRR",17,2,FALSE,"Summer 2026_Communities"
"CGN","RRD",1,2,FALSE,"Summer 2026_Communities"
"GOS","RRD",3,2,FALSE,"Summer 2026_Communities"
"PBWorPWB","RRD",3,2,FALSE,"Summer 2026_Communities"
"RBT","RRD",3,2,FALSE,"Summer 2026_Communities"
"RBP","RRD",3,2,FALSE,"Summer 2026_Communities"
"PNW","RRD",1,2,FALSE,"Summer 2026_Communities"
"PLS","RRD",5,2,FALSE,"Summer 2026_Communities"
"GBO (was GPT)","RRD",6,2,FALSE,"Summer 2026_Communities"
"GDW (wasGYW)","RRD",10,2,FALSE,"Summer 2026_Communities"
"PND","RRD",10,2,FALSE,"Summer 2026_Communities"
"PNG","RRD",10,2,FALSE,"Summer 2026_Communities"
"PNP","RRD",10,2,FALSE,"Summer 2026_Communities"
"ROO","RRD",11,2,FALSE,"Summer 2026_Communities"
"RLB","RRD",12,2,FALSE,"Summer 2026_Communities"
"ROY","RRD",14,2,FALSE,"Summer 2026_Communities"
"ROR","RRD",14,2,FALSE,"Summer 2026_Communities"
"GDO","RRD",13,2,FALSE,"Summer 2026_Communities"
"PBS","RRD",13,2,FALSE,"Summer 2026_Communities"
"PNL","RRD",13,2,FALSE,"Summer 2026_Communities"
"PBP (was PBB)","RRD",13,2,FALSE,"Summer 2026_Communities"
"GNT","RRD",15,2,FALSE,"Summer 2026_Communities"
"RGT","RRD",16,2,FALSE,"Summer 2026_Communities"
"CRY","RRD",17,2,FALSE,"Summer 2026_Communities"
"GDD (was GDR)","RRD",17,2,FALSE,"Summer 2026_Communities"
"GTR","RRD",17,2,FALSE,"Summer 2026_Communities"
"CGN","SWT",1,2,FALSE,"Summer 2026_Communities"
"RRY","SWT",2,2,TRUE,"Summer 2026_Communities"
"SDO","SWT",2,2,TRUE,"Summer 2026_Communities"
"RRR","SWT",2,2,TRUE,"Summer 2026_Communities"
"RRD","SWT",2,2,TRUE,"Summer 2026_Communities"
"GOS","SWT",3,2,FALSE,"Summer 2026_Communities"
"RSD","SWT",3,2,FALSE,"Summer 2026_Communities"
"PBWorPWB","SWT",3,2,FALSE,"Summer 2026_Communities"
"SWB","SWT",3,2,FALSE,"Summer 2026_Communities"
"RBT","SWT",3,2,FALSE,"Summer 2026_Communities"
"RBP","SWT",3,2,FALSE,"Summer 2026_Communities"
"PNW","SWT",1,2,FALSE,"Summer 2026_Communities"
"SOT","SWT",1,2,FALSE,"Summer 2026_Communities"
"PLS","SWT",5,2,FALSE,"Summer 2026_Communities"
"RTP","SWT",5,2,FALSE,"Summer 2026_Communities"
"SOG","SWT",1,2,FALSE,"Summer 2026_Communities"
"GBO (was GPT)","SWT",6,2,FALSE,"Summer 2026_Communities"
"GDW (wasGYW)","SWT",10,2,FALSE,"Summer 2026_Communities"
"PND","SWT",10,2,FALSE,"Summer 2026_Communities"
"PNG","SWT",10,2,FALSE,"Summer 2026_Communities"
"PNP","SWT",10,2,FALSE,"Summer 2026_Communities"
"ROO","SWT",11,2,FALSE,"Summer 2026_Communities"
"RLB","SWT",12,2,FALSE,"Summer 2026_Communities"
"ROY","SWT",14,2,FALSE,"Summer 2026_Communities"
"ROR","SWT",14,2,FALSE,"Summer 2026_Communities"
"SWS","SWT",14,2,FALSE,"Summer 2026_Communities"
"GDO","SWT",13,2,FALSE,"Summer 2026_Communities"
"PBS","SWT",13,2,FALSE,"Summer 2026_Communities"
"PNL","SWT",13,2,FALSE,"Summer 2026_Communities"
"PBP (was PBB)","SWT",13,2,FALSE,"Summer 2026_Communities"
"SRP","SWT",15,2,FALSE,"Summer 2026_Communities"
"GNT","SWT",15,2,FALSE,"Summer 2026_Communities"
"STT","SWT",16,2,FALSE,"Summer 2026_Communities"
"SGB","SWT",16,2,FALSE,"Summer 2026_Communities"
"RGT","SWT",16,2,FALSE,"Summer 2026_Communities"
"RTT","SWT",17,2,FALSE,"Summer 2026_Communities"
"CRY","SWT",17,2,FALSE,"Summer 2026_Communities"
"GDD (was GDR)","SWT",17,2,FALSE,"Summer 2026_Communities"
"GTR","SWT",17,2,FALSE,"Summer 2026_Communities"
"CGN","SYO",1,3,FALSE,"Summer 2026_Communities"
"RRY","SYO",2,3,FALSE,"Summer 2026_Communities"
"SDO","SYO",2,3,FALSE,"Summer 2026_Communities"
"RRR","SYO",2,3,FALSE,"Summer 2026_Communities"
"RRD","SYO",2,3,FALSE,"Summer 2026_Communities"
"SWT","SYO",2,3,FALSE,"Summer 2026_Communities"
"GOS","SYO",3,3,TRUE,"Summer 2026_Communities"
"RSD","SYO",3,3,TRUE,"Summer 2026_Communities"
"PBWorPWB","SYO",3,3,TRUE,"Summer 2026_Communities"
"SWB","SYO",3,3,TRUE,"Summer 2026_Communities"
"RBT","SYO",3,3,TRUE,"Summer 2026_Communities"
"RBP","SYO",3,3,TRUE,"Summer 2026_Communities"
"PNW","SYO",1,3,FALSE,"Summer 2026_Communities"
"SOT","SYO",1,3,FALSE,"Summer 2026_Communities"
"PLS","SYO",5,3,FALSE,"Summer 2026_Communities"
"RTP","SYO",5,3,FALSE,"Summer 2026_Communities"
"SOG","SYO",1,3,FALSE,"Summer 2026_Communities"
"GBO (was GPT)","SYO",6,3,FALSE,"Summer 2026_Communities"
"GDW (wasGYW)","SYO",10,3,FALSE,"Summer 2026_Communities"
"PND","SYO",10,3,FALSE,"Summer 2026_Communities"
"PNG","SYO",10,3,FALSE,"Summer 2026_Communities"
"PNP","SYO",10,3,FALSE,"Summer 2026_Communities"
"ROO","SYO",11,3,FALSE,"Summer 2026_Communities"
"RLB","SYO",12,3,FALSE,"Summer 2026_Communities"
"ROY","SYO",14,3,FALSE,"Summer 2026_Communities"
"ROR","SYO",14,3,FALSE,"Summer 2026_Communities"
"SWS","SYO",14,3,FALSE,"Summer 2026_Communities"
"GDO","SYO",13,3,FALSE,"Summer 2026_Communities"
"PBS","SYO",13,3,FALSE,"Summer 2026_Communities"
"PNL","SYO",13,3,FALSE,"Summer 2026_Communities"
"PBP (was PBB)","SYO",13,3,FALSE,"Summer 2026_Communities"
"SRP","SYO",15,3,FALSE,"Summer 2026_Communities"
"GNT","SYO",15,3,FALSE,"Summer 2026_Communities"
"STT","SYO",16,3,FALSE,"Summer 2026_Communities"
"SGB","SYO",16,3,FALSE,"Summer 2026_Communities"
"RGT","SYO",16,3,FALSE,"Summer 2026_Communities"
"RTT","SYO",17,3,FALSE,"Summer 2026_Communities"
"CRY","SYO",17,3,FALSE,"Summer 2026_Communities"
"GDD (was GDR)","SYO",17,3,FALSE,"Summer 2026_Communities"
"GTR","SYO",17,3,FALSE,"Summer 2026_Communities"
"CGN","GOS",1,3,FALSE,"Summer 2026_Communities"
"GBO (was GPT)","GOS",6,3,FALSE,"Summer 2026_Communities"
"GDW (wasGYW)","GOS",10,3,FALSE,"Summer 2026_Communities"
"GDO","GOS",13,3,FALSE,"Summer 2026_Communities"
"GNT","GOS",15,3,FALSE,"Summer 2026_Communities"
"CRY","GOS",17,3,FALSE,"Summer 2026_Communities"
"GDD (was GDR)","GOS",17,3,FALSE,"Summer 2026_Communities"
"CGN","RSD",1,3,FALSE,"Summer 2026_Communities"
"RRY","RSD",2,3,FALSE,"Summer 2026_Communities"
"RRR","RSD",2,3,FALSE,"Summer 2026_Communities"
"RRD","RSD",2,3,FALSE,"Summer 2026_Communities"
"GOS","RSD",3,3,TRUE,"Summer 2026_Communities"
"PBWorPWB","RSD",3,3,TRUE,"Summer 2026_Communities"
"RBT","RSD",3,3,TRUE,"Summer 2026_Communities"
"RBP","RSD",3,3,TRUE,"Summer 2026_Communities"
"PNW","RSD",1,3,FALSE,"Summer 2026_Communities"
"PLS","RSD",5,3,FALSE,"Summer 2026_Communities"
"GBO (was GPT)","RSD",6,3,FALSE,"Summer 2026_Communities"
"GDW (wasGYW)","RSD",10,3,FALSE,"Summer 2026_Communities"
"PND","RSD",10,3,FALSE,"Summer 2026_Communities"
"PNG","RSD",10,3,FALSE,"Summer 2026_Communities"
"PNP","RSD",10,3,FALSE,"Summer 2026_Communities"
"ROO","RSD",11,3,FALSE,"Summer 2026_Communities"
"RLB","RSD",12,3,FALSE,"Summer 2026_Communities"
"ROY","RSD",14,3,FALSE,"Summer 2026_Communities"
"ROR","RSD",14,3,FALSE,"Summer 2026_Communities"
"GDO","RSD",13,3,FALSE,"Summer 2026_Communities"
"PBS","RSD",13,3,FALSE,"Summer 2026_Communities"
"PNL","RSD",13,3,FALSE,"Summer 2026_Communities"
"PBP (was PBB)","RSD",13,3,FALSE,"Summer 2026_Communities"
"GNT","RSD",15,3,FALSE,"Summer 2026_Communities"
"RGT","RSD",16,3,FALSE,"Summer 2026_Communities"
"CRY","RSD",17,3,FALSE,"Summer 2026_Communities"
"GDD (was GDR)","RSD",17,3,FALSE,"Summer 2026_Communities"
"GTR","RSD",17,3,FALSE,"Summer 2026_Communities"
"CGN","SYT",1,3,FALSE,"Summer 2026_Communities"
"RRY","SYT",2,3,FALSE,"Summer 2026_Communities"
"SDO","SYT",2,3,FALSE,"Summer 2026_Communities"
"RRR","SYT",2,3,FALSE,"Summer 2026_Communities"
"RRD","SYT",2,3,FALSE,"Summer 2026_Communities"
"SWT","SYT",2,3,FALSE,"Summer 2026_Communities"
"SYO","SYT",3,3,TRUE,"Summer 2026_Communities"
"GOS","SYT",3,3,TRUE,"Summer 2026_Communities"
"RSD","SYT",3,3,TRUE,"Summer 2026_Communities"
"PBWorPWB","SYT",3,3,TRUE,"Summer 2026_Communities"
"SWB","SYT",3,3,TRUE,"Summer 2026_Communities"
"RBT","SYT",3,3,TRUE,"Summer 2026_Communities"
"SYR","SYT",3,3,TRUE,"Summer 2026_Communities"
"RBP","SYT",3,3,TRUE,"Summer 2026_Communities"
"PNW","SYT",1,3,FALSE,"Summer 2026_Communities"
"SOT","SYT",1,3,FALSE,"Summer 2026_Communities"
"PLS","SYT",5,3,FALSE,"Summer 2026_Communities"
"RTP","SYT",5,3,FALSE,"Summer 2026_Communities"
"SOG","SYT",1,3,FALSE,"Summer 2026_Communities"
"GBO (was GPT)","SYT",6,3,FALSE,"Summer 2026_Communities"
"GDW (wasGYW)","SYT",10,3,FALSE,"Summer 2026_Communities"
"PND","SYT",10,3,FALSE,"Summer 2026_Communities"
"PNG","SYT",10,3,FALSE,"Summer 2026_Communities"
"PNP","SYT",10,3,FALSE,"Summer 2026_Communities"
"ROO","SYT",11,3,FALSE,"Summer 2026_Communities"
"RLB","SYT",12,3,FALSE,"Summer 2026_Communities"
"ROY","SYT",14,3,FALSE,"Summer 2026_Communities"
"ROR","SYT",14,3,FALSE,"Summer 2026_Communities"
"SWS","SYT",14,3,FALSE,"Summer 2026_Communities"
"GDO","SYT",13,3,FALSE,"Summer 2026_Communities"
"PBS","SYT",13,3,FALSE,"Summer 2026_Communities"
"PNL","SYT",13,3,FALSE,"Summer 2026_Communities"
"PBP (was PBB)","SYT",13,3,FALSE,"Summer 2026_Communities"
"SRP","SYT",15,3,FALSE,"Summer 2026_Communities"
"GNT","SYT",15,3,FALSE,"Summer 2026_Communities"
"STT","SYT",16,3,FALSE,"Summer 2026_Communities"
"SGB","SYT",16,3,FALSE,"Summer 2026_Communities"
"RGT","SYT",16,3,FALSE,"Summer 2026_Communities"
"RTT","SYT",17,3,FALSE,"Summer 2026_Communities"
"CRY","SYT",17,3,FALSE,"Summer 2026_Communities"
"GDD (was GDR)","SYT",17,3,FALSE,"Summer 2026_Communities"
"GTR","SYT",17,3,FALSE,"Summer 2026_Communities"
"CGN","PBWorPWB",1,3,FALSE,"Summer 2026_Communities"
"GOS","PBWorPWB",3,3,TRUE,"Summer 2026_Communities"
"GBO (was GPT)","PBWorPWB",6,3,FALSE,"Summer 2026_Communities"
"GDW (wasGYW)","PBWorPWB",10,3,FALSE,"Summer 2026_Communities"
"GDO","PBWorPWB",13,3,FALSE,"Summer 2026_Communities"
"PBS","PBWorPWB",13,3,FALSE,"Summer 2026_Communities"
"PBP (was PBB)","PBWorPWB",13,3,FALSE,"Summer 2026_Communities"
"GNT","PBWorPWB",15,3,FALSE,"Summer 2026_Communities"
"CRY","PBWorPWB",17,3,FALSE,"Summer 2026_Communities"
"GDD (was GDR)","PBWorPWB",17,3,FALSE,"Summer 2026_Communities"
"GTR","PBWorPWB",17,3,FALSE,"Summer 2026_Communities"
"CGN","SWB",1,3,FALSE,"Summer 2026_Communities"
"RRY","SWB",2,3,FALSE,"Summer 2026_Communities"
"SDO","SWB",2,3,FALSE,"Summer 2026_Communities"
"RRR","SWB",2,3,FALSE,"Summer 2026_Communities"
"RRD","SWB",2,3,FALSE,"Summer 2026_Communities"
"GOS","SWB",3,3,TRUE,"Summer 2026_Communities"
"RSD","SWB",3,3,TRUE,"Summer 2026_Communities"
"PBWorPWB","SWB",3,3,TRUE,"Summer 2026_Communities"
"RBT","SWB",3,3,TRUE,"Summer 2026_Communities"
"RBP","SWB",3,3,TRUE,"Summer 2026_Communities"
"PNW","SWB",1,3,FALSE,"Summer 2026_Communities"
"SOT","SWB",1,3,FALSE,"Summer 2026_Communities"
"PLS","SWB",5,3,FALSE,"Summer 2026_Communities"
"RTP","SWB",5,3,FALSE,"Summer 2026_Communities"
"SOG","SWB",1,3,FALSE,"Summer 2026_Communities"
"GBO (was GPT)","SWB",6,3,FALSE,"Summer 2026_Communities"
"GDW (wasGYW)","SWB",10,3,FALSE,"Summer 2026_Communities"
"PND","SWB",10,3,FALSE,"Summer 2026_Communities"
"PNG","SWB",10,3,FALSE,"Summer 2026_Communities"
"PNP","SWB",10,3,FALSE,"Summer 2026_Communities"
"ROO","SWB",11,3,FALSE,"Summer 2026_Communities"
"RLB","SWB",12,3,FALSE,"Summer 2026_Communities"
"ROY","SWB",14,3,FALSE,"Summer 2026_Communities"
"ROR","SWB",14,3,FALSE,"Summer 2026_Communities"
"GDO","SWB",13,3,FALSE,"Summer 2026_Communities"
"PBS","SWB",13,3,FALSE,"Summer 2026_Communities"
"PNL","SWB",13,3,FALSE,"Summer 2026_Communities"
"PBP (was PBB)","SWB",13,3,FALSE,"Summer 2026_Communities"
"SRP","SWB",15,3,FALSE,"Summer 2026_Communities"
"GNT","SWB",15,3,FALSE,"Summer 2026_Communities"
"STT","SWB",16,3,FALSE,"Summer 2026_Communities"
"SGB","SWB",16,3,FALSE,"Summer 2026_Communities"
"RGT","SWB",16,3,FALSE,"Summer 2026_Communities"
"RTT","SWB",17,3,FALSE,"Summer 2026_Communities"
"CRY","SWB",17,3,FALSE,"Summer 2026_Communities"
"GDD (was GDR)","SWB",17,3,FALSE,"Summer 2026_Communities"
"GTR","SWB",17,3,FALSE,"Summer 2026_Communities"
"CGN","RBT",1,3,FALSE,"Summer 2026_Communities"
"GOS","RBT",3,3,TRUE,"Summer 2026_Communities"
"PBWorPWB","RBT",3,3,TRUE,"Summer 2026_Communities"
"RBP","RBT",3,3,TRUE,"Summer 2026_Communities"
"PNW","RBT",1,3,FALSE,"Summer 2026_Communities"
"PLS","RBT",5,3,FALSE,"Summer 2026_Communities"
"GBO (was GPT)","RBT",6,3,FALSE,"Summer 2026_Communities"
"GDW (wasGYW)","RBT",10,3,FALSE,"Summer 2026_Communities"
"PND","RBT",10,3,FALSE,"Summer 2026_Communities"
"PNG","RBT",10,3,FALSE,"Summer 2026_Communities"
"PNP","RBT",10,3,FALSE,"Summer 2026_Communities"
"GDO","RBT",13,3,FALSE,"Summer 2026_Communities"
"PBS","RBT",13,3,FALSE,"Summer 2026_Communities"
"PNL","RBT",13,3,FALSE,"Summer 2026_Communities"
"PBP (was PBB)","RBT",13,3,FALSE,"Summer 2026_Communities"
"GNT","RBT",15,3,FALSE,"Summer 2026_Communities"
"CRY","RBT",17,3,FALSE,"Summer 2026_Communities"
"GDD (was GDR)","RBT",17,3,FALSE,"Summer 2026_Communities"
"GTR","RBT",17,3,FALSE,"Summer 2026_Communities"
"CGN","SYR",1,3,FALSE,"Summer 2026_Communities"
"RRY","SYR",2,3,FALSE,"Summer 2026_Communities"
"SDO","SYR",2,3,FALSE,"Summer 2026_Communities"
"RRR","SYR",2,3,FALSE,"Summer 2026_Communities"
"RRD","SYR",2,3,FALSE,"Summer 2026_Communities"
"SWT","SYR",2,3,FALSE,"Summer 2026_Communities"
"SYO","SYR",3,3,TRUE,"Summer 2026_Communities"
"GOS","SYR",3,3,TRUE,"Summer 2026_Communities"
"RSD","SYR",3,3,TRUE,"Summer 2026_Communities"
"PBWorPWB","SYR",3,3,TRUE,"Summer 2026_Communities"
"SWB","SYR",3,3,TRUE,"Summer 2026_Communities"
"RBT","SYR",3,3,TRUE,"Summer 2026_Communities"
"RBP","SYR",3,3,TRUE,"Summer 2026_Communities"
"PNW","SYR",1,3,FALSE,"Summer 2026_Communities"
"SOT","SYR",1,3,FALSE,"Summer 2026_Communities"
"PLS","SYR",5,3,FALSE,"Summer 2026_Communities"
"RTP","SYR",5,3,FALSE,"Summer 2026_Communities"
"SOG","SYR",1,3,FALSE,"Summer 2026_Communities"
"GBO (was GPT)","SYR",6,3,FALSE,"Summer 2026_Communities"
"GDW (wasGYW)","SYR",10,3,FALSE,"Summer 2026_Communities"
"PND","SYR",10,3,FALSE,"Summer 2026_Communities"
"PNG","SYR",10,3,FALSE,"Summer 2026_Communities"
"PNP","SYR",10,3,FALSE,"Summer 2026_Communities"
"ROO","SYR",11,3,FALSE,"Summer 2026_Communities"
"RLB","SYR",12,3,FALSE,"Summer 2026_Communities"
"ROY","SYR",14,3,FALSE,"Summer 2026_Communities"
"ROR","SYR",14,3,FALSE,"Summer 2026_Communities"
"SWS","SYR",14,3,FALSE,"Summer 2026_Communities"
"GDO","SYR",13,3,FALSE,"Summer 2026_Communities"
"PBS","SYR",13,3,FALSE,"Summer 2026_Communities"
"PNL","SYR",13,3,FALSE,"Summer 2026_Communities"
"PBP (was PBB)","SYR",13,3,FALSE,"Summer 2026_Communities"
"SRP","SYR",15,3,FALSE,"Summer 2026_Communities"
"GNT","SYR",15,3,FALSE,"Summer 2026_Communities"
"STT","SYR",16,3,FALSE,"Summer 2026_Communities"
"SGB","SYR",16,3,FALSE,"Summer 2026_Communities"
"RGT","SYR",16,3,FALSE,"Summer 2026_Communities"
"RTT","SYR",17,3,FALSE,"Summer 2026_Communities"
"CRY","SYR",17,3,FALSE,"Summer 2026_Communities"
"GDD (was GDR)","SYR",17,3,FALSE,"Summer 2026_Communities"
"GTR","SYR",17,3,FALSE,"Summer 2026_Communities"
"CGN","RBP",1,3,FALSE,"Summer 2026_Communities"
"GOS","RBP",3,3,TRUE,"Summer 2026_Communities"
"PBWorPWB","RBP",3,3,TRUE,"Summer 2026_Communities"
"PNW","RBP",1,3,FALSE,"Summer 2026_Communities"
"PLS","RBP",5,3,FALSE,"Summer 2026_Communities"
"GBO (was GPT)","RBP",6,3,FALSE,"Summer 2026_Communities"
"GDW (wasGYW)","RBP",10,3,FALSE,"Summer 2026_Communities"
"PND","RBP",10,3,FALSE,"Summer 2026_Communities"
"PNG","RBP",10,3,FALSE,"Summer 2026_Communities"
"PNP","RBP",10,3,FALSE,"Summer 2026_Communities"
"GDO","RBP",13,3,FALSE,"Summer 2026_Communities"
"PBS","RBP",13,3,FALSE,"Summer 2026_Communities"
"PNL","RBP",13,3,FALSE,"Summer 2026_Communities"
"PBP (was PBB)","RBP",13,3,FALSE,"Summer 2026_Communities"
"GNT","RBP",15,3,FALSE,"Summer 2026_Communities"
"CRY","RBP",17,3,FALSE,"Summer 2026_Communities"
"GDD (was GDR)","RBP",17,3,FALSE,"Summer 2026_Communities"
"GTR","RBP",17,3,FALSE,"Summer 2026_Communities"
"CGN","YWD",1,4,FALSE,"Summer 2026_Communities"
"RRY","YWD",2,4,FALSE,"Summer 2026_Communities"
"SDO","YWD",2,4,FALSE,"Summer 2026_Communities"
"RRR","YWD",2,4,FALSE,"Summer 2026_Communities"
"RRD","YWD",2,4,FALSE,"Summer 2026_Communities"
"SWT","YWD",2,4,FALSE,"Summer 2026_Communities"
"SYO","YWD",3,4,FALSE,"Summer 2026_Communities"
"GOS","YWD",3,4,FALSE,"Summer 2026_Communities"
"RSD","YWD",3,4,FALSE,"Summer 2026_Communities"
"SYT","YWD",3,4,FALSE,"Summer 2026_Communities"
"PBWorPWB","YWD",3,4,FALSE,"Summer 2026_Communities"
"SWB","YWD",3,4,FALSE,"Summer 2026_Communities"
"RBT","YWD",3,4,FALSE,"Summer 2026_Communities"
"SYR","YWD",3,4,FALSE,"Summer 2026_Communities"
"RBP","YWD",3,4,FALSE,"Summer 2026_Communities"
"WBT","YWD",4,4,TRUE,"Summer 2026_Communities"
"PNW","YWD",1,4,FALSE,"Summer 2026_Communities"
"YDP","YWD",1,4,FALSE,"Summer 2026_Communities"
"SOT","YWD",1,4,FALSE,"Summer 2026_Communities"
"PLS","YWD",5,4,FALSE,"Summer 2026_Communities"
"YPS","YWD",5,4,FALSE,"Summer 2026_Communities"
"RTP","YWD",5,4,FALSE,"Summer 2026_Communities"
"SOG","YWD",1,4,FALSE,"Summer 2026_Communities"
"YBN","YWD",6,4,FALSE,"Summer 2026_Communities"
"WOG","YWD",6,4,FALSE,"Summer 2026_Communities"
"YDT","YWD",7,4,FALSE,"Summer 2026_Communities"
"WSY","YWD",6,4,FALSE,"Summer 2026_Communities"
"YDD","YWD",8,4,FALSE,"Summer 2026_Communities"
"WWB","YWD",6,4,FALSE,"Summer 2026_Communities"
"YGD","YWD",6,4,FALSE,"Summer 2026_Communities"
"YDW","YWD",6,4,FALSE,"Summer 2026_Communities"
"GBO (was GPT)","YWD",6,4,FALSE,"Summer 2026_Communities"
"YSR","YWD",9,4,FALSE,"Summer 2026_Communities"
"GDW (wasGYW)","YWD",10,4,FALSE,"Summer 2026_Communities"
"PND","YWD",10,4,FALSE,"Summer 2026_Communities"
"PNG","YWD",10,4,FALSE,"Summer 2026_Communities"
"PNP","YWD",10,4,FALSE,"Summer 2026_Communities"
"YOP","YWD",11,4,FALSE,"Summer 2026_Communities"
"ROO","YWD",11,4,FALSE,"Summer 2026_Communities"
"RLB","YWD",12,4,FALSE,"Summer 2026_Communities"
"YBT","YWD",13,4,FALSE,"Summer 2026_Communities"
"ROY","YWD",14,4,FALSE,"Summer 2026_Communities"
"WBO","YWD",14,4,FALSE,"Summer 2026_Communities"
"ROR","YWD",14,4,FALSE,"Summer 2026_Communities"
"YBY","YWD",13,4,FALSE,"Summer 2026_Communities"
"SWS","YWD",14,4,FALSE,"Summer 2026_Communities"
"YGY","YWD",13,4,FALSE,"Summer 2026_Communities"
"YND","YWD",13,4,FALSE,"Summer 2026_Communities"
"GDO","YWD",13,4,FALSE,"Summer 2026_Communities"
"PBS","YWD",13,4,FALSE,"Summer 2026_Communities"
"PNL","YWD",13,4,FALSE,"Summer 2026_Communities"
"PBP (was PBB)","YWD",13,4,FALSE,"Summer 2026_Communities"
"WWD","YWD",15,4,FALSE,"Summer 2026_Communities"
"SRP","YWD",15,4,FALSE,"Summer 2026_Communities"
"GNT","YWD",15,4,FALSE,"Summer 2026_Communities"
"WDN","YWD",15,4,FALSE,"Summer 2026_Communities"
"WDW","YWD",15,4,FALSE,"Summer 2026_Communities"
"STT","YWD",16,4,FALSE,"Summer 2026_Communities"
"SGB","YWD",16,4,FALSE,"Summer 2026_Communities"
"RGT","YWD",16,4,FALSE,"Summer 2026_Communities"
"YPW","YWD",16,4,FALSE,"Summer 2026_Communities"
"RTT","YWD",17,4,FALSE,"Summer 2026_Communities"
"WYD","YWD",17,4,FALSE,"Summer 2026_Communities"
"CRY","YWD",17,4,FALSE,"Summer 2026_Communities"
"GDD (was GDR)","YWD",17,4,FALSE,"Summer 2026_Communities"
"WDG","YWD",17,4,FALSE,"Summer 2026_Communities"
"GTR","YWD",17,4,FALSE,"Summer 2026_Communities"
"CGN","WBT",1,4,FALSE,"Summer 2026_Communities"
"RRY","WBT",2,4,FALSE,"Summer 2026_Communities"
"SDO","WBT",2,4,FALSE,"Summer 2026_Communities"
"RRR","WBT",2,4,FALSE,"Summer 2026_Communities"
"RRD","WBT",2,4,FALSE,"Summer 2026_Communities"
"SWT","WBT",2,4,FALSE,"Summer 2026_Communities"
"SYO","WBT",3,4,FALSE,"Summer 2026_Communities"
"GOS","WBT",3,4,FALSE,"Summer 2026_Communities"
"RSD","WBT",3,4,FALSE,"Summer 2026_Communities"
"SYT","WBT",3,4,FALSE,"Summer 2026_Communities"
"PBWorPWB","WBT",3,4,FALSE,"Summer 2026_Communities"
"SWB","WBT",3,4,FALSE,"Summer 2026_Communities"
"RBT","WBT",3,4,FALSE,"Summer 2026_Communities"
"SYR","WBT",3,4,FALSE,"Summer 2026_Communities"
"RBP","WBT",3,4,FALSE,"Summer 2026_Communities"
"PNW","WBT",1,4,FALSE,"Summer 2026_Communities"
"SOT","WBT",1,4,FALSE,"Summer 2026_Communities"
"PLS","WBT",5,4,FALSE,"Summer 2026_Communities"
"RTP","WBT",5,4,FALSE,"Summer 2026_Communities"
"SOG","WBT",1,4,FALSE,"Summer 2026_Communities"
"GBO (was GPT)","WBT",6,4,FALSE,"Summer 2026_Communities"
"GDW (wasGYW)","WBT",10,4,FALSE,"Summer 2026_Communities"
"PND","WBT",10,4,FALSE,"Summer 2026_Communities"
"PNG","WBT",10,4,FALSE,"Summer 2026_Communities"
"PNP","WBT",10,4,FALSE,"Summer 2026_Communities"
"ROO","WBT",11,4,FALSE,"Summer 2026_Communities"
"RLB","WBT",12,4,FALSE,"Summer 2026_Communities"
"ROY","WBT",14,4,FALSE,"Summer 2026_Communities"
"WBO","WBT",14,4,FALSE,"Summer 2026_Communities"
"ROR","WBT",14,4,FALSE,"Summer 2026_Communities"
"SWS","WBT",14,4,FALSE,"Summer 2026_Communities"
"GDO","WBT",13,4,FALSE,"Summer 2026_Communities"
"PBS","WBT",13,4,FALSE,"Summer 2026_Communities"
"PNL","WBT",13,4,FALSE,"Summer 2026_Communities"
"PBP (was PBB)","WBT",13,4,FALSE,"Summer 2026_Communities"
"SRP","WBT",15,4,FALSE,"Summer 2026_Communities"
"GNT","WBT",15,4,FALSE,"Summer 2026_Communities"
"STT","WBT",16,4,FALSE,"Summer 2026_Communities"
"SGB","WBT",16,4,FALSE,"Summer 2026_Communities"
"RGT","WBT",16,4,FALSE,"Summer 2026_Communities"
"RTT","WBT",17,4,FALSE,"Summer 2026_Communities"
"CRY","WBT",17,4,FALSE,"Summer 2026_Communities"
"GDD (was GDR)","WBT",17,4,FALSE,"Summer 2026_Communities"
"GTR","WBT",17,4,FALSE,"Summer 2026_Communities"
"CGN","PNW",1,1,TRUE,"Summer 2026_Communities"
"GOS","PNW",3,1,FALSE,"Summer 2026_Communities"
"PBWorPWB","PNW",3,1,FALSE,"Summer 2026_Communities"
"PLS","PNW",5,1,FALSE,"Summer 2026_Communities"
"GBO (was GPT)","PNW",6,1,FALSE,"Summer 2026_Communities"
"GDW (wasGYW)","PNW",10,1,FALSE,"Summer 2026_Communities"
"PND","PNW",10,1,FALSE,"Summer 2026_Communities"
"PNG","PNW",10,1,FALSE,"Summer 2026_Communities"
"PNP","PNW",10,1,FALSE,"Summer 2026_Communities"
"GDO","PNW",13,1,FALSE,"Summer 2026_Communities"
"PBS","PNW",13,1,FALSE,"Summer 2026_Communities"
"PNL","PNW",13,1,FALSE,"Summer 2026_Communities"
"PBP (was PBB)","PNW",13,1,FALSE,"Summer 2026_Communities"
"GNT","PNW",15,1,FALSE,"Summer 2026_Communities"
"CRY","PNW",17,1,FALSE,"Summer 2026_Communities"
"GDD (was GDR)","PNW",17,1,FALSE,"Summer 2026_Communities"
"GTR","PNW",17,1,FALSE,"Summer 2026_Communities"
"CGN","YDP",1,1,TRUE,"Summer 2026_Communities"
"RRY","YDP",2,1,FALSE,"Summer 2026_Communities"
"SDO","YDP",2,1,FALSE,"Summer 2026_Communities"
"RRR","YDP",2,1,FALSE,"Summer 2026_Communities"
"RRD","YDP",2,1,FALSE,"Summer 2026_Communities"
"SWT","YDP",2,1,FALSE,"Summer 2026_Communities"
"SYO","YDP",3,1,FALSE,"Summer 2026_Communities"
"GOS","YDP",3,1,FALSE,"Summer 2026_Communities"
"RSD","YDP",3,1,FALSE,"Summer 2026_Communities"
"SYT","YDP",3,1,FALSE,"Summer 2026_Communities"
"PBWorPWB","YDP",3,1,FALSE,"Summer 2026_Communities"
"SWB","YDP",3,1,FALSE,"Summer 2026_Communities"
"RBT","YDP",3,1,FALSE,"Summer 2026_Communities"
"SYR","YDP",3,1,FALSE,"Summer 2026_Communities"
"RBP","YDP",3,1,FALSE,"Summer 2026_Communities"
"WBT","YDP",4,1,FALSE,"Summer 2026_Communities"
"PNW","YDP",1,1,TRUE,"Summer 2026_Communities"
"SOT","YDP",1,1,TRUE,"Summer 2026_Communities"
"PLS","YDP",5,1,FALSE,"Summer 2026_Communities"
"RTP","YDP",5,1,FALSE,"Summer 2026_Communities"
"SOG","YDP",1,1,TRUE,"Summer 2026_Communities"
"YBN","YDP",6,1,FALSE,"Summer 2026_Communities"
"WOG","YDP",6,1,FALSE,"Summer 2026_Communities"
"WSY","YDP",6,1,FALSE,"Summer 2026_Communities"
"YDD","YDP",8,1,FALSE,"Summer 2026_Communities"
"WWB","YDP",6,1,FALSE,"Summer 2026_Communities"
"GBO (was GPT)","YDP",6,1,FALSE,"Summer 2026_Communities"
"GDW (wasGYW)","YDP",10,1,FALSE,"Summer 2026_Communities"
"PND","YDP",10,1,FALSE,"Summer 2026_Communities"
"PNG","YDP",10,1,FALSE,"Summer 2026_Communities"
"PNP","YDP",10,1,FALSE,"Summer 2026_Communities"
"ROO","YDP",11,1,FALSE,"Summer 2026_Communities"
"RLB","YDP",12,1,FALSE,"Summer 2026_Communities"
"YBT","YDP",13,1,FALSE,"Summer 2026_Communities"
"ROY","YDP",14,1,FALSE,"Summer 2026_Communities"
"WBO","YDP",14,1,FALSE,"Summer 2026_Communities"
"ROR","YDP",14,1,FALSE,"Summer 2026_Communities"
"YBY","YDP",13,1,FALSE,"Summer 2026_Communities"
"SWS","YDP",14,1,FALSE,"Summer 2026_Communities"
"GDO","YDP",13,1,FALSE,"Summer 2026_Communities"
"PBS","YDP",13,1,FALSE,"Summer 2026_Communities"
"PNL","YDP",13,1,FALSE,"Summer 2026_Communities"
"PBP (was PBB)","YDP",13,1,FALSE,"Summer 2026_Communities"
"WWD","YDP",15,1,FALSE,"Summer 2026_Communities"
"SRP","YDP",15,1,FALSE,"Summer 2026_Communities"
"GNT","YDP",15,1,FALSE,"Summer 2026_Communities"
"WDN","YDP",15,1,FALSE,"Summer 2026_Communities"
"WDW","YDP",15,1,FALSE,"Summer 2026_Communities"
"STT","YDP",16,1,FALSE,"Summer 2026_Communities"
"SGB","YDP",16,1,FALSE,"Summer 2026_Communities"
"RGT","YDP",16,1,FALSE,"Summer 2026_Communities"
"RTT","YDP",17,1,FALSE,"Summer 2026_Communities"
"WYD","YDP",17,1,FALSE,"Summer 2026_Communities"
"CRY","YDP",17,1,FALSE,"Summer 2026_Communities"
"GDD (was GDR)","YDP",17,1,FALSE,"Summer 2026_Communities"
"WDG","YDP",17,1,FALSE,"Summer 2026_Communities"
"GTR","YDP",17,1,FALSE,"Summer 2026_Communities"
"CGN","SOT",1,1,TRUE,"Summer 2026_Communities"
"RRY","SOT",2,1,FALSE,"Summer 2026_Communities"
"SDO","SOT",2,1,FALSE,"Summer 2026_Communities"
"RRR","SOT",2,1,FALSE,"Summer 2026_Communities"
"RRD","SOT",2,1,FALSE,"Summer 2026_Communities"
"GOS","SOT",3,1,FALSE,"Summer 2026_Communities"
"RSD","SOT",3,1,FALSE,"Summer 2026_Communities"
"PBWorPWB","SOT",3,1,FALSE,"Summer 2026_Communities"
"RBT","SOT",3,1,FALSE,"Summer 2026_Communities"
"RBP","SOT",3,1,FALSE,"Summer 2026_Communities"
"PNW","SOT",1,1,TRUE,"Summer 2026_Communities"
"PLS","SOT",5,1,FALSE,"Summer 2026_Communities"
"RTP","SOT",5,1,FALSE,"Summer 2026_Communities"
"SOG","SOT",1,1,TRUE,"Summer 2026_Communities"
"GBO (was GPT)","SOT",6,1,FALSE,"Summer 2026_Communities"
"GDW (wasGYW)","SOT",10,1,FALSE,"Summer 2026_Communities"
"PND","SOT",10,1,FALSE,"Summer 2026_Communities"
"PNG","SOT",10,1,FALSE,"Summer 2026_Communities"
"PNP","SOT",10,1,FALSE,"Summer 2026_Communities"
"ROO","SOT",11,1,FALSE,"Summer 2026_Communities"
"RLB","SOT",12,1,FALSE,"Summer 2026_Communities"
"ROY","SOT",14,1,FALSE,"Summer 2026_Communities"
"ROR","SOT",14,1,FALSE,"Summer 2026_Communities"
"GDO","SOT",13,1,FALSE,"Summer 2026_Communities"
"PBS","SOT",13,1,FALSE,"Summer 2026_Communities"
"PNL","SOT",13,1,FALSE,"Summer 2026_Communities"
"PBP (was PBB)","SOT",13,1,FALSE,"Summer 2026_Communities"
"GNT","SOT",15,1,FALSE,"Summer 2026_Communities"
"SGB","SOT",16,1,FALSE,"Summer 2026_Communities"
"RGT","SOT",16,1,FALSE,"Summer 2026_Communities"
"RTT","SOT",17,1,FALSE,"Summer 2026_Communities"
"CRY","SOT",17,1,FALSE,"Summer 2026_Communities"
"GDD (was GDR)","SOT",17,1,FALSE,"Summer 2026_Communities"
"GTR","SOT",17,1,FALSE,"Summer 2026_Communities"
"CGN","PLS",1,5,FALSE,"Summer 2026_Communities"
"GOS","PLS",3,5,FALSE,"Summer 2026_Communities"
"PBWorPWB","PLS",3,5,FALSE,"Summer 2026_Communities"
"GBO (was GPT)","PLS",6,5,FALSE,"Summer 2026_Communities"
"GDW (wasGYW)","PLS",10,5,FALSE,"Summer 2026_Communities"
"GDO","PLS",13,5,FALSE,"Summer 2026_Communities"
"PBS","PLS",13,5,FALSE,"Summer 2026_Communities"
"PBP (was PBB)","PLS",13,5,FALSE,"Summer 2026_Communities"
"GNT","PLS",15,5,FALSE,"Summer 2026_Communities"
"CRY","PLS",17,5,FALSE,"Summer 2026_Communities"
"GDD (was GDR)","PLS",17,5,FALSE,"Summer 2026_Communities"
"GTR","PLS",17,5,FALSE,"Summer 2026_Communities"
"CGN","YPS",1,5,FALSE,"Summer 2026_Communities"
"RRY","YPS",2,5,FALSE,"Summer 2026_Communities"
"SDO","YPS",2,5,FALSE,"Summer 2026_Communities"
"RRR","YPS",2,5,FALSE,"Summer 2026_Communities"
"RRD","YPS",2,5,FALSE,"Summer 2026_Communities"
"SWT","YPS",2,5,FALSE,"Summer 2026_Communities"
"SYO","YPS",3,5,FALSE,"Summer 2026_Communities"
"GOS","YPS",3,5,FALSE,"Summer 2026_Communities"
"RSD","YPS",3,5,FALSE,"Summer 2026_Communities"
"SYT","YPS",3,5,FALSE,"Summer 2026_Communities"
"PBWorPWB","YPS",3,5,FALSE,"Summer 2026_Communities"
"SWB","YPS",3,5,FALSE,"Summer 2026_Communities"
"RBT","YPS",3,5,FALSE,"Summer 2026_Communities"
"SYR","YPS",3,5,FALSE,"Summer 2026_Communities"
"RBP","YPS",3,5,FALSE,"Summer 2026_Communities"
"WBT","YPS",4,5,FALSE,"Summer 2026_Communities"
"PNW","YPS",1,5,FALSE,"Summer 2026_Communities"
"YDP","YPS",1,5,FALSE,"Summer 2026_Communities"
"SOT","YPS",1,5,FALSE,"Summer 2026_Communities"
"PLS","YPS",5,5,TRUE,"Summer 2026_Communities"
"RTP","YPS",5,5,TRUE,"Summer 2026_Communities"
"SOG","YPS",1,5,FALSE,"Summer 2026_Communities"
"YBN","YPS",6,5,FALSE,"Summer 2026_Communities"
"WOG","YPS",6,5,FALSE,"Summer 2026_Communities"
"YDT","YPS",7,5,FALSE,"Summer 2026_Communities"
"WSY","YPS",6,5,FALSE,"Summer 2026_Communities"
"YDD","YPS",8,5,FALSE,"Summer 2026_Communities"
"WWB","YPS",6,5,FALSE,"Summer 2026_Communities"
"YGD","YPS",6,5,FALSE,"Summer 2026_Communities"
"YDW","YPS",6,5,FALSE,"Summer 2026_Communities"
"GBO (was GPT)","YPS",6,5,FALSE,"Summer 2026_Communities"
"GDW (wasGYW)","YPS",10,5,FALSE,"Summer 2026_Communities"
"PND","YPS",10,5,FALSE,"Summer 2026_Communities"
"PNG","YPS",10,5,FALSE,"Summer 2026_Communities"
"PNP","YPS",10,5,FALSE,"Summer 2026_Communities"
"YOP","YPS",11,5,FALSE,"Summer 2026_Communities"
"ROO","YPS",11,5,FALSE,"Summer 2026_Communities"
"RLB","YPS",12,5,FALSE,"Summer 2026_Communities"
"YBT","YPS",13,5,FALSE,"Summer 2026_Communities"
"ROY","YPS",14,5,FALSE,"Summer 2026_Communities"
"WBO","YPS",14,5,FALSE,"Summer 2026_Communities"
"ROR","YPS",14,5,FALSE,"Summer 2026_Communities"
"YBY","YPS",13,5,FALSE,"Summer 2026_Communities"
"SWS","YPS",14,5,FALSE,"Summer 2026_Communities"
"YGY","YPS",13,5,FALSE,"Summer 2026_Communities"
"YND","YPS",13,5,FALSE,"Summer 2026_Communities"
"GDO","YPS",13,5,FALSE,"Summer 2026_Communities"
"PBS","YPS",13,5,FALSE,"Summer 2026_Communities"
"PNL","YPS",13,5,FALSE,"Summer 2026_Communities"
"PBP (was PBB)","YPS",13,5,FALSE,"Summer 2026_Communities"
"WWD","YPS",15,5,FALSE,"Summer 2026_Communities"
"SRP","YPS",15,5,FALSE,"Summer 2026_Communities"
"GNT","YPS",15,5,FALSE,"Summer 2026_Communities"
"WDN","YPS",15,5,FALSE,"Summer 2026_Communities"
"WDW","YPS",15,5,FALSE,"Summer 2026_Communities"
"STT","YPS",16,5,FALSE,"Summer 2026_Communities"
"SGB","YPS",16,5,FALSE,"Summer 2026_Communities"
"RGT","YPS",16,5,FALSE,"Summer 2026_Communities"
"RTT","YPS",17,5,FALSE,"Summer 2026_Communities"
"WYD","YPS",17,5,FALSE,"Summer 2026_Communities"
"CRY","YPS",17,5,FALSE,"Summer 2026_Communities"
"GDD (was GDR)","YPS",17,5,FALSE,"Summer 2026_Communities"
"WDG","YPS",17,5,FALSE,"Summer 2026_Communities"
"GTR","YPS",17,5,FALSE,"Summer 2026_Communities"
"CGN","RTP",1,5,FALSE,"Summer 2026_Communities"
"RRY","RTP",2,5,FALSE,"Summer 2026_Communities"
"RRR","RTP",2,5,FALSE,"Summer 2026_Communities"
"RRD","RTP",2,5,FALSE,"Summer 2026_Communities"
"GOS","RTP",3,5,FALSE,"Summer 2026_Communities"
"RSD","RTP",3,5,FALSE,"Summer 2026_Communities"
"PBWorPWB","RTP",3,5,FALSE,"Summer 2026_Communities"
"RBT","RTP",3,5,FALSE,"Summer 2026_Communities"
"RBP","RTP",3,5,FALSE,"Summer 2026_Communities"
"PNW","RTP",1,5,FALSE,"Summer 2026_Communities"
"PLS","RTP",5,5,TRUE,"Summer 2026_Communities"
"GBO (was GPT)","RTP",6,5,FALSE,"Summer 2026_Communities"
"GDW (wasGYW)","RTP",10,5,FALSE,"Summer 2026_Communities"
"PND","RTP",10,5,FALSE,"Summer 2026_Communities"
"PNG","RTP",10,5,FALSE,"Summer 2026_Communities"
"PNP","RTP",10,5,FALSE,"Summer 2026_Communities"
"ROO","RTP",11,5,FALSE,"Summer 2026_Communities"
"RLB","RTP",12,5,FALSE,"Summer 2026_Communities"
"ROY","RTP",14,5,FALSE,"Summer 2026_Communities"
"ROR","RTP",14,5,FALSE,"Summer 2026_Communities"
"GDO","RTP",13,5,FALSE,"Summer 2026_Communities"
"PBS","RTP",13,5,FALSE,"Summer 2026_Communities"
"PNL","RTP",13,5,FALSE,"Summer 2026_Communities"
"PBP (was PBB)","RTP",13,5,FALSE,"Summer 2026_Communities"
"GNT","RTP",15,5,FALSE,"Summer 2026_Communities"
"RGT","RTP",16,5,FALSE,"Summer 2026_Communities"
"CRY","RTP",17,5,FALSE,"Summer 2026_Communities"
"GDD (was GDR)","RTP",17,5,FALSE,"Summer 2026_Communities"
"GTR","RTP",17,5,FALSE,"Summer 2026_Communities"
"CGN","SOG",1,1,TRUE,"Summer 2026_Communities"
"RRY","SOG",2,1,FALSE,"Summer 2026_Communities"
"SDO","SOG",2,1,FALSE,"Summer 2026_Communities"
"RRR","SOG",2,1,FALSE,"Summer 2026_Communities"
"RRD","SOG",2,1,FALSE,"Summer 2026_Communities"
"GOS","SOG",3,1,FALSE,"Summer 2026_Communities"
"RSD","SOG",3,1,FALSE,"Summer 2026_Communities"
"PBWorPWB","SOG",3,1,FALSE,"Summer 2026_Communities"
"RBT","SOG",3,1,FALSE,"Summer 2026_Communities"
"RBP","SOG",3,1,FALSE,"Summer 2026_Communities"
"PNW","SOG",1,1,TRUE,"Summer 2026_Communities"
"PLS","SOG",5,1,FALSE,"Summer 2026_Communities"
"RTP","SOG",5,1,FALSE,"Summer 2026_Communities"
"GBO (was GPT)","SOG",6,1,FALSE,"Summer 2026_Communities"
"GDW (wasGYW)","SOG",10,1,FALSE,"Summer 2026_Communities"
"PND","SOG",10,1,FALSE,"Summer 2026_Communities"
"PNG","SOG",10,1,FALSE,"Summer 2026_Communities"
"PNP","SOG",10,1,FALSE,"Summer 2026_Communities"
"ROO","SOG",11,1,FALSE,"Summer 2026_Communities"
"RLB","SOG",12,1,FALSE,"Summer 2026_Communities"
"ROY","SOG",14,1,FALSE,"Summer 2026_Communities"
"ROR","SOG",14,1,FALSE,"Summer 2026_Communities"
"GDO","SOG",13,1,FALSE,"Summer 2026_Communities"
"PBS","SOG",13,1,FALSE,"Summer 2026_Communities"
"PNL","SOG",13,1,FALSE,"Summer 2026_Communities"
"PBP (was PBB)","SOG",13,1,FALSE,"Summer 2026_Communities"
"GNT","SOG",15,1,FALSE,"Summer 2026_Communities"
"SGB","SOG",16,1,FALSE,"Summer 2026_Communities"
"RGT","SOG",16,1,FALSE,"Summer 2026_Communities"
"RTT","SOG",17,1,FALSE,"Summer 2026_Communities"
"CRY","SOG",17,1,FALSE,"Summer 2026_Communities"
"GDD (was GDR)","SOG",17,1,FALSE,"Summer 2026_Communities"
"GTR","SOG",17,1,FALSE,"Summer 2026_Communities"
"CGN","YBN",1,6,FALSE,"Summer 2026_Communities"
"RRY","YBN",2,6,FALSE,"Summer 2026_Communities"
"SDO","YBN",2,6,FALSE,"Summer 2026_Communities"
"RRR","YBN",2,6,FALSE,"Summer 2026_Communities"
"RRD","YBN",2,6,FALSE,"Summer 2026_Communities"
"SWT","YBN",2,6,FALSE,"Summer 2026_Communities"
"SYO","YBN",3,6,FALSE,"Summer 2026_Communities"
"GOS","YBN",3,6,FALSE,"Summer 2026_Communities"
"RSD","YBN",3,6,FALSE,"Summer 2026_Communities"
"SYT","YBN",3,6,FALSE,"Summer 2026_Communities"
"PBWorPWB","YBN",3,6,FALSE,"Summer 2026_Communities"
"SWB","YBN",3,6,FALSE,"Summer 2026_Communities"
"RBT","YBN",3,6,FALSE,"Summer 2026_Communities"
"SYR","YBN",3,6,FALSE,"Summer 2026_Communities"
"RBP","YBN",3,6,FALSE,"Summer 2026_Communities"
"WBT","YBN",4,6,FALSE,"Summer 2026_Communities"
"PNW","YBN",1,6,FALSE,"Summer 2026_Communities"
"SOT","YBN",1,6,FALSE,"Summer 2026_Communities"
"PLS","YBN",5,6,FALSE,"Summer 2026_Communities"
"RTP","YBN",5,6,FALSE,"Summer 2026_Communities"
"SOG","YBN",1,6,FALSE,"Summer 2026_Communities"
"WOG","YBN",6,6,TRUE,"Summer 2026_Communities"
"WSY","YBN",6,6,TRUE,"Summer 2026_Communities"
"WWB","YBN",6,6,TRUE,"Summer 2026_Communities"
"GBO (was GPT)","YBN",6,6,TRUE,"Summer 2026_Communities"
"GDW (wasGYW)","YBN",10,6,FALSE,"Summer 2026_Communities"
"PND","YBN",10,6,FALSE,"Summer 2026_Communities"
"PNG","YBN",10,6,FALSE,"Summer 2026_Communities"
"PNP","YBN",10,6,FALSE,"Summer 2026_Communities"
"ROO","YBN",11,6,FALSE,"Summer 2026_Communities"
"RLB","YBN",12,6,FALSE,"Summer 2026_Communities"
"ROY","YBN",14,6,FALSE,"Summer 2026_Communities"
"WBO","YBN",14,6,FALSE,"Summer 2026_Communities"
"ROR","YBN",14,6,FALSE,"Summer 2026_Communities"
"SWS","YBN",14,6,FALSE,"Summer 2026_Communities"
"GDO","YBN",13,6,FALSE,"Summer 2026_Communities"
"PBS","YBN",13,6,FALSE,"Summer 2026_Communities"
"PNL","YBN",13,6,FALSE,"Summer 2026_Communities"
"PBP (was PBB)","YBN",13,6,FALSE,"Summer 2026_Communities"
"WWD","YBN",15,6,FALSE,"Summer 2026_Communities"
"SRP","YBN",15,6,FALSE,"Summer 2026_Communities"
"GNT","YBN",15,6,FALSE,"Summer 2026_Communities"
"WDN","YBN",15,6,FALSE,"Summer 2026_Communities"
"WDW","YBN",15,6,FALSE,"Summer 2026_Communities"
"STT","YBN",16,6,FALSE,"Summer 2026_Communities"
"SGB","YBN",16,6,FALSE,"Summer 2026_Communities"
"RGT","YBN",16,6,FALSE,"Summer 2026_Communities"
"RTT","YBN",17,6,FALSE,"Summer 2026_Communities"
"WYD","YBN",17,6,FALSE,"Summer 2026_Communities"
"CRY","YBN",17,6,FALSE,"Summer 2026_Communities"
"GDD (was GDR)","YBN",17,6,FALSE,"Summer 2026_Communities"
"WDG","YBN",17,6,FALSE,"Summer 2026_Communities"
"GTR","YBN",17,6,FALSE,"Summer 2026_Communities"
"CGN","WOG",1,6,FALSE,"Summer 2026_Communities"
"RRY","WOG",2,6,FALSE,"Summer 2026_Communities"
"SDO","WOG",2,6,FALSE,"Summer 2026_Communities"
"RRR","WOG",2,6,FALSE,"Summer 2026_Communities"
"RRD","WOG",2,6,FALSE,"Summer 2026_Communities"
"SWT","WOG",2,6,FALSE,"Summer 2026_Communities"
"SYO","WOG",3,6,FALSE,"Summer 2026_Communities"
"GOS","WOG",3,6,FALSE,"Summer 2026_Communities"
"RSD","WOG",3,6,FALSE,"Summer 2026_Communities"
"SYT","WOG",3,6,FALSE,"Summer 2026_Communities"
"PBWorPWB","WOG",3,6,FALSE,"Summer 2026_Communities"
"SWB","WOG",3,6,FALSE,"Summer 2026_Communities"
"RBT","WOG",3,6,FALSE,"Summer 2026_Communities"
"SYR","WOG",3,6,FALSE,"Summer 2026_Communities"
"RBP","WOG",3,6,FALSE,"Summer 2026_Communities"
"WBT","WOG",4,6,FALSE,"Summer 2026_Communities"
"PNW","WOG",1,6,FALSE,"Summer 2026_Communities"
"SOT","WOG",1,6,FALSE,"Summer 2026_Communities"
"PLS","WOG",5,6,FALSE,"Summer 2026_Communities"
"RTP","WOG",5,6,FALSE,"Summer 2026_Communities"
"SOG","WOG",1,6,FALSE,"Summer 2026_Communities"
"GBO (was GPT)","WOG",6,6,TRUE,"Summer 2026_Communities"
"GDW (wasGYW)","WOG",10,6,FALSE,"Summer 2026_Communities"
"PND","WOG",10,6,FALSE,"Summer 2026_Communities"
"PNG","WOG",10,6,FALSE,"Summer 2026_Communities"
"PNP","WOG",10,6,FALSE,"Summer 2026_Communities"
"ROO","WOG",11,6,FALSE,"Summer 2026_Communities"
"RLB","WOG",12,6,FALSE,"Summer 2026_Communities"
"ROY","WOG",14,6,FALSE,"Summer 2026_Communities"
"WBO","WOG",14,6,FALSE,"Summer 2026_Communities"
"ROR","WOG",14,6,FALSE,"Summer 2026_Communities"
"SWS","WOG",14,6,FALSE,"Summer 2026_Communities"
"GDO","WOG",13,6,FALSE,"Summer 2026_Communities"
"PBS","WOG",13,6,FALSE,"Summer 2026_Communities"
"PNL","WOG",13,6,FALSE,"Summer 2026_Communities"
"PBP (was PBB)","WOG",13,6,FALSE,"Summer 2026_Communities"
"SRP","WOG",15,6,FALSE,"Summer 2026_Communities"
"GNT","WOG",15,6,FALSE,"Summer 2026_Communities"
"WDN","WOG",15,6,FALSE,"Summer 2026_Communities"
"WDW","WOG",15,6,FALSE,"Summer 2026_Communities"
"STT","WOG",16,6,FALSE,"Summer 2026_Communities"
"SGB","WOG",16,6,FALSE,"Summer 2026_Communities"
"RGT","WOG",16,6,FALSE,"Summer 2026_Communities"
"RTT","WOG",17,6,FALSE,"Summer 2026_Communities"
"CRY","WOG",17,6,FALSE,"Summer 2026_Communities"
"GDD (was GDR)","WOG",17,6,FALSE,"Summer 2026_Communities"
"WDG","WOG",17,6,FALSE,"Summer 2026_Communities"
"GTR","WOG",17,6,FALSE,"Summer 2026_Communities"
"CGN","YWS",1,7,FALSE,"Summer 2026_Communities"
"RRY","YWS",2,7,FALSE,"Summer 2026_Communities"
"SDO","YWS",2,7,FALSE,"Summer 2026_Communities"
"RRR","YWS",2,7,FALSE,"Summer 2026_Communities"
"RRD","YWS",2,7,FALSE,"Summer 2026_Communities"
"SWT","YWS",2,7,FALSE,"Summer 2026_Communities"
"SYO","YWS",3,7,FALSE,"Summer 2026_Communities"
"GOS","YWS",3,7,FALSE,"Summer 2026_Communities"
"RSD","YWS",3,7,FALSE,"Summer 2026_Communities"
"SYT","YWS",3,7,FALSE,"Summer 2026_Communities"
"PBWorPWB","YWS",3,7,FALSE,"Summer 2026_Communities"
"SWB","YWS",3,7,FALSE,"Summer 2026_Communities"
"RBT","YWS",3,7,FALSE,"Summer 2026_Communities"
"SYR","YWS",3,7,FALSE,"Summer 2026_Communities"
"RBP","YWS",3,7,FALSE,"Summer 2026_Communities"
"YWD","YWS",4,7,FALSE,"Summer 2026_Communities"
"WBT","YWS",4,7,FALSE,"Summer 2026_Communities"
"PNW","YWS",1,7,FALSE,"Summer 2026_Communities"
"YDP","YWS",1,7,FALSE,"Summer 2026_Communities"
"SOT","YWS",1,7,FALSE,"Summer 2026_Communities"
"PLS","YWS",5,7,FALSE,"Summer 2026_Communities"
"YPS","YWS",5,7,FALSE,"Summer 2026_Communities"
"RTP","YWS",5,7,FALSE,"Summer 2026_Communities"
"SOG","YWS",1,7,FALSE,"Summer 2026_Communities"
"YBN","YWS",6,7,FALSE,"Summer 2026_Communities"
"WOG","YWS",6,7,FALSE,"Summer 2026_Communities"
"YDT","YWS",7,7,TRUE,"Summer 2026_Communities"
"WSY","YWS",6,7,FALSE,"Summer 2026_Communities"
"YDD","YWS",8,7,FALSE,"Summer 2026_Communities"
"WWB","YWS",6,7,FALSE,"Summer 2026_Communities"
"YGD","YWS",6,7,FALSE,"Summer 2026_Communities"
"YDW","YWS",6,7,FALSE,"Summer 2026_Communities"
"GBO (was GPT)","YWS",6,7,FALSE,"Summer 2026_Communities"
"YSR","YWS",9,7,FALSE,"Summer 2026_Communities"
"GDW (wasGYW)","YWS",10,7,FALSE,"Summer 2026_Communities"
"PND","YWS",10,7,FALSE,"Summer 2026_Communities"
"PNG","YWS",10,7,FALSE,"Summer 2026_Communities"
"PNP","YWS",10,7,FALSE,"Summer 2026_Communities"
"YOP","YWS",11,7,FALSE,"Summer 2026_Communities"
"ROO","YWS",11,7,FALSE,"Summer 2026_Communities"
"RLB","YWS",12,7,FALSE,"Summer 2026_Communities"
"YBT","YWS",13,7,FALSE,"Summer 2026_Communities"
"ROY","YWS",14,7,FALSE,"Summer 2026_Communities"
"WBO","YWS",14,7,FALSE,"Summer 2026_Communities"
"ROR","YWS",14,7,FALSE,"Summer 2026_Communities"
"YBY","YWS",13,7,FALSE,"Summer 2026_Communities"
"SWS","YWS",14,7,FALSE,"Summer 2026_Communities"
"YGY","YWS",13,7,FALSE,"Summer 2026_Communities"
"YND","YWS",13,7,FALSE,"Summer 2026_Communities"
"GDO","YWS",13,7,FALSE,"Summer 2026_Communities"
"PBS","YWS",13,7,FALSE,"Summer 2026_Communities"
"PNL","YWS",13,7,FALSE,"Summer 2026_Communities"
"PBP (was PBB)","YWS",13,7,FALSE,"Summer 2026_Communities"
"WWD","YWS",15,7,FALSE,"Summer 2026_Communities"
"SRP","YWS",15,7,FALSE,"Summer 2026_Communities"
"GNT","YWS",15,7,FALSE,"Summer 2026_Communities"
"WDN","YWS",15,7,FALSE,"Summer 2026_Communities"
"WDW","YWS",15,7,FALSE,"Summer 2026_Communities"
"STT","YWS",16,7,FALSE,"Summer 2026_Communities"
"SGB","YWS",16,7,FALSE,"Summer 2026_Communities"
"RGT","YWS",16,7,FALSE,"Summer 2026_Communities"
"YPW","YWS",16,7,FALSE,"Summer 2026_Communities"
"RTT","YWS",17,7,FALSE,"Summer 2026_Communities"
"WYD","YWS",17,7,FALSE,"Summer 2026_Communities"
"CRY","YWS",17,7,FALSE,"Summer 2026_Communities"
"GDD (was GDR)","YWS",17,7,FALSE,"Summer 2026_Communities"
"WDG","YWS",17,7,FALSE,"Summer 2026_Communities"
"GTR","YWS",17,7,FALSE,"Summer 2026_Communities"
"CGN","YDT",1,7,FALSE,"Summer 2026_Communities"
"RRY","YDT",2,7,FALSE,"Summer 2026_Communities"
"SDO","YDT",2,7,FALSE,"Summer 2026_Communities"
"RRR","YDT",2,7,FALSE,"Summer 2026_Communities"
"RRD","YDT",2,7,FALSE,"Summer 2026_Communities"
"SWT","YDT",2,7,FALSE,"Summer 2026_Communities"
"SYO","YDT",3,7,FALSE,"Summer 2026_Communities"
"GOS","YDT",3,7,FALSE,"Summer 2026_Communities"
"RSD","YDT",3,7,FALSE,"Summer 2026_Communities"
"SYT","YDT",3,7,FALSE,"Summer 2026_Communities"
"PBWorPWB","YDT",3,7,FALSE,"Summer 2026_Communities"
"SWB","YDT",3,7,FALSE,"Summer 2026_Communities"
"RBT","YDT",3,7,FALSE,"Summer 2026_Communities"
"SYR","YDT",3,7,FALSE,"Summer 2026_Communities"
"RBP","YDT",3,7,FALSE,"Summer 2026_Communities"
"WBT","YDT",4,7,FALSE,"Summer 2026_Communities"
"PNW","YDT",1,7,FALSE,"Summer 2026_Communities"
"YDP","YDT",1,7,FALSE,"Summer 2026_Communities"
"SOT","YDT",1,7,FALSE,"Summer 2026_Communities"
"PLS","YDT",5,7,FALSE,"Summer 2026_Communities"
"RTP","YDT",5,7,FALSE,"Summer 2026_Communities"
"SOG","YDT",1,7,FALSE,"Summer 2026_Communities"
"YBN","YDT",6,7,FALSE,"Summer 2026_Communities"
"WOG","YDT",6,7,FALSE,"Summer 2026_Communities"
"WSY","YDT",6,7,FALSE,"Summer 2026_Communities"
"YDD","YDT",8,7,FALSE,"Summer 2026_Communities"
"WWB","YDT",6,7,FALSE,"Summer 2026_Communities"
"GBO (was GPT)","YDT",6,7,FALSE,"Summer 2026_Communities"
"GDW (wasGYW)","YDT",10,7,FALSE,"Summer 2026_Communities"
"PND","YDT",10,7,FALSE,"Summer 2026_Communities"
"PNG","YDT",10,7,FALSE,"Summer 2026_Communities"
"PNP","YDT",10,7,FALSE,"Summer 2026_Communities"
"ROO","YDT",11,7,FALSE,"Summer 2026_Communities"
"RLB","YDT",12,7,FALSE,"Summer 2026_Communities"
"YBT","YDT",13,7,FALSE,"Summer 2026_Communities"
"ROY","YDT",14,7,FALSE,"Summer 2026_Communities"
"WBO","YDT",14,7,FALSE,"Summer 2026_Communities"
"ROR","YDT",14,7,FALSE,"Summer 2026_Communities"
"YBY","YDT",13,7,FALSE,"Summer 2026_Communities"
"SWS","YDT",14,7,FALSE,"Summer 2026_Communities"
"GDO","YDT",13,7,FALSE,"Summer 2026_Communities"
"PBS","YDT",13,7,FALSE,"Summer 2026_Communities"
"PNL","YDT",13,7,FALSE,"Summer 2026_Communities"
"PBP (was PBB)","YDT",13,7,FALSE,"Summer 2026_Communities"
"WWD","YDT",15,7,FALSE,"Summer 2026_Communities"
"SRP","YDT",15,7,FALSE,"Summer 2026_Communities"
"GNT","YDT",15,7,FALSE,"Summer 2026_Communities"
"WDN","YDT",15,7,FALSE,"Summer 2026_Communities"
"WDW","YDT",15,7,FALSE,"Summer 2026_Communities"
"STT","YDT",16,7,FALSE,"Summer 2026_Communities"
"SGB","YDT",16,7,FALSE,"Summer 2026_Communities"
"RGT","YDT",16,7,FALSE,"Summer 2026_Communities"
"RTT","YDT",17,7,FALSE,"Summer 2026_Communities"
"WYD","YDT",17,7,FALSE,"Summer 2026_Communities"
"CRY","YDT",17,7,FALSE,"Summer 2026_Communities"
"GDD (was GDR)","YDT",17,7,FALSE,"Summer 2026_Communities"
"WDG","YDT",17,7,FALSE,"Summer 2026_Communities"
"GTR","YDT",17,7,FALSE,"Summer 2026_Communities"
"CGN","WSY",1,6,FALSE,"Summer 2026_Communities"
"RRY","WSY",2,6,FALSE,"Summer 2026_Communities"
"SDO","WSY",2,6,FALSE,"Summer 2026_Communities"
"RRR","WSY",2,6,FALSE,"Summer 2026_Communities"
"RRD","WSY",2,6,FALSE,"Summer 2026_Communities"
"SWT","WSY",2,6,FALSE,"Summer 2026_Communities"
"SYO","WSY",3,6,FALSE,"Summer 2026_Communities"
"GOS","WSY",3,6,FALSE,"Summer 2026_Communities"
"RSD","WSY",3,6,FALSE,"Summer 2026_Communities"
"SYT","WSY",3,6,FALSE,"Summer 2026_Communities"
"PBWorPWB","WSY",3,6,FALSE,"Summer 2026_Communities"
"SWB","WSY",3,6,FALSE,"Summer 2026_Communities"
"RBT","WSY",3,6,FALSE,"Summer 2026_Communities"
"SYR","WSY",3,6,FALSE,"Summer 2026_Communities"
"RBP","WSY",3,6,FALSE,"Summer 2026_Communities"
"WBT","WSY",4,6,FALSE,"Summer 2026_Communities"
"PNW","WSY",1,6,FALSE,"Summer 2026_Communities"
"SOT","WSY",1,6,FALSE,"Summer 2026_Communities"
"PLS","WSY",5,6,FALSE,"Summer 2026_Communities"
"RTP","WSY",5,6,FALSE,"Summer 2026_Communities"
"SOG","WSY",1,6,FALSE,"Summer 2026_Communities"
"WOG","WSY",6,6,TRUE,"Summer 2026_Communities"
"GBO (was GPT)","WSY",6,6,TRUE,"Summer 2026_Communities"
"GDW (wasGYW)","WSY",10,6,FALSE,"Summer 2026_Communities"
"PND","WSY",10,6,FALSE,"Summer 2026_Communities"
"PNG","WSY",10,6,FALSE,"Summer 2026_Communities"
"PNP","WSY",10,6,FALSE,"Summer 2026_Communities"
"ROO","WSY",11,6,FALSE,"Summer 2026_Communities"
"RLB","WSY",12,6,FALSE,"Summer 2026_Communities"
"ROY","WSY",14,6,FALSE,"Summer 2026_Communities"
"WBO","WSY",14,6,FALSE,"Summer 2026_Communities"
"ROR","WSY",14,6,FALSE,"Summer 2026_Communities"
"SWS","WSY",14,6,FALSE,"Summer 2026_Communities"
"GDO","WSY",13,6,FALSE,"Summer 2026_Communities"
"PBS","WSY",13,6,FALSE,"Summer 2026_Communities"
"PNL","WSY",13,6,FALSE,"Summer 2026_Communities"
"PBP (was PBB)","WSY",13,6,FALSE,"Summer 2026_Communities"
"SRP","WSY",15,6,FALSE,"Summer 2026_Communities"
"GNT","WSY",15,6,FALSE,"Summer 2026_Communities"
"WDN","WSY",15,6,FALSE,"Summer 2026_Communities"
"WDW","WSY",15,6,FALSE,"Summer 2026_Communities"
"STT","WSY",16,6,FALSE,"Summer 2026_Communities"
"SGB","WSY",16,6,FALSE,"Summer 2026_Communities"
"RGT","WSY",16,6,FALSE,"Summer 2026_Communities"
"RTT","WSY",17,6,FALSE,"Summer 2026_Communities"
"CRY","WSY",17,6,FALSE,"Summer 2026_Communities"
"GDD (was GDR)","WSY",17,6,FALSE,"Summer 2026_Communities"
"WDG","WSY",17,6,FALSE,"Summer 2026_Communities"
"GTR","WSY",17,6,FALSE,"Summer 2026_Communities"
"CGN","YDD",1,8,FALSE,"Summer 2026_Communities"
"RRY","YDD",2,8,FALSE,"Summer 2026_Communities"
"SDO","YDD",2,8,FALSE,"Summer 2026_Communities"
"RRR","YDD",2,8,FALSE,"Summer 2026_Communities"
"RRD","YDD",2,8,FALSE,"Summer 2026_Communities"
"SWT","YDD",2,8,FALSE,"Summer 2026_Communities"
"SYO","YDD",3,8,FALSE,"Summer 2026_Communities"
"GOS","YDD",3,8,FALSE,"Summer 2026_Communities"
"RSD","YDD",3,8,FALSE,"Summer 2026_Communities"
"SYT","YDD",3,8,FALSE,"Summer 2026_Communities"
"PBWorPWB","YDD",3,8,FALSE,"Summer 2026_Communities"
"SWB","YDD",3,8,FALSE,"Summer 2026_Communities"
"RBT","YDD",3,8,FALSE,"Summer 2026_Communities"
"SYR","YDD",3,8,FALSE,"Summer 2026_Communities"
"RBP","YDD",3,8,FALSE,"Summer 2026_Communities"
"WBT","YDD",4,8,FALSE,"Summer 2026_Communities"
"PNW","YDD",1,8,FALSE,"Summer 2026_Communities"
"SOT","YDD",1,8,FALSE,"Summer 2026_Communities"
"PLS","YDD",5,8,FALSE,"Summer 2026_Communities"
"RTP","YDD",5,8,FALSE,"Summer 2026_Communities"
"SOG","YDD",1,8,FALSE,"Summer 2026_Communities"
"YBN","YDD",6,8,FALSE,"Summer 2026_Communities"
"WOG","YDD",6,8,FALSE,"Summer 2026_Communities"
"WSY","YDD",6,8,FALSE,"Summer 2026_Communities"
"WWB","YDD",6,8,FALSE,"Summer 2026_Communities"
"GBO (was GPT)","YDD",6,8,FALSE,"Summer 2026_Communities"
"GDW (wasGYW)","YDD",10,8,FALSE,"Summer 2026_Communities"
"PND","YDD",10,8,FALSE,"Summer 2026_Communities"
"PNG","YDD",10,8,FALSE,"Summer 2026_Communities"
"PNP","YDD",10,8,FALSE,"Summer 2026_Communities"
"ROO","YDD",11,8,FALSE,"Summer 2026_Communities"
"RLB","YDD",12,8,FALSE,"Summer 2026_Communities"
"YBT","YDD",13,8,FALSE,"Summer 2026_Communities"
"ROY","YDD",14,8,FALSE,"Summer 2026_Communities"
"WBO","YDD",14,8,FALSE,"Summer 2026_Communities"
"ROR","YDD",14,8,FALSE,"Summer 2026_Communities"
"YBY","YDD",13,8,FALSE,"Summer 2026_Communities"
"SWS","YDD",14,8,FALSE,"Summer 2026_Communities"
"GDO","YDD",13,8,FALSE,"Summer 2026_Communities"
"PBS","YDD",13,8,FALSE,"Summer 2026_Communities"
"PNL","YDD",13,8,FALSE,"Summer 2026_Communities"
"PBP (was PBB)","YDD",13,8,FALSE,"Summer 2026_Communities"
"WWD","YDD",15,8,FALSE,"Summer 2026_Communities"
"SRP","YDD",15,8,FALSE,"Summer 2026_Communities"
"GNT","YDD",15,8,FALSE,"Summer 2026_Communities"
"WDN","YDD",15,8,FALSE,"Summer 2026_Communities"
"WDW","YDD",15,8,FALSE,"Summer 2026_Communities"
"STT","YDD",16,8,FALSE,"Summer 2026_Communities"
"SGB","YDD",16,8,FALSE,"Summer 2026_Communities"
"RGT","YDD",16,8,FALSE,"Summer 2026_Communities"
"RTT","YDD",17,8,FALSE,"Summer 2026_Communities"
"WYD","YDD",17,8,FALSE,"Summer 2026_Communities"
"CRY","YDD",17,8,FALSE,"Summer 2026_Communities"
"GDD (was GDR)","YDD",17,8,FALSE,"Summer 2026_Communities"
"WDG","YDD",17,8,FALSE,"Summer 2026_Communities"
"GTR","YDD",17,8,FALSE,"Summer 2026_Communities"
"CGN","WWB",1,6,FALSE,"Summer 2026_Communities"
"RRY","WWB",2,6,FALSE,"Summer 2026_Communities"
"SDO","WWB",2,6,FALSE,"Summer 2026_Communities"
"RRR","WWB",2,6,FALSE,"Summer 2026_Communities"
"RRD","WWB",2,6,FALSE,"Summer 2026_Communities"
"SWT","WWB",2,6,FALSE,"Summer 2026_Communities"
"SYO","WWB",3,6,FALSE,"Summer 2026_Communities"
"GOS","WWB",3,6,FALSE,"Summer 2026_Communities"
"RSD","WWB",3,6,FALSE,"Summer 2026_Communities"
"SYT","WWB",3,6,FALSE,"Summer 2026_Communities"
"PBWorPWB","WWB",3,6,FALSE,"Summer 2026_Communities"
"SWB","WWB",3,6,FALSE,"Summer 2026_Communities"
"RBT","WWB",3,6,FALSE,"Summer 2026_Communities"
"SYR","WWB",3,6,FALSE,"Summer 2026_Communities"
"RBP","WWB",3,6,FALSE,"Summer 2026_Communities"
"WBT","WWB",4,6,FALSE,"Summer 2026_Communities"
"PNW","WWB",1,6,FALSE,"Summer 2026_Communities"
"SOT","WWB",1,6,FALSE,"Summer 2026_Communities"
"PLS","WWB",5,6,FALSE,"Summer 2026_Communities"
"RTP","WWB",5,6,FALSE,"Summer 2026_Communities"
"SOG","WWB",1,6,FALSE,"Summer 2026_Communities"
"WOG","WWB",6,6,TRUE,"Summer 2026_Communities"
"WSY","WWB",6,6,TRUE,"Summer 2026_Communities"
"GBO (was GPT)","WWB",6,6,TRUE,"Summer 2026_Communities"
"GDW (wasGYW)","WWB",10,6,FALSE,"Summer 2026_Communities"
"PND","WWB",10,6,FALSE,"Summer 2026_Communities"
"PNG","WWB",10,6,FALSE,"Summer 2026_Communities"
"PNP","WWB",10,6,FALSE,"Summer 2026_Communities"
"ROO","WWB",11,6,FALSE,"Summer 2026_Communities"
"RLB","WWB",12,6,FALSE,"Summer 2026_Communities"
"ROY","WWB",14,6,FALSE,"Summer 2026_Communities"
"WBO","WWB",14,6,FALSE,"Summer 2026_Communities"
"ROR","WWB",14,6,FALSE,"Summer 2026_Communities"
"SWS","WWB",14,6,FALSE,"Summer 2026_Communities"
"GDO","WWB",13,6,FALSE,"Summer 2026_Communities"
"PBS","WWB",13,6,FALSE,"Summer 2026_Communities"
"PNL","WWB",13,6,FALSE,"Summer 2026_Communities"
"PBP (was PBB)","WWB",13,6,FALSE,"Summer 2026_Communities"
"SRP","WWB",15,6,FALSE,"Summer 2026_Communities"
"GNT","WWB",15,6,FALSE,"Summer 2026_Communities"
"WDN","WWB",15,6,FALSE,"Summer 2026_Communities"
"WDW","WWB",15,6,FALSE,"Summer 2026_Communities"
"STT","WWB",16,6,FALSE,"Summer 2026_Communities"
"SGB","WWB",16,6,FALSE,"Summer 2026_Communities"
"RGT","WWB",16,6,FALSE,"Summer 2026_Communities"
"RTT","WWB",17,6,FALSE,"Summer 2026_Communities"
"CRY","WWB",17,6,FALSE,"Summer 2026_Communities"
"GDD (was GDR)","WWB",17,6,FALSE,"Summer 2026_Communities"
"WDG","WWB",17,6,FALSE,"Summer 2026_Communities"
"GTR","WWB",17,6,FALSE,"Summer 2026_Communities"
"CGN","YGD",1,6,FALSE,"Summer 2026_Communities"
"RRY","YGD",2,6,FALSE,"Summer 2026_Communities"
"SDO","YGD",2,6,FALSE,"Summer 2026_Communities"
"RRR","YGD",2,6,FALSE,"Summer 2026_Communities"
"RRD","YGD",2,6,FALSE,"Summer 2026_Communities"
"SWT","YGD",2,6,FALSE,"Summer 2026_Communities"
"SYO","YGD",3,6,FALSE,"Summer 2026_Communities"
"GOS","YGD",3,6,FALSE,"Summer 2026_Communities"
"RSD","YGD",3,6,FALSE,"Summer 2026_Communities"
"SYT","YGD",3,6,FALSE,"Summer 2026_Communities"
"PBWorPWB","YGD",3,6,FALSE,"Summer 2026_Communities"
"SWB","YGD",3,6,FALSE,"Summer 2026_Communities"
"RBT","YGD",3,6,FALSE,"Summer 2026_Communities"
"SYR","YGD",3,6,FALSE,"Summer 2026_Communities"
"RBP","YGD",3,6,FALSE,"Summer 2026_Communities"
"WBT","YGD",4,6,FALSE,"Summer 2026_Communities"
"PNW","YGD",1,6,FALSE,"Summer 2026_Communities"
"YDP","YGD",1,6,FALSE,"Summer 2026_Communities"
"SOT","YGD",1,6,FALSE,"Summer 2026_Communities"
"PLS","YGD",5,6,FALSE,"Summer 2026_Communities"
"RTP","YGD",5,6,FALSE,"Summer 2026_Communities"
"SOG","YGD",1,6,FALSE,"Summer 2026_Communities"
"YBN","YGD",6,6,TRUE,"Summer 2026_Communities"
"WOG","YGD",6,6,TRUE,"Summer 2026_Communities"
"YDT","YGD",7,6,FALSE,"Summer 2026_Communities"
"WSY","YGD",6,6,TRUE,"Summer 2026_Communities"
"YDD","YGD",8,6,FALSE,"Summer 2026_Communities"
"WWB","YGD",6,6,TRUE,"Summer 2026_Communities"
"YDW","YGD",6,6,TRUE,"Summer 2026_Communities"
"GBO (was GPT)","YGD",6,6,TRUE,"Summer 2026_Communities"
"GDW (wasGYW)","YGD",10,6,FALSE,"Summer 2026_Communities"
"PND","YGD",10,6,FALSE,"Summer 2026_Communities"
"PNG","YGD",10,6,FALSE,"Summer 2026_Communities"
"PNP","YGD",10,6,FALSE,"Summer 2026_Communities"
"ROO","YGD",11,6,FALSE,"Summer 2026_Communities"
"RLB","YGD",12,6,FALSE,"Summer 2026_Communities"
"YBT","YGD",13,6,FALSE,"Summer 2026_Communities"
"ROY","YGD",14,6,FALSE,"Summer 2026_Communities"
"WBO","YGD",14,6,FALSE,"Summer 2026_Communities"
"ROR","YGD",14,6,FALSE,"Summer 2026_Communities"
"YBY","YGD",13,6,FALSE,"Summer 2026_Communities"
"SWS","YGD",14,6,FALSE,"Summer 2026_Communities"
"GDO","YGD",13,6,FALSE,"Summer 2026_Communities"
"PBS","YGD",13,6,FALSE,"Summer 2026_Communities"
"PNL","YGD",13,6,FALSE,"Summer 2026_Communities"
"PBP (was PBB)","YGD",13,6,FALSE,"Summer 2026_Communities"
"WWD","YGD",15,6,FALSE,"Summer 2026_Communities"
"SRP","YGD",15,6,FALSE,"Summer 2026_Communities"
"GNT","YGD",15,6,FALSE,"Summer 2026_Communities"
"WDN","YGD",15,6,FALSE,"Summer 2026_Communities"
"WDW","YGD",15,6,FALSE,"Summer 2026_Communities"
"STT","YGD",16,6,FALSE,"Summer 2026_Communities"
"SGB","YGD",16,6,FALSE,"Summer 2026_Communities"
"RGT","YGD",16,6,FALSE,"Summer 2026_Communities"
"RTT","YGD",17,6,FALSE,"Summer 2026_Communities"
"WYD","YGD",17,6,FALSE,"Summer 2026_Communities"
"CRY","YGD",17,6,FALSE,"Summer 2026_Communities"
"GDD (was GDR)","YGD",17,6,FALSE,"Summer 2026_Communities"
"WDG","YGD",17,6,FALSE,"Summer 2026_Communities"
"GTR","YGD",17,6,FALSE,"Summer 2026_Communities"
"CGN","YDW",1,6,FALSE,"Summer 2026_Communities"
"RRY","YDW",2,6,FALSE,"Summer 2026_Communities"
"SDO","YDW",2,6,FALSE,"Summer 2026_Communities"
"RRR","YDW",2,6,FALSE,"Summer 2026_Communities"
"RRD","YDW",2,6,FALSE,"Summer 2026_Communities"
"SWT","YDW",2,6,FALSE,"Summer 2026_Communities"
"SYO","YDW",3,6,FALSE,"Summer 2026_Communities"
"GOS","YDW",3,6,FALSE,"Summer 2026_Communities"
"RSD","YDW",3,6,FALSE,"Summer 2026_Communities"
"SYT","YDW",3,6,FALSE,"Summer 2026_Communities"
"PBWorPWB","YDW",3,6,FALSE,"Summer 2026_Communities"
"SWB","YDW",3,6,FALSE,"Summer 2026_Communities"
"RBT","YDW",3,6,FALSE,"Summer 2026_Communities"
"SYR","YDW",3,6,FALSE,"Summer 2026_Communities"
"RBP","YDW",3,6,FALSE,"Summer 2026_Communities"
"WBT","YDW",4,6,FALSE,"Summer 2026_Communities"
"PNW","YDW",1,6,FALSE,"Summer 2026_Communities"
"YDP","YDW",1,6,FALSE,"Summer 2026_Communities"
"SOT","YDW",1,6,FALSE,"Summer 2026_Communities"
"PLS","YDW",5,6,FALSE,"Summer 2026_Communities"
"RTP","YDW",5,6,FALSE,"Summer 2026_Communities"
"SOG","YDW",1,6,FALSE,"Summer 2026_Communities"
"YBN","YDW",6,6,TRUE,"Summer 2026_Communities"
"WOG","YDW",6,6,TRUE,"Summer 2026_Communities"
"YDT","YDW",7,6,FALSE,"Summer 2026_Communities"
"WSY","YDW",6,6,TRUE,"Summer 2026_Communities"
"YDD","YDW",8,6,FALSE,"Summer 2026_Communities"
"WWB","YDW",6,6,TRUE,"Summer 2026_Communities"
"GBO (was GPT)","YDW",6,6,TRUE,"Summer 2026_Communities"
"GDW (wasGYW)","YDW",10,6,FALSE,"Summer 2026_Communities"
"PND","YDW",10,6,FALSE,"Summer 2026_Communities"
"PNG","YDW",10,6,FALSE,"Summer 2026_Communities"
"PNP","YDW",10,6,FALSE,"Summer 2026_Communities"
"ROO","YDW",11,6,FALSE,"Summer 2026_Communities"
"RLB","YDW",12,6,FALSE,"Summer 2026_Communities"
"YBT","YDW",13,6,FALSE,"Summer 2026_Communities"
"ROY","YDW",14,6,FALSE,"Summer 2026_Communities"
"WBO","YDW",14,6,FALSE,"Summer 2026_Communities"
"ROR","YDW",14,6,FALSE,"Summer 2026_Communities"
"YBY","YDW",13,6,FALSE,"Summer 2026_Communities"
"SWS","YDW",14,6,FALSE,"Summer 2026_Communities"
"GDO","YDW",13,6,FALSE,"Summer 2026_Communities"
"PBS","YDW",13,6,FALSE,"Summer 2026_Communities"
"PNL","YDW",13,6,FALSE,"Summer 2026_Communities"
"PBP (was PBB)","YDW",13,6,FALSE,"Summer 2026_Communities"
"WWD","YDW",15,6,FALSE,"Summer 2026_Communities"
"SRP","YDW",15,6,FALSE,"Summer 2026_Communities"
"GNT","YDW",15,6,FALSE,"Summer 2026_Communities"
"WDN","YDW",15,6,FALSE,"Summer 2026_Communities"
"WDW","YDW",15,6,FALSE,"Summer 2026_Communities"
"STT","YDW",16,6,FALSE,"Summer 2026_Communities"
"SGB","YDW",16,6,FALSE,"Summer 2026_Communities"
"RGT","YDW",16,6,FALSE,"Summer 2026_Communities"
"RTT","YDW",17,6,FALSE,"Summer 2026_Communities"
"WYD","YDW",17,6,FALSE,"Summer 2026_Communities"
"CRY","YDW",17,6,FALSE,"Summer 2026_Communities"
"GDD (was GDR)","YDW",17,6,FALSE,"Summer 2026_Communities"
"WDG","YDW",17,6,FALSE,"Summer 2026_Communities"
"GTR","YDW",17,6,FALSE,"Summer 2026_Communities"
"CGN","GBO (was GPT)",1,6,FALSE,"Summer 2026_Communities"
"CRY","GBO (was GPT)",17,6,FALSE,"Summer 2026_Communities"
"CGN","YSR",1,9,FALSE,"Summer 2026_Communities"
"RRY","YSR",2,9,FALSE,"Summer 2026_Communities"
"SDO","YSR",2,9,FALSE,"Summer 2026_Communities"
"RRR","YSR",2,9,FALSE,"Summer 2026_Communities"
"RRD","YSR",2,9,FALSE,"Summer 2026_Communities"
"SWT","YSR",2,9,FALSE,"Summer 2026_Communities"
"SYO","YSR",3,9,FALSE,"Summer 2026_Communities"
"GOS","YSR",3,9,FALSE,"Summer 2026_Communities"
"RSD","YSR",3,9,FALSE,"Summer 2026_Communities"
"SYT","YSR",3,9,FALSE,"Summer 2026_Communities"
"PBWorPWB","YSR",3,9,FALSE,"Summer 2026_Communities"
"SWB","YSR",3,9,FALSE,"Summer 2026_Communities"
"RBT","YSR",3,9,FALSE,"Summer 2026_Communities"
"SYR","YSR",3,9,FALSE,"Summer 2026_Communities"
"RBP","YSR",3,9,FALSE,"Summer 2026_Communities"
"WBT","YSR",4,9,FALSE,"Summer 2026_Communities"
"PNW","YSR",1,9,FALSE,"Summer 2026_Communities"
"YDP","YSR",1,9,FALSE,"Summer 2026_Communities"
"SOT","YSR",1,9,FALSE,"Summer 2026_Communities"
"PLS","YSR",5,9,FALSE,"Summer 2026_Communities"
"YPS","YSR",5,9,FALSE,"Summer 2026_Communities"
"RTP","YSR",5,9,FALSE,"Summer 2026_Communities"
"SOG","YSR",1,9,FALSE,"Summer 2026_Communities"
"YBN","YSR",6,9,FALSE,"Summer 2026_Communities"
"WOG","YSR",6,9,FALSE,"Summer 2026_Communities"
"YDT","YSR",7,9,FALSE,"Summer 2026_Communities"
"WSY","YSR",6,9,FALSE,"Summer 2026_Communities"
"YDD","YSR",8,9,FALSE,"Summer 2026_Communities"
"WWB","YSR",6,9,FALSE,"Summer 2026_Communities"
"YGD","YSR",6,9,FALSE,"Summer 2026_Communities"
"YDW","YSR",6,9,FALSE,"Summer 2026_Communities"
"GBO (was GPT)","YSR",6,9,FALSE,"Summer 2026_Communities"
"GDW (wasGYW)","YSR",10,9,FALSE,"Summer 2026_Communities"
"PND","YSR",10,9,FALSE,"Summer 2026_Communities"
"PNG","YSR",10,9,FALSE,"Summer 2026_Communities"
"PNP","YSR",10,9,FALSE,"Summer 2026_Communities"
"YOP","YSR",11,9,FALSE,"Summer 2026_Communities"
"ROO","YSR",11,9,FALSE,"Summer 2026_Communities"
"RLB","YSR",12,9,FALSE,"Summer 2026_Communities"
"YBT","YSR",13,9,FALSE,"Summer 2026_Communities"
"ROY","YSR",14,9,FALSE,"Summer 2026_Communities"
"WBO","YSR",14,9,FALSE,"Summer 2026_Communities"
"ROR","YSR",14,9,FALSE,"Summer 2026_Communities"
"YBY","YSR",13,9,FALSE,"Summer 2026_Communities"
"SWS","YSR",14,9,FALSE,"Summer 2026_Communities"
"YGY","YSR",13,9,FALSE,"Summer 2026_Communities"
"YND","YSR",13,9,FALSE,"Summer 2026_Communities"
"GDO","YSR",13,9,FALSE,"Summer 2026_Communities"
"PBS","YSR",13,9,FALSE,"Summer 2026_Communities"
"PNL","YSR",13,9,FALSE,"Summer 2026_Communities"
"PBP (was PBB)","YSR",13,9,FALSE,"Summer 2026_Communities"
"WWD","YSR",15,9,FALSE,"Summer 2026_Communities"
"SRP","YSR",15,9,FALSE,"Summer 2026_Communities"
"GNT","YSR",15,9,FALSE,"Summer 2026_Communities"
"WDN","YSR",15,9,FALSE,"Summer 2026_Communities"
"WDW","YSR",15,9,FALSE,"Summer 2026_Communities"
"STT","YSR",16,9,FALSE,"Summer 2026_Communities"
"SGB","YSR",16,9,FALSE,"Summer 2026_Communities"
"RGT","YSR",16,9,FALSE,"Summer 2026_Communities"
"YPW","YSR",16,9,FALSE,"Summer 2026_Communities"
"RTT","YSR",17,9,FALSE,"Summer 2026_Communities"
"WYD","YSR",17,9,FALSE,"Summer 2026_Communities"
"CRY","YSR",17,9,FALSE,"Summer 2026_Communities"
"GDD (was GDR)","YSR",17,9,FALSE,"Summer 2026_Communities"
"WDG","YSR",17,9,FALSE,"Summer 2026_Communities"
"GTR","YSR",17,9,FALSE,"Summer 2026_Communities"
"CGN","GDW (wasGYW)",1,10,FALSE,"Summer 2026_Communities"
"GBO (was GPT)","GDW (wasGYW)",6,10,FALSE,"Summer 2026_Communities"
"GDO","GDW (wasGYW)",13,10,FALSE,"Summer 2026_Communities"
"CRY","GDW (wasGYW)",17,10,FALSE,"Summer 2026_Communities"
"GDD (was GDR)","GDW (wasGYW)",17,10,FALSE,"Summer 2026_Communities"
"CGN","PND",1,10,FALSE,"Summer 2026_Communities"
"GOS","PND",3,10,FALSE,"Summer 2026_Communities"
"PBWorPWB","PND",3,10,FALSE,"Summer 2026_Communities"
"PLS","PND",5,10,FALSE,"Summer 2026_Communities"
"GBO (was GPT)","PND",6,10,FALSE,"Summer 2026_Communities"
"GDW (wasGYW)","PND",10,10,TRUE,"Summer 2026_Communities"
"GDO","PND",13,10,FALSE,"Summer 2026_Communities"
"PBS","PND",13,10,FALSE,"Summer 2026_Communities"
"PBP (was PBB)","PND",13,10,FALSE,"Summer 2026_Communities"
"GNT","PND",15,10,FALSE,"Summer 2026_Communities"
"CRY","PND",17,10,FALSE,"Summer 2026_Communities"
"GDD (was GDR)","PND",17,10,FALSE,"Summer 2026_Communities"
"GTR","PND",17,10,FALSE,"Summer 2026_Communities"
"CGN","PNG",1,10,FALSE,"Summer 2026_Communities"
"GOS","PNG",3,10,FALSE,"Summer 2026_Communities"
"PBWorPWB","PNG",3,10,FALSE,"Summer 2026_Communities"
"PLS","PNG",5,10,FALSE,"Summer 2026_Communities"
"GBO (was GPT)","PNG",6,10,FALSE,"Summer 2026_Communities"
"GDW (wasGYW)","PNG",10,10,TRUE,"Summer 2026_Communities"
"PND","PNG",10,10,TRUE,"Summer 2026_Communities"
"GDO","PNG",13,10,FALSE,"Summer 2026_Communities"
"PBS","PNG",13,10,FALSE,"Summer 2026_Communities"
"PBP (was PBB)","PNG",13,10,FALSE,"Summer 2026_Communities"
"GNT","PNG",15,10,FALSE,"Summer 2026_Communities"
"CRY","PNG",17,10,FALSE,"Summer 2026_Communities"
"GDD (was GDR)","PNG",17,10,FALSE,"Summer 2026_Communities"
"GTR","PNG",17,10,FALSE,"Summer 2026_Communities"
"CGN","PNP",1,10,FALSE,"Summer 2026_Communities"
"GOS","PNP",3,10,FALSE,"Summer 2026_Communities"
"PBWorPWB","PNP",3,10,FALSE,"Summer 2026_Communities"
"PLS","PNP",5,10,FALSE,"Summer 2026_Communities"
"GBO (was GPT)","PNP",6,10,FALSE,"Summer 2026_Communities"
"GDW (wasGYW)","PNP",10,10,TRUE,"Summer 2026_Communities"
"PND","PNP",10,10,TRUE,"Summer 2026_Communities"
"PNG","PNP",10,10,TRUE,"Summer 2026_Communities"
"GDO","PNP",13,10,FALSE,"Summer 2026_Communities"
"PBS","PNP",13,10,FALSE,"Summer 2026_Communities"
"PNL","PNP",13,10,FALSE,"Summer 2026_Communities"
"PBP (was PBB)","PNP",13,10,FALSE,"Summer 2026_Communities"
"GNT","PNP",15,10,FALSE,"Summer 2026_Communities"
"CRY","PNP",17,10,FALSE,"Summer 2026_Communities"
"GDD (was GDR)","PNP",17,10,FALSE,"Summer 2026_Communities"
"GTR","PNP",17,10,FALSE,"Summer 2026_Communities"
"CGN","YOP",1,11,FALSE,"Summer 2026_Communities"
"RRY","YOP",2,11,FALSE,"Summer 2026_Communities"
"SDO","YOP",2,11,FALSE,"Summer 2026_Communities"
"RRR","YOP",2,11,FALSE,"Summer 2026_Communities"
"RRD","YOP",2,11,FALSE,"Summer 2026_Communities"
"SWT","YOP",2,11,FALSE,"Summer 2026_Communities"
"SYO","YOP",3,11,FALSE,"Summer 2026_Communities"
"GOS","YOP",3,11,FALSE,"Summer 2026_Communities"
"RSD","YOP",3,11,FALSE,"Summer 2026_Communities"
"SYT","YOP",3,11,FALSE,"Summer 2026_Communities"
"PBWorPWB","YOP",3,11,FALSE,"Summer 2026_Communities"
"SWB","YOP",3,11,FALSE,"Summer 2026_Communities"
"RBT","YOP",3,11,FALSE,"Summer 2026_Communities"
"SYR","YOP",3,11,FALSE,"Summer 2026_Communities"
"RBP","YOP",3,11,FALSE,"Summer 2026_Communities"
"WBT","YOP",4,11,FALSE,"Summer 2026_Communities"
"PNW","YOP",1,11,FALSE,"Summer 2026_Communities"
"YDP","YOP",1,11,FALSE,"Summer 2026_Communities"
"SOT","YOP",1,11,FALSE,"Summer 2026_Communities"
"PLS","YOP",5,11,FALSE,"Summer 2026_Communities"
"RTP","YOP",5,11,FALSE,"Summer 2026_Communities"
"SOG","YOP",1,11,FALSE,"Summer 2026_Communities"
"YBN","YOP",6,11,FALSE,"Summer 2026_Communities"
"WOG","YOP",6,11,FALSE,"Summer 2026_Communities"
"YDT","YOP",7,11,FALSE,"Summer 2026_Communities"
"WSY","YOP",6,11,FALSE,"Summer 2026_Communities"
"YDD","YOP",8,11,FALSE,"Summer 2026_Communities"
"WWB","YOP",6,11,FALSE,"Summer 2026_Communities"
"YGD","YOP",6,11,FALSE,"Summer 2026_Communities"
"YDW","YOP",6,11,FALSE,"Summer 2026_Communities"
"GBO (was GPT)","YOP",6,11,FALSE,"Summer 2026_Communities"
"GDW (wasGYW)","YOP",10,11,FALSE,"Summer 2026_Communities"
"PND","YOP",10,11,FALSE,"Summer 2026_Communities"
"PNG","YOP",10,11,FALSE,"Summer 2026_Communities"
"PNP","YOP",10,11,FALSE,"Summer 2026_Communities"
"ROO","YOP",11,11,TRUE,"Summer 2026_Communities"
"RLB","YOP",12,11,FALSE,"Summer 2026_Communities"
"YBT","YOP",13,11,FALSE,"Summer 2026_Communities"
"ROY","YOP",14,11,FALSE,"Summer 2026_Communities"
"WBO","YOP",14,11,FALSE,"Summer 2026_Communities"
"ROR","YOP",14,11,FALSE,"Summer 2026_Communities"
"YBY","YOP",13,11,FALSE,"Summer 2026_Communities"
"SWS","YOP",14,11,FALSE,"Summer 2026_Communities"
"YGY","YOP",13,11,FALSE,"Summer 2026_Communities"
"YND","YOP",13,11,FALSE,"Summer 2026_Communities"
"GDO","YOP",13,11,FALSE,"Summer 2026_Communities"
"PBS","YOP",13,11,FALSE,"Summer 2026_Communities"
"PNL","YOP",13,11,FALSE,"Summer 2026_Communities"
"PBP (was PBB)","YOP",13,11,FALSE,"Summer 2026_Communities"
"WWD","YOP",15,11,FALSE,"Summer 2026_Communities"
"SRP","YOP",15,11,FALSE,"Summer 2026_Communities"
"GNT","YOP",15,11,FALSE,"Summer 2026_Communities"
"WDN","YOP",15,11,FALSE,"Summer 2026_Communities"
"WDW","YOP",15,11,FALSE,"Summer 2026_Communities"
"STT","YOP",16,11,FALSE,"Summer 2026_Communities"
"SGB","YOP",16,11,FALSE,"Summer 2026_Communities"
"RGT","YOP",16,11,FALSE,"Summer 2026_Communities"
"RTT","YOP",17,11,FALSE,"Summer 2026_Communities"
"WYD","YOP",17,11,FALSE,"Summer 2026_Communities"
"CRY","YOP",17,11,FALSE,"Summer 2026_Communities"
"GDD (was GDR)","YOP",17,11,FALSE,"Summer 2026_Communities"
"WDG","YOP",17,11,FALSE,"Summer 2026_Communities"
"GTR","YOP",17,11,FALSE,"Summer 2026_Communities"
"CGN","ROO",1,11,FALSE,"Summer 2026_Communities"
"GOS","ROO",3,11,FALSE,"Summer 2026_Communities"
"PBWorPWB","ROO",3,11,FALSE,"Summer 2026_Communities"
"RBT","ROO",3,11,FALSE,"Summer 2026_Communities"
"RBP","ROO",3,11,FALSE,"Summer 2026_Communities"
"PNW","ROO",1,11,FALSE,"Summer 2026_Communities"
"PLS","ROO",5,11,FALSE,"Summer 2026_Communities"
"GBO (was GPT)","ROO",6,11,FALSE,"Summer 2026_Communities"
"GDW (wasGYW)","ROO",10,11,FALSE,"Summer 2026_Communities"
"PND","ROO",10,11,FALSE,"Summer 2026_Communities"
"PNG","ROO",10,11,FALSE,"Summer 2026_Communities"
"PNP","ROO",10,11,FALSE,"Summer 2026_Communities"
"RLB","ROO",12,11,FALSE,"Summer 2026_Communities"
"GDO","ROO",13,11,FALSE,"Summer 2026_Communities"
"PBS","ROO",13,11,FALSE,"Summer 2026_Communities"
"PNL","ROO",13,11,FALSE,"Summer 2026_Communities"
"PBP (was PBB)","ROO",13,11,FALSE,"Summer 2026_Communities"
"GNT","ROO",15,11,FALSE,"Summer 2026_Communities"
"RGT","ROO",16,11,FALSE,"Summer 2026_Communities"
"CRY","ROO",17,11,FALSE,"Summer 2026_Communities"
"GDD (was GDR)","ROO",17,11,FALSE,"Summer 2026_Communities"
"GTR","ROO",17,11,FALSE,"Summer 2026_Communities"
"CGN","RLB",1,12,FALSE,"Summer 2026_Communities"
"GOS","RLB",3,12,FALSE,"Summer 2026_Communities"
"PBWorPWB","RLB",3,12,FALSE,"Summer 2026_Communities"
"RBT","RLB",3,12,FALSE,"Summer 2026_Communities"
"RBP","RLB",3,12,FALSE,"Summer 2026_Communities"
"PNW","RLB",1,12,FALSE,"Summer 2026_Communities"
"PLS","RLB",5,12,FALSE,"Summer 2026_Communities"
"GBO (was GPT)","RLB",6,12,FALSE,"Summer 2026_Communities"
"GDW (wasGYW)","RLB",10,12,FALSE,"Summer 2026_Communities"
"PND","RLB",10,12,FALSE,"Summer 2026_Communities"
"PNG","RLB",10,12,FALSE,"Summer 2026_Communities"
"PNP","RLB",10,12,FALSE,"Summer 2026_Communities"
"GDO","RLB",13,12,FALSE,"Summer 2026_Communities"
"PBS","RLB",13,12,FALSE,"Summer 2026_Communities"
"PNL","RLB",13,12,FALSE,"Summer 2026_Communities"
"PBP (was PBB)","RLB",13,12,FALSE,"Summer 2026_Communities"
"GNT","RLB",15,12,FALSE,"Summer 2026_Communities"
"RGT","RLB",16,12,FALSE,"Summer 2026_Communities"
"CRY","RLB",17,12,FALSE,"Summer 2026_Communities"
"GDD (was GDR)","RLB",17,12,FALSE,"Summer 2026_Communities"
"GTR","RLB",17,12,FALSE,"Summer 2026_Communities"
"CGN","YBT",1,13,FALSE,"Summer 2026_Communities"
"RRY","YBT",2,13,FALSE,"Summer 2026_Communities"
"SDO","YBT",2,13,FALSE,"Summer 2026_Communities"
"RRR","YBT",2,13,FALSE,"Summer 2026_Communities"
"RRD","YBT",2,13,FALSE,"Summer 2026_Communities"
"SWT","YBT",2,13,FALSE,"Summer 2026_Communities"
"SYO","YBT",3,13,FALSE,"Summer 2026_Communities"
"GOS","YBT",3,13,FALSE,"Summer 2026_Communities"
"RSD","YBT",3,13,FALSE,"Summer 2026_Communities"
"SYT","YBT",3,13,FALSE,"Summer 2026_Communities"
"PBWorPWB","YBT",3,13,FALSE,"Summer 2026_Communities"
"SWB","YBT",3,13,FALSE,"Summer 2026_Communities"
"RBT","YBT",3,13,FALSE,"Summer 2026_Communities"
"SYR","YBT",3,13,FALSE,"Summer 2026_Communities"
"RBP","YBT",3,13,FALSE,"Summer 2026_Communities"
"WBT","YBT",4,13,FALSE,"Summer 2026_Communities"
"PNW","YBT",1,13,FALSE,"Summer 2026_Communities"
"SOT","YBT",1,13,FALSE,"Summer 2026_Communities"
"PLS","YBT",5,13,FALSE,"Summer 2026_Communities"
"RTP","YBT",5,13,FALSE,"Summer 2026_Communities"
"SOG","YBT",1,13,FALSE,"Summer 2026_Communities"
"YBN","YBT",6,13,FALSE,"Summer 2026_Communities"
"WOG","YBT",6,13,FALSE,"Summer 2026_Communities"
"WSY","YBT",6,13,FALSE,"Summer 2026_Communities"
"WWB","YBT",6,13,FALSE,"Summer 2026_Communities"
"GBO (was GPT)","YBT",6,13,FALSE,"Summer 2026_Communities"
"GDW (wasGYW)","YBT",10,13,FALSE,"Summer 2026_Communities"
"PND","YBT",10,13,FALSE,"Summer 2026_Communities"
"PNG","YBT",10,13,FALSE,"Summer 2026_Communities"
"PNP","YBT",10,13,FALSE,"Summer 2026_Communities"
"ROO","YBT",11,13,FALSE,"Summer 2026_Communities"
"RLB","YBT",12,13,FALSE,"Summer 2026_Communities"
"ROY","YBT",14,13,FALSE,"Summer 2026_Communities"
"WBO","YBT",14,13,FALSE,"Summer 2026_Communities"
"ROR","YBT",14,13,FALSE,"Summer 2026_Communities"
"SWS","YBT",14,13,FALSE,"Summer 2026_Communities"
"GDO","YBT",13,13,TRUE,"Summer 2026_Communities"
"PBS","YBT",13,13,TRUE,"Summer 2026_Communities"
"PNL","YBT",13,13,TRUE,"Summer 2026_Communities"
"PBP (was PBB)","YBT",13,13,TRUE,"Summer 2026_Communities"
"WWD","YBT",15,13,FALSE,"Summer 2026_Communities"
"SRP","YBT",15,13,FALSE,"Summer 2026_Communities"
"GNT","YBT",15,13,FALSE,"Summer 2026_Communities"
"WDN","YBT",15,13,FALSE,"Summer 2026_Communities"
"WDW","YBT",15,13,FALSE,"Summer 2026_Communities"
"STT","YBT",16,13,FALSE,"Summer 2026_Communities"
"SGB","YBT",16,13,FALSE,"Summer 2026_Communities"
"RGT","YBT",16,13,FALSE,"Summer 2026_Communities"
"RTT","YBT",17,13,FALSE,"Summer 2026_Communities"
"WYD","YBT",17,13,FALSE,"Summer 2026_Communities"
"CRY","YBT",17,13,FALSE,"Summer 2026_Communities"
"GDD (was GDR)","YBT",17,13,FALSE,"Summer 2026_Communities"
"WDG","YBT",17,13,FALSE,"Summer 2026_Communities"
"GTR","YBT",17,13,FALSE,"Summer 2026_Communities"
"CGN","ROY",1,14,FALSE,"Summer 2026_Communities"
"GOS","ROY",3,14,FALSE,"Summer 2026_Communities"
"PBWorPWB","ROY",3,14,FALSE,"Summer 2026_Communities"
"RBT","ROY",3,14,FALSE,"Summer 2026_Communities"
"RBP","ROY",3,14,FALSE,"Summer 2026_Communities"
"PNW","ROY",1,14,FALSE,"Summer 2026_Communities"
"PLS","ROY",5,14,FALSE,"Summer 2026_Communities"
"GBO (was GPT)","ROY",6,14,FALSE,"Summer 2026_Communities"
"GDW (wasGYW)","ROY",10,14,FALSE,"Summer 2026_Communities"
"PND","ROY",10,14,FALSE,"Summer 2026_Communities"
"PNG","ROY",10,14,FALSE,"Summer 2026_Communities"
"PNP","ROY",10,14,FALSE,"Summer 2026_Communities"
"ROO","ROY",11,14,FALSE,"Summer 2026_Communities"
"RLB","ROY",12,14,FALSE,"Summer 2026_Communities"
"ROR","ROY",14,14,TRUE,"Summer 2026_Communities"
"GDO","ROY",13,14,FALSE,"Summer 2026_Communities"
"PBS","ROY",13,14,FALSE,"Summer 2026_Communities"
"PNL","ROY",13,14,FALSE,"Summer 2026_Communities"
"PBP (was PBB)","ROY",13,14,FALSE,"Summer 2026_Communities"
"GNT","ROY",15,14,FALSE,"Summer 2026_Communities"
"RGT","ROY",16,14,FALSE,"Summer 2026_Communities"
"CRY","ROY",17,14,FALSE,"Summer 2026_Communities"
"GDD (was GDR)","ROY",17,14,FALSE,"Summer 2026_Communities"
"GTR","ROY",17,14,FALSE,"Summer 2026_Communities"
"CGN","WBO",1,14,FALSE,"Summer 2026_Communities"
"RRY","WBO",2,14,FALSE,"Summer 2026_Communities"
"SDO","WBO",2,14,FALSE,"Summer 2026_Communities"
"RRR","WBO",2,14,FALSE,"Summer 2026_Communities"
"RRD","WBO",2,14,FALSE,"Summer 2026_Communities"
"SWT","WBO",2,14,FALSE,"Summer 2026_Communities"
"SYO","WBO",3,14,FALSE,"Summer 2026_Communities"
"GOS","WBO",3,14,FALSE,"Summer 2026_Communities"
"RSD","WBO",3,14,FALSE,"Summer 2026_Communities"
"SYT","WBO",3,14,FALSE,"Summer 2026_Communities"
"PBWorPWB","WBO",3,14,FALSE,"Summer 2026_Communities"
"SWB","WBO",3,14,FALSE,"Summer 2026_Communities"
"RBT","WBO",3,14,FALSE,"Summer 2026_Communities"
"SYR","WBO",3,14,FALSE,"Summer 2026_Communities"
"RBP","WBO",3,14,FALSE,"Summer 2026_Communities"
"PNW","WBO",1,14,FALSE,"Summer 2026_Communities"
"SOT","WBO",1,14,FALSE,"Summer 2026_Communities"
"PLS","WBO",5,14,FALSE,"Summer 2026_Communities"
"RTP","WBO",5,14,FALSE,"Summer 2026_Communities"
"SOG","WBO",1,14,FALSE,"Summer 2026_Communities"
"GBO (was GPT)","WBO",6,14,FALSE,"Summer 2026_Communities"
"GDW (wasGYW)","WBO",10,14,FALSE,"Summer 2026_Communities"
"PND","WBO",10,14,FALSE,"Summer 2026_Communities"
"PNG","WBO",10,14,FALSE,"Summer 2026_Communities"
"PNP","WBO",10,14,FALSE,"Summer 2026_Communities"
"ROO","WBO",11,14,FALSE,"Summer 2026_Communities"
"RLB","WBO",12,14,FALSE,"Summer 2026_Communities"
"ROY","WBO",14,14,TRUE,"Summer 2026_Communities"
"ROR","WBO",14,14,TRUE,"Summer 2026_Communities"
"SWS","WBO",14,14,TRUE,"Summer 2026_Communities"
"GDO","WBO",13,14,FALSE,"Summer 2026_Communities"
"PBS","WBO",13,14,FALSE,"Summer 2026_Communities"
"PNL","WBO",13,14,FALSE,"Summer 2026_Communities"
"PBP (was PBB)","WBO",13,14,FALSE,"Summer 2026_Communities"
"SRP","WBO",15,14,FALSE,"Summer 2026_Communities"
"GNT","WBO",15,14,FALSE,"Summer 2026_Communities"
"STT","WBO",16,14,FALSE,"Summer 2026_Communities"
"SGB","WBO",16,14,FALSE,"Summer 2026_Communities"
"RGT","WBO",16,14,FALSE,"Summer 2026_Communities"
"RTT","WBO",17,14,FALSE,"Summer 2026_Communities"
"CRY","WBO",17,14,FALSE,"Summer 2026_Communities"
"GDD (was GDR)","WBO",17,14,FALSE,"Summer 2026_Communities"
"GTR","WBO",17,14,FALSE,"Summer 2026_Communities"
"CGN","ROR",1,14,FALSE,"Summer 2026_Communities"
"GOS","ROR",3,14,FALSE,"Summer 2026_Communities"
"PBWorPWB","ROR",3,14,FALSE,"Summer 2026_Communities"
"RBT","ROR",3,14,FALSE,"Summer 2026_Communities"
"RBP","ROR",3,14,FALSE,"Summer 2026_Communities"
"PNW","ROR",1,14,FALSE,"Summer 2026_Communities"
"PLS","ROR",5,14,FALSE,"Summer 2026_Communities"
"GBO (was GPT)","ROR",6,14,FALSE,"Summer 2026_Communities"
"GDW (wasGYW)","ROR",10,14,FALSE,"Summer 2026_Communities"
"PND","ROR",10,14,FALSE,"Summer 2026_Communities"
"PNG","ROR",10,14,FALSE,"Summer 2026_Communities"
"PNP","ROR",10,14,FALSE,"Summer 2026_Communities"
"ROO","ROR",11,14,FALSE,"Summer 2026_Communities"
"RLB","ROR",12,14,FALSE,"Summer 2026_Communities"
"GDO","ROR",13,14,FALSE,"Summer 2026_Communities"
"PBS","ROR",13,14,FALSE,"Summer 2026_Communities"
"PNL","ROR",13,14,FALSE,"Summer 2026_Communities"
"PBP (was PBB)","ROR",13,14,FALSE,"Summer 2026_Communities"
"GNT","ROR",15,14,FALSE,"Summer 2026_Communities"
"RGT","ROR",16,14,FALSE,"Summer 2026_Communities"
"CRY","ROR",17,14,FALSE,"Summer 2026_Communities"
"GDD (was GDR)","ROR",17,14,FALSE,"Summer 2026_Communities"
"GTR","ROR",17,14,FALSE,"Summer 2026_Communities"
"CGN","YBY",1,13,FALSE,"Summer 2026_Communities"
"RRY","YBY",2,13,FALSE,"Summer 2026_Communities"
"SDO","YBY",2,13,FALSE,"Summer 2026_Communities"
"RRR","YBY",2,13,FALSE,"Summer 2026_Communities"
"RRD","YBY",2,13,FALSE,"Summer 2026_Communities"
"SWT","YBY",2,13,FALSE,"Summer 2026_Communities"
"SYO","YBY",3,13,FALSE,"Summer 2026_Communities"
"GOS","YBY",3,13,FALSE,"Summer 2026_Communities"
"RSD","YBY",3,13,FALSE,"Summer 2026_Communities"
"SYT","YBY",3,13,FALSE,"Summer 2026_Communities"
"PBWorPWB","YBY",3,13,FALSE,"Summer 2026_Communities"
"SWB","YBY",3,13,FALSE,"Summer 2026_Communities"
"RBT","YBY",3,13,FALSE,"Summer 2026_Communities"
"SYR","YBY",3,13,FALSE,"Summer 2026_Communities"
"RBP","YBY",3,13,FALSE,"Summer 2026_Communities"
"WBT","YBY",4,13,FALSE,"Summer 2026_Communities"
"PNW","YBY",1,13,FALSE,"Summer 2026_Communities"
"SOT","YBY",1,13,FALSE,"Summer 2026_Communities"
"PLS","YBY",5,13,FALSE,"Summer 2026_Communities"
"RTP","YBY",5,13,FALSE,"Summer 2026_Communities"
"SOG","YBY",1,13,FALSE,"Summer 2026_Communities"
"YBN","YBY",6,13,FALSE,"Summer 2026_Communities"
"WOG","YBY",6,13,FALSE,"Summer 2026_Communities"
"WSY","YBY",6,13,FALSE,"Summer 2026_Communities"
"WWB","YBY",6,13,FALSE,"Summer 2026_Communities"
"GBO (was GPT)","YBY",6,13,FALSE,"Summer 2026_Communities"
"GDW (wasGYW)","YBY",10,13,FALSE,"Summer 2026_Communities"
"PND","YBY",10,13,FALSE,"Summer 2026_Communities"
"PNG","YBY",10,13,FALSE,"Summer 2026_Communities"
"PNP","YBY",10,13,FALSE,"Summer 2026_Communities"
"ROO","YBY",11,13,FALSE,"Summer 2026_Communities"
"RLB","YBY",12,13,FALSE,"Summer 2026_Communities"
"YBT","YBY",13,13,TRUE,"Summer 2026_Communities"
"ROY","YBY",14,13,FALSE,"Summer 2026_Communities"
"WBO","YBY",14,13,FALSE,"Summer 2026_Communities"
"ROR","YBY",14,13,FALSE,"Summer 2026_Communities"
"SWS","YBY",14,13,FALSE,"Summer 2026_Communities"
"GDO","YBY",13,13,TRUE,"Summer 2026_Communities"
"PBS","YBY",13,13,TRUE,"Summer 2026_Communities"
"PNL","YBY",13,13,TRUE,"Summer 2026_Communities"
"PBP (was PBB)","YBY",13,13,TRUE,"Summer 2026_Communities"
"WWD","YBY",15,13,FALSE,"Summer 2026_Communities"
"SRP","YBY",15,13,FALSE,"Summer 2026_Communities"
"GNT","YBY",15,13,FALSE,"Summer 2026_Communities"
"WDN","YBY",15,13,FALSE,"Summer 2026_Communities"
"WDW","YBY",15,13,FALSE,"Summer 2026_Communities"
"STT","YBY",16,13,FALSE,"Summer 2026_Communities"
"SGB","YBY",16,13,FALSE,"Summer 2026_Communities"
"RGT","YBY",16,13,FALSE,"Summer 2026_Communities"
"RTT","YBY",17,13,FALSE,"Summer 2026_Communities"
"WYD","YBY",17,13,FALSE,"Summer 2026_Communities"
"CRY","YBY",17,13,FALSE,"Summer 2026_Communities"
"GDD (was GDR)","YBY",17,13,FALSE,"Summer 2026_Communities"
"WDG","YBY",17,13,FALSE,"Summer 2026_Communities"
"GTR","YBY",17,13,FALSE,"Summer 2026_Communities"
"CGN","SWS",1,14,FALSE,"Summer 2026_Communities"
"RRY","SWS",2,14,FALSE,"Summer 2026_Communities"
"SDO","SWS",2,14,FALSE,"Summer 2026_Communities"
"RRR","SWS",2,14,FALSE,"Summer 2026_Communities"
"RRD","SWS",2,14,FALSE,"Summer 2026_Communities"
"GOS","SWS",3,14,FALSE,"Summer 2026_Communities"
"RSD","SWS",3,14,FALSE,"Summer 2026_Communities"
"PBWorPWB","SWS",3,14,FALSE,"Summer 2026_Communities"
"SWB","SWS",3,14,FALSE,"Summer 2026_Communities"
"RBT","SWS",3,14,FALSE,"Summer 2026_Communities"
"RBP","SWS",3,14,FALSE,"Summer 2026_Communities"
"PNW","SWS",1,14,FALSE,"Summer 2026_Communities"
"SOT","SWS",1,14,FALSE,"Summer 2026_Communities"
"PLS","SWS",5,14,FALSE,"Summer 2026_Communities"
"RTP","SWS",5,14,FALSE,"Summer 2026_Communities"
"SOG","SWS",1,14,FALSE,"Summer 2026_Communities"
"GBO (was GPT)","SWS",6,14,FALSE,"Summer 2026_Communities"
"GDW (wasGYW)","SWS",10,14,FALSE,"Summer 2026_Communities"
"PND","SWS",10,14,FALSE,"Summer 2026_Communities"
"PNG","SWS",10,14,FALSE,"Summer 2026_Communities"
"PNP","SWS",10,14,FALSE,"Summer 2026_Communities"
"ROO","SWS",11,14,FALSE,"Summer 2026_Communities"
"RLB","SWS",12,14,FALSE,"Summer 2026_Communities"
"ROY","SWS",14,14,TRUE,"Summer 2026_Communities"
"ROR","SWS",14,14,TRUE,"Summer 2026_Communities"
"GDO","SWS",13,14,FALSE,"Summer 2026_Communities"
"PBS","SWS",13,14,FALSE,"Summer 2026_Communities"
"PNL","SWS",13,14,FALSE,"Summer 2026_Communities"
"PBP (was PBB)","SWS",13,14,FALSE,"Summer 2026_Communities"
"SRP","SWS",15,14,FALSE,"Summer 2026_Communities"
"GNT","SWS",15,14,FALSE,"Summer 2026_Communities"
"STT","SWS",16,14,FALSE,"Summer 2026_Communities"
"SGB","SWS",16,14,FALSE,"Summer 2026_Communities"
"RGT","SWS",16,14,FALSE,"Summer 2026_Communities"
"RTT","SWS",17,14,FALSE,"Summer 2026_Communities"
"CRY","SWS",17,14,FALSE,"Summer 2026_Communities"
"GDD (was GDR)","SWS",17,14,FALSE,"Summer 2026_Communities"
"GTR","SWS",17,14,FALSE,"Summer 2026_Communities"
"CGN","YGY",1,13,FALSE,"Summer 2026_Communities"
"RRY","YGY",2,13,FALSE,"Summer 2026_Communities"
"SDO","YGY",2,13,FALSE,"Summer 2026_Communities"
"RRR","YGY",2,13,FALSE,"Summer 2026_Communities"
"RRD","YGY",2,13,FALSE,"Summer 2026_Communities"
"SWT","YGY",2,13,FALSE,"Summer 2026_Communities"
"SYO","YGY",3,13,FALSE,"Summer 2026_Communities"
"GOS","YGY",3,13,FALSE,"Summer 2026_Communities"
"RSD","YGY",3,13,FALSE,"Summer 2026_Communities"
"SYT","YGY",3,13,FALSE,"Summer 2026_Communities"
"PBWorPWB","YGY",3,13,FALSE,"Summer 2026_Communities"
"SWB","YGY",3,13,FALSE,"Summer 2026_Communities"
"RBT","YGY",3,13,FALSE,"Summer 2026_Communities"
"SYR","YGY",3,13,FALSE,"Summer 2026_Communities"
"RBP","YGY",3,13,FALSE,"Summer 2026_Communities"
"WBT","YGY",4,13,FALSE,"Summer 2026_Communities"
"PNW","YGY",1,13,FALSE,"Summer 2026_Communities"
"YDP","YGY",1,13,FALSE,"Summer 2026_Communities"
"SOT","YGY",1,13,FALSE,"Summer 2026_Communities"
"PLS","YGY",5,13,FALSE,"Summer 2026_Communities"
"RTP","YGY",5,13,FALSE,"Summer 2026_Communities"
"SOG","YGY",1,13,FALSE,"Summer 2026_Communities"
"YBN","YGY",6,13,FALSE,"Summer 2026_Communities"
"WOG","YGY",6,13,FALSE,"Summer 2026_Communities"
"YDT","YGY",7,13,FALSE,"Summer 2026_Communities"
"WSY","YGY",6,13,FALSE,"Summer 2026_Communities"
"YDD","YGY",8,13,FALSE,"Summer 2026_Communities"
"WWB","YGY",6,13,FALSE,"Summer 2026_Communities"
"YGD","YGY",6,13,FALSE,"Summer 2026_Communities"
"YDW","YGY",6,13,FALSE,"Summer 2026_Communities"
"GBO (was GPT)","YGY",6,13,FALSE,"Summer 2026_Communities"
"GDW (wasGYW)","YGY",10,13,FALSE,"Summer 2026_Communities"
"PND","YGY",10,13,FALSE,"Summer 2026_Communities"
"PNG","YGY",10,13,FALSE,"Summer 2026_Communities"
"PNP","YGY",10,13,FALSE,"Summer 2026_Communities"
"ROO","YGY",11,13,FALSE,"Summer 2026_Communities"
"RLB","YGY",12,13,FALSE,"Summer 2026_Communities"
"YBT","YGY",13,13,TRUE,"Summer 2026_Communities"
"ROY","YGY",14,13,FALSE,"Summer 2026_Communities"
"WBO","YGY",14,13,FALSE,"Summer 2026_Communities"
"ROR","YGY",14,13,FALSE,"Summer 2026_Communities"
"YBY","YGY",13,13,TRUE,"Summer 2026_Communities"
"SWS","YGY",14,13,FALSE,"Summer 2026_Communities"
"GDO","YGY",13,13,TRUE,"Summer 2026_Communities"
"PBS","YGY",13,13,TRUE,"Summer 2026_Communities"
"PNL","YGY",13,13,TRUE,"Summer 2026_Communities"
"PBP (was PBB)","YGY",13,13,TRUE,"Summer 2026_Communities"
"WWD","YGY",15,13,FALSE,"Summer 2026_Communities"
"SRP","YGY",15,13,FALSE,"Summer 2026_Communities"
"GNT","YGY",15,13,FALSE,"Summer 2026_Communities"
"WDN","YGY",15,13,FALSE,"Summer 2026_Communities"
"WDW","YGY",15,13,FALSE,"Summer 2026_Communities"
"STT","YGY",16,13,FALSE,"Summer 2026_Communities"
"SGB","YGY",16,13,FALSE,"Summer 2026_Communities"
"RGT","YGY",16,13,FALSE,"Summer 2026_Communities"
"RTT","YGY",17,13,FALSE,"Summer 2026_Communities"
"WYD","YGY",17,13,FALSE,"Summer 2026_Communities"
"CRY","YGY",17,13,FALSE,"Summer 2026_Communities"
"GDD (was GDR)","YGY",17,13,FALSE,"Summer 2026_Communities"
"WDG","YGY",17,13,FALSE,"Summer 2026_Communities"
"GTR","YGY",17,13,FALSE,"Summer 2026_Communities"
"CGN","YND",1,13,FALSE,"Summer 2026_Communities"
"RRY","YND",2,13,FALSE,"Summer 2026_Communities"
"SDO","YND",2,13,FALSE,"Summer 2026_Communities"
"RRR","YND",2,13,FALSE,"Summer 2026_Communities"
"RRD","YND",2,13,FALSE,"Summer 2026_Communities"
"SWT","YND",2,13,FALSE,"Summer 2026_Communities"
"SYO","YND",3,13,FALSE,"Summer 2026_Communities"
"GOS","YND",3,13,FALSE,"Summer 2026_Communities"
"RSD","YND",3,13,FALSE,"Summer 2026_Communities"
"SYT","YND",3,13,FALSE,"Summer 2026_Communities"
"PBWorPWB","YND",3,13,FALSE,"Summer 2026_Communities"
"SWB","YND",3,13,FALSE,"Summer 2026_Communities"
"RBT","YND",3,13,FALSE,"Summer 2026_Communities"
"SYR","YND",3,13,FALSE,"Summer 2026_Communities"
"RBP","YND",3,13,FALSE,"Summer 2026_Communities"
"WBT","YND",4,13,FALSE,"Summer 2026_Communities"
"PNW","YND",1,13,FALSE,"Summer 2026_Communities"
"YDP","YND",1,13,FALSE,"Summer 2026_Communities"
"SOT","YND",1,13,FALSE,"Summer 2026_Communities"
"PLS","YND",5,13,FALSE,"Summer 2026_Communities"
"RTP","YND",5,13,FALSE,"Summer 2026_Communities"
"SOG","YND",1,13,FALSE,"Summer 2026_Communities"
"YBN","YND",6,13,FALSE,"Summer 2026_Communities"
"WOG","YND",6,13,FALSE,"Summer 2026_Communities"
"YDT","YND",7,13,FALSE,"Summer 2026_Communities"
"WSY","YND",6,13,FALSE,"Summer 2026_Communities"
"YDD","YND",8,13,FALSE,"Summer 2026_Communities"
"WWB","YND",6,13,FALSE,"Summer 2026_Communities"
"YGD","YND",6,13,FALSE,"Summer 2026_Communities"
"YDW","YND",6,13,FALSE,"Summer 2026_Communities"
"GBO (was GPT)","YND",6,13,FALSE,"Summer 2026_Communities"
"GDW (wasGYW)","YND",10,13,FALSE,"Summer 2026_Communities"
"PND","YND",10,13,FALSE,"Summer 2026_Communities"
"PNG","YND",10,13,FALSE,"Summer 2026_Communities"
"PNP","YND",10,13,FALSE,"Summer 2026_Communities"
"ROO","YND",11,13,FALSE,"Summer 2026_Communities"
"RLB","YND",12,13,FALSE,"Summer 2026_Communities"
"YBT","YND",13,13,TRUE,"Summer 2026_Communities"
"ROY","YND",14,13,FALSE,"Summer 2026_Communities"
"WBO","YND",14,13,FALSE,"Summer 2026_Communities"
"ROR","YND",14,13,FALSE,"Summer 2026_Communities"
"YBY","YND",13,13,TRUE,"Summer 2026_Communities"
"SWS","YND",14,13,FALSE,"Summer 2026_Communities"
"YGY","YND",13,13,TRUE,"Summer 2026_Communities"
"GDO","YND",13,13,TRUE,"Summer 2026_Communities"
"PBS","YND",13,13,TRUE,"Summer 2026_Communities"
"PNL","YND",13,13,TRUE,"Summer 2026_Communities"
"PBP (was PBB)","YND",13,13,TRUE,"Summer 2026_Communities"
"WWD","YND",15,13,FALSE,"Summer 2026_Communities"
"SRP","YND",15,13,FALSE,"Summer 2026_Communities"
"GNT","YND",15,13,FALSE,"Summer 2026_Communities"
"WDN","YND",15,13,FALSE,"Summer 2026_Communities"
"WDW","YND",15,13,FALSE,"Summer 2026_Communities"
"STT","YND",16,13,FALSE,"Summer 2026_Communities"
"SGB","YND",16,13,FALSE,"Summer 2026_Communities"
"RGT","YND",16,13,FALSE,"Summer 2026_Communities"
"RTT","YND",17,13,FALSE,"Summer 2026_Communities"
"WYD","YND",17,13,FALSE,"Summer 2026_Communities"
"CRY","YND",17,13,FALSE,"Summer 2026_Communities"
"GDD (was GDR)","YND",17,13,FALSE,"Summer 2026_Communities"
"WDG","YND",17,13,FALSE,"Summer 2026_Communities"
"GTR","YND",17,13,FALSE,"Summer 2026_Communities"
"CGN","GDO",1,13,FALSE,"Summer 2026_Communities"
"GBO (was GPT)","GDO",6,13,FALSE,"Summer 2026_Communities"
"CRY","GDO",17,13,FALSE,"Summer 2026_Communities"
"GDD (was GDR)","GDO",17,13,FALSE,"Summer 2026_Communities"
"CGN","PBS",1,13,FALSE,"Summer 2026_Communities"
"GOS","PBS",3,13,FALSE,"Summer 2026_Communities"
"GBO (was GPT)","PBS",6,13,FALSE,"Summer 2026_Communities"
"GDW (wasGYW)","PBS",10,13,FALSE,"Summer 2026_Communities"
"GDO","PBS",13,13,TRUE,"Summer 2026_Communities"
"PBP (was PBB)","PBS",13,13,TRUE,"Summer 2026_Communities"
"GNT","PBS",15,13,FALSE,"Summer 2026_Communities"
"CRY","PBS",17,13,FALSE,"Summer 2026_Communities"
"GDD (was GDR)","PBS",17,13,FALSE,"Summer 2026_Communities"
"GTR","PBS",17,13,FALSE,"Summer 2026_Communities"
"CGN","PNL",1,13,FALSE,"Summer 2026_Communities"
"GOS","PNL",3,13,FALSE,"Summer 2026_Communities"
"PBWorPWB","PNL",3,13,FALSE,"Summer 2026_Communities"
"PLS","PNL",5,13,FALSE,"Summer 2026_Communities"
"GBO (was GPT)","PNL",6,13,FALSE,"Summer 2026_Communities"
"GDW (wasGYW)","PNL",10,13,FALSE,"Summer 2026_Communities"
"PND","PNL",10,13,FALSE,"Summer 2026_Communities"
"PNG","PNL",10,13,FALSE,"Summer 2026_Communities"
"GDO","PNL",13,13,TRUE,"Summer 2026_Communities"
"PBS","PNL",13,13,TRUE,"Summer 2026_Communities"
"PBP (was PBB)","PNL",13,13,TRUE,"Summer 2026_Communities"
"GNT","PNL",15,13,FALSE,"Summer 2026_Communities"
"CRY","PNL",17,13,FALSE,"Summer 2026_Communities"
"GDD (was GDR)","PNL",17,13,FALSE,"Summer 2026_Communities"
"GTR","PNL",17,13,FALSE,"Summer 2026_Communities"
"CGN","PBP (was PBB)",1,13,FALSE,"Summer 2026_Communities"
"GOS","PBP (was PBB)",3,13,FALSE,"Summer 2026_Communities"
"GBO (was GPT)","PBP (was PBB)",6,13,FALSE,"Summer 2026_Communities"
"GDW (wasGYW)","PBP (was PBB)",10,13,FALSE,"Summer 2026_Communities"
"GDO","PBP (was PBB)",13,13,TRUE,"Summer 2026_Communities"
"GNT","PBP (was PBB)",15,13,FALSE,"Summer 2026_Communities"
"CRY","PBP (was PBB)",17,13,FALSE,"Summer 2026_Communities"
"GDD (was GDR)","PBP (was PBB)",17,13,FALSE,"Summer 2026_Communities"
"GTR","PBP (was PBB)",17,13,FALSE,"Summer 2026_Communities"
"CGN","WWD",1,15,FALSE,"Summer 2026_Communities"
"RRY","WWD",2,15,FALSE,"Summer 2026_Communities"
"SDO","WWD",2,15,FALSE,"Summer 2026_Communities"
"RRR","WWD",2,15,FALSE,"Summer 2026_Communities"
"RRD","WWD",2,15,FALSE,"Summer 2026_Communities"
"SWT","WWD",2,15,FALSE,"Summer 2026_Communities"
"SYO","WWD",3,15,FALSE,"Summer 2026_Communities"
"GOS","WWD",3,15,FALSE,"Summer 2026_Communities"
"RSD","WWD",3,15,FALSE,"Summer 2026_Communities"
"SYT","WWD",3,15,FALSE,"Summer 2026_Communities"
"PBWorPWB","WWD",3,15,FALSE,"Summer 2026_Communities"
"SWB","WWD",3,15,FALSE,"Summer 2026_Communities"
"RBT","WWD",3,15,FALSE,"Summer 2026_Communities"
"SYR","WWD",3,15,FALSE,"Summer 2026_Communities"
"RBP","WWD",3,15,FALSE,"Summer 2026_Communities"
"WBT","WWD",4,15,FALSE,"Summer 2026_Communities"
"PNW","WWD",1,15,FALSE,"Summer 2026_Communities"
"SOT","WWD",1,15,FALSE,"Summer 2026_Communities"
"PLS","WWD",5,15,FALSE,"Summer 2026_Communities"
"RTP","WWD",5,15,FALSE,"Summer 2026_Communities"
"SOG","WWD",1,15,FALSE,"Summer 2026_Communities"
"WOG","WWD",6,15,FALSE,"Summer 2026_Communities"
"WSY","WWD",6,15,FALSE,"Summer 2026_Communities"
"WWB","WWD",6,15,FALSE,"Summer 2026_Communities"
"GBO (was GPT)","WWD",6,15,FALSE,"Summer 2026_Communities"
"GDW (wasGYW)","WWD",10,15,FALSE,"Summer 2026_Communities"
"PND","WWD",10,15,FALSE,"Summer 2026_Communities"
"PNG","WWD",10,15,FALSE,"Summer 2026_Communities"
"PNP","WWD",10,15,FALSE,"Summer 2026_Communities"
"ROO","WWD",11,15,FALSE,"Summer 2026_Communities"
"RLB","WWD",12,15,FALSE,"Summer 2026_Communities"
"ROY","WWD",14,15,FALSE,"Summer 2026_Communities"
"WBO","WWD",14,15,FALSE,"Summer 2026_Communities"
"ROR","WWD",14,15,FALSE,"Summer 2026_Communities"
"SWS","WWD",14,15,FALSE,"Summer 2026_Communities"
"GDO","WWD",13,15,FALSE,"Summer 2026_Communities"
"PBS","WWD",13,15,FALSE,"Summer 2026_Communities"
"PNL","WWD",13,15,FALSE,"Summer 2026_Communities"
"PBP (was PBB)","WWD",13,15,FALSE,"Summer 2026_Communities"
"SRP","WWD",15,15,TRUE,"Summer 2026_Communities"
"GNT","WWD",15,15,TRUE,"Summer 2026_Communities"
"WDN","WWD",15,15,TRUE,"Summer 2026_Communities"
"WDW","WWD",15,15,TRUE,"Summer 2026_Communities"
"STT","WWD",16,15,FALSE,"Summer 2026_Communities"
"SGB","WWD",16,15,FALSE,"Summer 2026_Communities"
"RGT","WWD",16,15,FALSE,"Summer 2026_Communities"
"RTT","WWD",17,15,FALSE,"Summer 2026_Communities"
"CRY","WWD",17,15,FALSE,"Summer 2026_Communities"
"GDD (was GDR)","WWD",17,15,FALSE,"Summer 2026_Communities"
"WDG","WWD",17,15,FALSE,"Summer 2026_Communities"
"GTR","WWD",17,15,FALSE,"Summer 2026_Communities"
"CGN","SRP",1,15,FALSE,"Summer 2026_Communities"
"RRY","SRP",2,15,FALSE,"Summer 2026_Communities"
"SDO","SRP",2,15,FALSE,"Summer 2026_Communities"
"RRR","SRP",2,15,FALSE,"Summer 2026_Communities"
"RRD","SRP",2,15,FALSE,"Summer 2026_Communities"
"GOS","SRP",3,15,FALSE,"Summer 2026_Communities"
"RSD","SRP",3,15,FALSE,"Summer 2026_Communities"
"PBWorPWB","SRP",3,15,FALSE,"Summer 2026_Communities"
"RBT","SRP",3,15,FALSE,"Summer 2026_Communities"
"RBP","SRP",3,15,FALSE,"Summer 2026_Communities"
"PNW","SRP",1,15,FALSE,"Summer 2026_Communities"
"SOT","SRP",1,15,FALSE,"Summer 2026_Communities"
"PLS","SRP",5,15,FALSE,"Summer 2026_Communities"
"RTP","SRP",5,15,FALSE,"Summer 2026_Communities"
"SOG","SRP",1,15,FALSE,"Summer 2026_Communities"
"GBO (was GPT)","SRP",6,15,FALSE,"Summer 2026_Communities"
"GDW (wasGYW)","SRP",10,15,FALSE,"Summer 2026_Communities"
"PND","SRP",10,15,FALSE,"Summer 2026_Communities"
"PNG","SRP",10,15,FALSE,"Summer 2026_Communities"
"PNP","SRP",10,15,FALSE,"Summer 2026_Communities"
"ROO","SRP",11,15,FALSE,"Summer 2026_Communities"
"RLB","SRP",12,15,FALSE,"Summer 2026_Communities"
"ROY","SRP",14,15,FALSE,"Summer 2026_Communities"
"ROR","SRP",14,15,FALSE,"Summer 2026_Communities"
"GDO","SRP",13,15,FALSE,"Summer 2026_Communities"
"PBS","SRP",13,15,FALSE,"Summer 2026_Communities"
"PNL","SRP",13,15,FALSE,"Summer 2026_Communities"
"PBP (was PBB)","SRP",13,15,FALSE,"Summer 2026_Communities"
"GNT","SRP",15,15,TRUE,"Summer 2026_Communities"
"SGB","SRP",16,15,FALSE,"Summer 2026_Communities"
"RGT","SRP",16,15,FALSE,"Summer 2026_Communities"
"RTT","SRP",17,15,FALSE,"Summer 2026_Communities"
"CRY","SRP",17,15,FALSE,"Summer 2026_Communities"
"GDD (was GDR)","SRP",17,15,FALSE,"Summer 2026_Communities"
"GTR","SRP",17,15,FALSE,"Summer 2026_Communities"
"CGN","GNT",1,15,FALSE,"Summer 2026_Communities"
"GBO (was GPT)","GNT",6,15,FALSE,"Summer 2026_Communities"
"GDW (wasGYW)","GNT",10,15,FALSE,"Summer 2026_Communities"
"GDO","GNT",13,15,FALSE,"Summer 2026_Communities"
"CRY","GNT",17,15,FALSE,"Summer 2026_Communities"
"GDD (was GDR)","GNT",17,15,FALSE,"Summer 2026_Communities"
"CGN","WDN",1,15,FALSE,"Summer 2026_Communities"
"RRY","WDN",2,15,FALSE,"Summer 2026_Communities"
"SDO","WDN",2,15,FALSE,"Summer 2026_Communities"
"RRR","WDN",2,15,FALSE,"Summer 2026_Communities"
"RRD","WDN",2,15,FALSE,"Summer 2026_Communities"
"SWT","WDN",2,15,FALSE,"Summer 2026_Communities"
"SYO","WDN",3,15,FALSE,"Summer 2026_Communities"
"GOS","WDN",3,15,FALSE,"Summer 2026_Communities"
"RSD","WDN",3,15,FALSE,"Summer 2026_Communities"
"SYT","WDN",3,15,FALSE,"Summer 2026_Communities"
"PBWorPWB","WDN",3,15,FALSE,"Summer 2026_Communities"
"SWB","WDN",3,15,FALSE,"Summer 2026_Communities"
"RBT","WDN",3,15,FALSE,"Summer 2026_Communities"
"SYR","WDN",3,15,FALSE,"Summer 2026_Communities"
"RBP","WDN",3,15,FALSE,"Summer 2026_Communities"
"WBT","WDN",4,15,FALSE,"Summer 2026_Communities"
"PNW","WDN",1,15,FALSE,"Summer 2026_Communities"
"SOT","WDN",1,15,FALSE,"Summer 2026_Communities"
"PLS","WDN",5,15,FALSE,"Summer 2026_Communities"
"RTP","WDN",5,15,FALSE,"Summer 2026_Communities"
"SOG","WDN",1,15,FALSE,"Summer 2026_Communities"
"GBO (was GPT)","WDN",6,15,FALSE,"Summer 2026_Communities"
"GDW (wasGYW)","WDN",10,15,FALSE,"Summer 2026_Communities"
"PND","WDN",10,15,FALSE,"Summer 2026_Communities"
"PNG","WDN",10,15,FALSE,"Summer 2026_Communities"
"PNP","WDN",10,15,FALSE,"Summer 2026_Communities"
"ROO","WDN",11,15,FALSE,"Summer 2026_Communities"
"RLB","WDN",12,15,FALSE,"Summer 2026_Communities"
"ROY","WDN",14,15,FALSE,"Summer 2026_Communities"
"WBO","WDN",14,15,FALSE,"Summer 2026_Communities"
"ROR","WDN",14,15,FALSE,"Summer 2026_Communities"
"SWS","WDN",14,15,FALSE,"Summer 2026_Communities"
"GDO","WDN",13,15,FALSE,"Summer 2026_Communities"
"PBS","WDN",13,15,FALSE,"Summer 2026_Communities"
"PNL","WDN",13,15,FALSE,"Summer 2026_Communities"
"PBP (was PBB)","WDN",13,15,FALSE,"Summer 2026_Communities"
"SRP","WDN",15,15,TRUE,"Summer 2026_Communities"
"GNT","WDN",15,15,TRUE,"Summer 2026_Communities"
"STT","WDN",16,15,FALSE,"Summer 2026_Communities"
"SGB","WDN",16,15,FALSE,"Summer 2026_Communities"
"RGT","WDN",16,15,FALSE,"Summer 2026_Communities"
"RTT","WDN",17,15,FALSE,"Summer 2026_Communities"
"CRY","WDN",17,15,FALSE,"Summer 2026_Communities"
"GDD (was GDR)","WDN",17,15,FALSE,"Summer 2026_Communities"
"WDG","WDN",17,15,FALSE,"Summer 2026_Communities"
"GTR","WDN",17,15,FALSE,"Summer 2026_Communities"
"CGN","WDW",1,15,FALSE,"Summer 2026_Communities"
"RRY","WDW",2,15,FALSE,"Summer 2026_Communities"
"SDO","WDW",2,15,FALSE,"Summer 2026_Communities"
"RRR","WDW",2,15,FALSE,"Summer 2026_Communities"
"RRD","WDW",2,15,FALSE,"Summer 2026_Communities"
"SWT","WDW",2,15,FALSE,"Summer 2026_Communities"
"SYO","WDW",3,15,FALSE,"Summer 2026_Communities"
"GOS","WDW",3,15,FALSE,"Summer 2026_Communities"
"RSD","WDW",3,15,FALSE,"Summer 2026_Communities"
"SYT","WDW",3,15,FALSE,"Summer 2026_Communities"
"PBWorPWB","WDW",3,15,FALSE,"Summer 2026_Communities"
"SWB","WDW",3,15,FALSE,"Summer 2026_Communities"
"RBT","WDW",3,15,FALSE,"Summer 2026_Communities"
"SYR","WDW",3,15,FALSE,"Summer 2026_Communities"
"RBP","WDW",3,15,FALSE,"Summer 2026_Communities"
"WBT","WDW",4,15,FALSE,"Summer 2026_Communities"
"PNW","WDW",1,15,FALSE,"Summer 2026_Communities"
"SOT","WDW",1,15,FALSE,"Summer 2026_Communities"
"PLS","WDW",5,15,FALSE,"Summer 2026_Communities"
"RTP","WDW",5,15,FALSE,"Summer 2026_Communities"
"SOG","WDW",1,15,FALSE,"Summer 2026_Communities"
"GBO (was GPT)","WDW",6,15,FALSE,"Summer 2026_Communities"
"GDW (wasGYW)","WDW",10,15,FALSE,"Summer 2026_Communities"
"PND","WDW",10,15,FALSE,"Summer 2026_Communities"
"PNG","WDW",10,15,FALSE,"Summer 2026_Communities"
"PNP","WDW",10,15,FALSE,"Summer 2026_Communities"
"ROO","WDW",11,15,FALSE,"Summer 2026_Communities"
"RLB","WDW",12,15,FALSE,"Summer 2026_Communities"
"ROY","WDW",14,15,FALSE,"Summer 2026_Communities"
"WBO","WDW",14,15,FALSE,"Summer 2026_Communities"
"ROR","WDW",14,15,FALSE,"Summer 2026_Communities"
"SWS","WDW",14,15,FALSE,"Summer 2026_Communities"
"GDO","WDW",13,15,FALSE,"Summer 2026_Communities"
"PBS","WDW",13,15,FALSE,"Summer 2026_Communities"
"PNL","WDW",13,15,FALSE,"Summer 2026_Communities"
"PBP (was PBB)","WDW",13,15,FALSE,"Summer 2026_Communities"
"SRP","WDW",15,15,TRUE,"Summer 2026_Communities"
"GNT","WDW",15,15,TRUE,"Summer 2026_Communities"
"WDN","WDW",15,15,TRUE,"Summer 2026_Communities"
"STT","WDW",16,15,FALSE,"Summer 2026_Communities"
"SGB","WDW",16,15,FALSE,"Summer 2026_Communities"
"RGT","WDW",16,15,FALSE,"Summer 2026_Communities"
"RTT","WDW",17,15,FALSE,"Summer 2026_Communities"
"CRY","WDW",17,15,FALSE,"Summer 2026_Communities"
"GDD (was GDR)","WDW",17,15,FALSE,"Summer 2026_Communities"
"WDG","WDW",17,15,FALSE,"Summer 2026_Communities"
"GTR","WDW",17,15,FALSE,"Summer 2026_Communities"
"CGN","STT",1,16,FALSE,"Summer 2026_Communities"
"RRY","STT",2,16,FALSE,"Summer 2026_Communities"
"SDO","STT",2,16,FALSE,"Summer 2026_Communities"
"RRR","STT",2,16,FALSE,"Summer 2026_Communities"
"RRD","STT",2,16,FALSE,"Summer 2026_Communities"
"GOS","STT",3,16,FALSE,"Summer 2026_Communities"
"RSD","STT",3,16,FALSE,"Summer 2026_Communities"
"PBWorPWB","STT",3,16,FALSE,"Summer 2026_Communities"
"RBT","STT",3,16,FALSE,"Summer 2026_Communities"
"RBP","STT",3,16,FALSE,"Summer 2026_Communities"
"PNW","STT",1,16,FALSE,"Summer 2026_Communities"
"SOT","STT",1,16,FALSE,"Summer 2026_Communities"
"PLS","STT",5,16,FALSE,"Summer 2026_Communities"
"RTP","STT",5,16,FALSE,"Summer 2026_Communities"
"SOG","STT",1,16,FALSE,"Summer 2026_Communities"
"GBO (was GPT)","STT",6,16,FALSE,"Summer 2026_Communities"
"GDW (wasGYW)","STT",10,16,FALSE,"Summer 2026_Communities"
"PND","STT",10,16,FALSE,"Summer 2026_Communities"
"PNG","STT",10,16,FALSE,"Summer 2026_Communities"
"PNP","STT",10,16,FALSE,"Summer 2026_Communities"
"ROO","STT",11,16,FALSE,"Summer 2026_Communities"
"RLB","STT",12,16,FALSE,"Summer 2026_Communities"
"ROY","STT",14,16,FALSE,"Summer 2026_Communities"
"ROR","STT",14,16,FALSE,"Summer 2026_Communities"
"GDO","STT",13,16,FALSE,"Summer 2026_Communities"
"PBS","STT",13,16,FALSE,"Summer 2026_Communities"
"PNL","STT",13,16,FALSE,"Summer 2026_Communities"
"PBP (was PBB)","STT",13,16,FALSE,"Summer 2026_Communities"
"SRP","STT",15,16,FALSE,"Summer 2026_Communities"
"GNT","STT",15,16,FALSE,"Summer 2026_Communities"
"SGB","STT",16,16,TRUE,"Summer 2026_Communities"
"RGT","STT",16,16,TRUE,"Summer 2026_Communities"
"RTT","STT",17,16,FALSE,"Summer 2026_Communities"
"CRY","STT",17,16,FALSE,"Summer 2026_Communities"
"GDD (was GDR)","STT",17,16,FALSE,"Summer 2026_Communities"
"GTR","STT",17,16,FALSE,"Summer 2026_Communities"
"CGN","SGB",1,16,FALSE,"Summer 2026_Communities"
"RRY","SGB",2,16,FALSE,"Summer 2026_Communities"
"SDO","SGB",2,16,FALSE,"Summer 2026_Communities"
"RRR","SGB",2,16,FALSE,"Summer 2026_Communities"
"RRD","SGB",2,16,FALSE,"Summer 2026_Communities"
"GOS","SGB",3,16,FALSE,"Summer 2026_Communities"
"RSD","SGB",3,16,FALSE,"Summer 2026_Communities"
"PBWorPWB","SGB",3,16,FALSE,"Summer 2026_Communities"
"RBT","SGB",3,16,FALSE,"Summer 2026_Communities"
"RBP","SGB",3,16,FALSE,"Summer 2026_Communities"
"PNW","SGB",1,16,FALSE,"Summer 2026_Communities"
"PLS","SGB",5,16,FALSE,"Summer 2026_Communities"
"RTP","SGB",5,16,FALSE,"Summer 2026_Communities"
"GBO (was GPT)","SGB",6,16,FALSE,"Summer 2026_Communities"
"GDW (wasGYW)","SGB",10,16,FALSE,"Summer 2026_Communities"
"PND","SGB",10,16,FALSE,"Summer 2026_Communities"
"PNG","SGB",10,16,FALSE,"Summer 2026_Communities"
"PNP","SGB",10,16,FALSE,"Summer 2026_Communities"
"ROO","SGB",11,16,FALSE,"Summer 2026_Communities"
"RLB","SGB",12,16,FALSE,"Summer 2026_Communities"
"ROY","SGB",14,16,FALSE,"Summer 2026_Communities"
"ROR","SGB",14,16,FALSE,"Summer 2026_Communities"
"GDO","SGB",13,16,FALSE,"Summer 2026_Communities"
"PBS","SGB",13,16,FALSE,"Summer 2026_Communities"
"PNL","SGB",13,16,FALSE,"Summer 2026_Communities"
"PBP (was PBB)","SGB",13,16,FALSE,"Summer 2026_Communities"
"GNT","SGB",15,16,FALSE,"Summer 2026_Communities"
"RGT","SGB",16,16,TRUE,"Summer 2026_Communities"
"RTT","SGB",17,16,FALSE,"Summer 2026_Communities"
"CRY","SGB",17,16,FALSE,"Summer 2026_Communities"
"GDD (was GDR)","SGB",17,16,FALSE,"Summer 2026_Communities"
"GTR","SGB",17,16,FALSE,"Summer 2026_Communities"
"CGN","RGT",1,16,FALSE,"Summer 2026_Communities"
"GOS","RGT",3,16,FALSE,"Summer 2026_Communities"
"PBWorPWB","RGT",3,16,FALSE,"Summer 2026_Communities"
"RBT","RGT",3,16,FALSE,"Summer 2026_Communities"
"RBP","RGT",3,16,FALSE,"Summer 2026_Communities"
"PNW","RGT",1,16,FALSE,"Summer 2026_Communities"
"PLS","RGT",5,16,FALSE,"Summer 2026_Communities"
"GBO (was GPT)","RGT",6,16,FALSE,"Summer 2026_Communities"
"GDW (wasGYW)","RGT",10,16,FALSE,"Summer 2026_Communities"
"PND","RGT",10,16,FALSE,"Summer 2026_Communities"
"PNG","RGT",10,16,FALSE,"Summer 2026_Communities"
"PNP","RGT",10,16,FALSE,"Summer 2026_Communities"
"GDO","RGT",13,16,FALSE,"Summer 2026_Communities"
"PBS","RGT",13,16,FALSE,"Summer 2026_Communities"
"PNL","RGT",13,16,FALSE,"Summer 2026_Communities"
"PBP (was PBB)","RGT",13,16,FALSE,"Summer 2026_Communities"
"GNT","RGT",15,16,FALSE,"Summer 2026_Communities"
"CRY","RGT",17,16,FALSE,"Summer 2026_Communities"
"GDD (was GDR)","RGT",17,16,FALSE,"Summer 2026_Communities"
"GTR","RGT",17,16,FALSE,"Summer 2026_Communities"
"CGN","YPW",1,16,FALSE,"Summer 2026_Communities"
"RRY","YPW",2,16,FALSE,"Summer 2026_Communities"
"SDO","YPW",2,16,FALSE,"Summer 2026_Communities"
"RRR","YPW",2,16,FALSE,"Summer 2026_Communities"
"RRD","YPW",2,16,FALSE,"Summer 2026_Communities"
"SWT","YPW",2,16,FALSE,"Summer 2026_Communities"
"SYO","YPW",3,16,FALSE,"Summer 2026_Communities"
"GOS","YPW",3,16,FALSE,"Summer 2026_Communities"
"RSD","YPW",3,16,FALSE,"Summer 2026_Communities"
"SYT","YPW",3,16,FALSE,"Summer 2026_Communities"
"PBWorPWB","YPW",3,16,FALSE,"Summer 2026_Communities"
"SWB","YPW",3,16,FALSE,"Summer 2026_Communities"
"RBT","YPW",3,16,FALSE,"Summer 2026_Communities"
"SYR","YPW",3,16,FALSE,"Summer 2026_Communities"
"RBP","YPW",3,16,FALSE,"Summer 2026_Communities"
"WBT","YPW",4,16,FALSE,"Summer 2026_Communities"
"PNW","YPW",1,16,FALSE,"Summer 2026_Communities"
"YDP","YPW",1,16,FALSE,"Summer 2026_Communities"
"SOT","YPW",1,16,FALSE,"Summer 2026_Communities"
"PLS","YPW",5,16,FALSE,"Summer 2026_Communities"
"YPS","YPW",5,16,FALSE,"Summer 2026_Communities"
"RTP","YPW",5,16,FALSE,"Summer 2026_Communities"
"SOG","YPW",1,16,FALSE,"Summer 2026_Communities"
"YBN","YPW",6,16,FALSE,"Summer 2026_Communities"
"WOG","YPW",6,16,FALSE,"Summer 2026_Communities"
"YDT","YPW",7,16,FALSE,"Summer 2026_Communities"
"WSY","YPW",6,16,FALSE,"Summer 2026_Communities"
"YDD","YPW",8,16,FALSE,"Summer 2026_Communities"
"WWB","YPW",6,16,FALSE,"Summer 2026_Communities"
"YGD","YPW",6,16,FALSE,"Summer 2026_Communities"
"YDW","YPW",6,16,FALSE,"Summer 2026_Communities"
"GBO (was GPT)","YPW",6,16,FALSE,"Summer 2026_Communities"
"GDW (wasGYW)","YPW",10,16,FALSE,"Summer 2026_Communities"
"PND","YPW",10,16,FALSE,"Summer 2026_Communities"
"PNG","YPW",10,16,FALSE,"Summer 2026_Communities"
"PNP","YPW",10,16,FALSE,"Summer 2026_Communities"
"YOP","YPW",11,16,FALSE,"Summer 2026_Communities"
"ROO","YPW",11,16,FALSE,"Summer 2026_Communities"
"RLB","YPW",12,16,FALSE,"Summer 2026_Communities"
"YBT","YPW",13,16,FALSE,"Summer 2026_Communities"
"ROY","YPW",14,16,FALSE,"Summer 2026_Communities"
"WBO","YPW",14,16,FALSE,"Summer 2026_Communities"
"ROR","YPW",14,16,FALSE,"Summer 2026_Communities"
"YBY","YPW",13,16,FALSE,"Summer 2026_Communities"
"SWS","YPW",14,16,FALSE,"Summer 2026_Communities"
"YGY","YPW",13,16,FALSE,"Summer 2026_Communities"
"YND","YPW",13,16,FALSE,"Summer 2026_Communities"
"GDO","YPW",13,16,FALSE,"Summer 2026_Communities"
"PBS","YPW",13,16,FALSE,"Summer 2026_Communities"
"PNL","YPW",13,16,FALSE,"Summer 2026_Communities"
"PBP (was PBB)","YPW",13,16,FALSE,"Summer 2026_Communities"
"WWD","YPW",15,16,FALSE,"Summer 2026_Communities"
"SRP","YPW",15,16,FALSE,"Summer 2026_Communities"
"GNT","YPW",15,16,FALSE,"Summer 2026_Communities"
"WDN","YPW",15,16,FALSE,"Summer 2026_Communities"
"WDW","YPW",15,16,FALSE,"Summer 2026_Communities"
"STT","YPW",16,16,TRUE,"Summer 2026_Communities"
"SGB","YPW",16,16,TRUE,"Summer 2026_Communities"
"RGT","YPW",16,16,TRUE,"Summer 2026_Communities"
"RTT","YPW",17,16,FALSE,"Summer 2026_Communities"
"WYD","YPW",17,16,FALSE,"Summer 2026_Communities"
"CRY","YPW",17,16,FALSE,"Summer 2026_Communities"
"GDD (was GDR)","YPW",17,16,FALSE,"Summer 2026_Communities"
"WDG","YPW",17,16,FALSE,"Summer 2026_Communities"
"GTR","YPW",17,16,FALSE,"Summer 2026_Communities"
"CGN","RTT",1,17,FALSE,"Summer 2026_Communities"
"RRY","RTT",2,17,FALSE,"Summer 2026_Communities"
"RRR","RTT",2,17,FALSE,"Summer 2026_Communities"
"RRD","RTT",2,17,FALSE,"Summer 2026_Communities"
"GOS","RTT",3,17,FALSE,"Summer 2026_Communities"
"RSD","RTT",3,17,FALSE,"Summer 2026_Communities"
"PBWorPWB","RTT",3,17,FALSE,"Summer 2026_Communities"
"RBT","RTT",3,17,FALSE,"Summer 2026_Communities"
"RBP","RTT",3,17,FALSE,"Summer 2026_Communities"
"PNW","RTT",1,17,FALSE,"Summer 2026_Communities"
"PLS","RTT",5,17,FALSE,"Summer 2026_Communities"
"RTP","RTT",5,17,FALSE,"Summer 2026_Communities"
"GBO (was GPT)","RTT",6,17,FALSE,"Summer 2026_Communities"
"GDW (wasGYW)","RTT",10,17,FALSE,"Summer 2026_Communities"
"PND","RTT",10,17,FALSE,"Summer 2026_Communities"
"PNG","RTT",10,17,FALSE,"Summer 2026_Communities"
"PNP","RTT",10,17,FALSE,"Summer 2026_Communities"
"ROO","RTT",11,17,FALSE,"Summer 2026_Communities"
"RLB","RTT",12,17,FALSE,"Summer 2026_Communities"
"ROY","RTT",14,17,FALSE,"Summer 2026_Communities"
"ROR","RTT",14,17,FALSE,"Summer 2026_Communities"
"GDO","RTT",13,17,FALSE,"Summer 2026_Communities"
"PBS","RTT",13,17,FALSE,"Summer 2026_Communities"
"PNL","RTT",13,17,FALSE,"Summer 2026_Communities"
"PBP (was PBB)","RTT",13,17,FALSE,"Summer 2026_Communities"
"GNT","RTT",15,17,FALSE,"Summer 2026_Communities"
"RGT","RTT",16,17,FALSE,"Summer 2026_Communities"
"CRY","RTT",17,17,TRUE,"Summer 2026_Communities"
"GDD (was GDR)","RTT",17,17,TRUE,"Summer 2026_Communities"
"GTR","RTT",17,17,TRUE,"Summer 2026_Communities"
"CGN","WYD",1,17,FALSE,"Summer 2026_Communities"
"RRY","WYD",2,17,FALSE,"Summer 2026_Communities"
"SDO","WYD",2,17,FALSE,"Summer 2026_Communities"
"RRR","WYD",2,17,FALSE,"Summer 2026_Communities"
"RRD","WYD",2,17,FALSE,"Summer 2026_Communities"
"SWT","WYD",2,17,FALSE,"Summer 2026_Communities"
"SYO","WYD",3,17,FALSE,"Summer 2026_Communities"
"GOS","WYD",3,17,FALSE,"Summer 2026_Communities"
"RSD","WYD",3,17,FALSE,"Summer 2026_Communities"
"SYT","WYD",3,17,FALSE,"Summer 2026_Communities"
"PBWorPWB","WYD",3,17,FALSE,"Summer 2026_Communities"
"SWB","WYD",3,17,FALSE,"Summer 2026_Communities"
"RBT","WYD",3,17,FALSE,"Summer 2026_Communities"
"SYR","WYD",3,17,FALSE,"Summer 2026_Communities"
"RBP","WYD",3,17,FALSE,"Summer 2026_Communities"
"WBT","WYD",4,17,FALSE,"Summer 2026_Communities"
"PNW","WYD",1,17,FALSE,"Summer 2026_Communities"
"SOT","WYD",1,17,FALSE,"Summer 2026_Communities"
"PLS","WYD",5,17,FALSE,"Summer 2026_Communities"
"RTP","WYD",5,17,FALSE,"Summer 2026_Communities"
"SOG","WYD",1,17,FALSE,"Summer 2026_Communities"
"WOG","WYD",6,17,FALSE,"Summer 2026_Communities"
"WSY","WYD",6,17,FALSE,"Summer 2026_Communities"
"WWB","WYD",6,17,FALSE,"Summer 2026_Communities"
"GBO (was GPT)","WYD",6,17,FALSE,"Summer 2026_Communities"
"GDW (wasGYW)","WYD",10,17,FALSE,"Summer 2026_Communities"
"PND","WYD",10,17,FALSE,"Summer 2026_Communities"
"PNG","WYD",10,17,FALSE,"Summer 2026_Communities"
"PNP","WYD",10,17,FALSE,"Summer 2026_Communities"
"ROO","WYD",11,17,FALSE,"Summer 2026_Communities"
"RLB","WYD",12,17,FALSE,"Summer 2026_Communities"
"ROY","WYD",14,17,FALSE,"Summer 2026_Communities"
"WBO","WYD",14,17,FALSE,"Summer 2026_Communities"
"ROR","WYD",14,17,FALSE,"Summer 2026_Communities"
"SWS","WYD",14,17,FALSE,"Summer 2026_Communities"
"GDO","WYD",13,17,FALSE,"Summer 2026_Communities"
"PBS","WYD",13,17,FALSE,"Summer 2026_Communities"
"PNL","WYD",13,17,FALSE,"Summer 2026_Communities"
"PBP (was PBB)","WYD",13,17,FALSE,"Summer 2026_Communities"
"WWD","WYD",15,17,FALSE,"Summer 2026_Communities"
"SRP","WYD",15,17,FALSE,"Summer 2026_Communities"
"GNT","WYD",15,17,FALSE,"Summer 2026_Communities"
"WDN","WYD",15,17,FALSE,"Summer 2026_Communities"
"WDW","WYD",15,17,FALSE,"Summer 2026_Communities"
"STT","WYD",16,17,FALSE,"Summer 2026_Communities"
"SGB","WYD",16,17,FALSE,"Summer 2026_Communities"
"RGT","WYD",16,17,FALSE,"Summer 2026_Communities"
"RTT","WYD",17,17,TRUE,"Summer 2026_Communities"
"CRY","WYD",17,17,TRUE,"Summer 2026_Communities"
"GDD (was GDR)","WYD",17,17,TRUE,"Summer 2026_Communities"
"WDG","WYD",17,17,TRUE,"Summer 2026_Communities"
"GTR","WYD",17,17,TRUE,"Summer 2026_Communities"
"CGN","CRY",1,17,FALSE,"Summer 2026_Communities"
"CGN","YYN (was YNO)",1,17,FALSE,"Summer 2026_Communities"
"RRY","YYN (was YNO)",2,17,FALSE,"Summer 2026_Communities"
"SDO","YYN (was YNO)",2,17,FALSE,"Summer 2026_Communities"
"RRR","YYN (was YNO)",2,17,FALSE,"Summer 2026_Communities"
"RRD","YYN (was YNO)",2,17,FALSE,"Summer 2026_Communities"
"SWT","YYN (was YNO)",2,17,FALSE,"Summer 2026_Communities"
"SYO","YYN (was YNO)",3,17,FALSE,"Summer 2026_Communities"
"GOS","YYN (was YNO)",3,17,FALSE,"Summer 2026_Communities"
"RSD","YYN (was YNO)",3,17,FALSE,"Summer 2026_Communities"
"SYT","YYN (was YNO)",3,17,FALSE,"Summer 2026_Communities"
"PBWorPWB","YYN (was YNO)",3,17,FALSE,"Summer 2026_Communities"
"SWB","YYN (was YNO)",3,17,FALSE,"Summer 2026_Communities"
"RBT","YYN (was YNO)",3,17,FALSE,"Summer 2026_Communities"
"SYR","YYN (was YNO)",3,17,FALSE,"Summer 2026_Communities"
"RBP","YYN (was YNO)",3,17,FALSE,"Summer 2026_Communities"
"YWD","YYN (was YNO)",4,17,FALSE,"Summer 2026_Communities"
"WBT","YYN (was YNO)",4,17,FALSE,"Summer 2026_Communities"
"PNW","YYN (was YNO)",1,17,FALSE,"Summer 2026_Communities"
"YDP","YYN (was YNO)",1,17,FALSE,"Summer 2026_Communities"
"SOT","YYN (was YNO)",1,17,FALSE,"Summer 2026_Communities"
"PLS","YYN (was YNO)",5,17,FALSE,"Summer 2026_Communities"
"YPS","YYN (was YNO)",5,17,FALSE,"Summer 2026_Communities"
"RTP","YYN (was YNO)",5,17,FALSE,"Summer 2026_Communities"
"SOG","YYN (was YNO)",1,17,FALSE,"Summer 2026_Communities"
"YBN","YYN (was YNO)",6,17,FALSE,"Summer 2026_Communities"
"WOG","YYN (was YNO)",6,17,FALSE,"Summer 2026_Communities"
"YWS","YYN (was YNO)",7,17,FALSE,"Summer 2026_Communities"
"YDT","YYN (was YNO)",7,17,FALSE,"Summer 2026_Communities"
"WSY","YYN (was YNO)",6,17,FALSE,"Summer 2026_Communities"
"YDD","YYN (was YNO)",8,17,FALSE,"Summer 2026_Communities"
"WWB","YYN (was YNO)",6,17,FALSE,"Summer 2026_Communities"
"YGD","YYN (was YNO)",6,17,FALSE,"Summer 2026_Communities"
"YDW","YYN (was YNO)",6,17,FALSE,"Summer 2026_Communities"
"GBO (was GPT)","YYN (was YNO)",6,17,FALSE,"Summer 2026_Communities"
"YSR","YYN (was YNO)",9,17,FALSE,"Summer 2026_Communities"
"GDW (wasGYW)","YYN (was YNO)",10,17,FALSE,"Summer 2026_Communities"
"PND","YYN (was YNO)",10,17,FALSE,"Summer 2026_Communities"
"PNG","YYN (was YNO)",10,17,FALSE,"Summer 2026_Communities"
"PNP","YYN (was YNO)",10,17,FALSE,"Summer 2026_Communities"
"YOP","YYN (was YNO)",11,17,FALSE,"Summer 2026_Communities"
"ROO","YYN (was YNO)",11,17,FALSE,"Summer 2026_Communities"
"RLB","YYN (was YNO)",12,17,FALSE,"Summer 2026_Communities"
"YBT","YYN (was YNO)",13,17,FALSE,"Summer 2026_Communities"
"ROY","YYN (was YNO)",14,17,FALSE,"Summer 2026_Communities"
"WBO","YYN (was YNO)",14,17,FALSE,"Summer 2026_Communities"
"ROR","YYN (was YNO)",14,17,FALSE,"Summer 2026_Communities"
"YBY","YYN (was YNO)",13,17,FALSE,"Summer 2026_Communities"
"SWS","YYN (was YNO)",14,17,FALSE,"Summer 2026_Communities"
"YGY","YYN (was YNO)",13,17,FALSE,"Summer 2026_Communities"
"YND","YYN (was YNO)",13,17,FALSE,"Summer 2026_Communities"
"GDO","YYN (was YNO)",13,17,FALSE,"Summer 2026_Communities"
"PBS","YYN (was YNO)",13,17,FALSE,"Summer 2026_Communities"
"PNL","YYN (was YNO)",13,17,FALSE,"Summer 2026_Communities"
"PBP (was PBB)","YYN (was YNO)",13,17,FALSE,"Summer 2026_Communities"
"WWD","YYN (was YNO)",15,17,FALSE,"Summer 2026_Communities"
"SRP","YYN (was YNO)",15,17,FALSE,"Summer 2026_Communities"
"GNT","YYN (was YNO)",15,17,FALSE,"Summer 2026_Communities"
"WDN","YYN (was YNO)",15,17,FALSE,"Summer 2026_Communities"
"WDW","YYN (was YNO)",15,17,FALSE,"Summer 2026_Communities"
"STT","YYN (was YNO)",16,17,FALSE,"Summer 2026_Communities"
"SGB","YYN (was YNO)",16,17,FALSE,"Summer 2026_Communities"
"RGT","YYN (was YNO)",16,17,FALSE,"Summer 2026_Communities"
"YPW","YYN (was YNO)",16,17,FALSE,"Summer 2026_Communities"
"RTT","YYN (was YNO)",17,17,TRUE,"Summer 2026_Communities"
"WYD","YYN (was YNO)",17,17,TRUE,"Summer 2026_Communities"
"CRY","YYN (was YNO)",17,17,TRUE,"Summer 2026_Communities"
"GDD (was GDR)","YYN (was YNO)",17,17,TRUE,"Summer 2026_Communities"
"WDG","YYN (was YNO)",17,17,TRUE,"Summer 2026_Communities"
"GTR","YYN (was YNO)",17,17,TRUE,"Summer 2026_Communities"
"CGN","GDD (was GDR)",1,17,FALSE,"Summer 2026_Communities"
"GBO (was GPT)","GDD (was GDR)",6,17,FALSE,"Summer 2026_Communities"
"CRY","GDD (was GDR)",17,17,TRUE,"Summer 2026_Communities"
"CGN","WDG",1,17,FALSE,"Summer 2026_Communities"
"RRY","WDG",2,17,FALSE,"Summer 2026_Communities"
"SDO","WDG",2,17,FALSE,"Summer 2026_Communities"
"RRR","WDG",2,17,FALSE,"Summer 2026_Communities"
"RRD","WDG",2,17,FALSE,"Summer 2026_Communities"
"SWT","WDG",2,17,FALSE,"Summer 2026_Communities"
"SYO","WDG",3,17,FALSE,"Summer 2026_Communities"
"GOS","WDG",3,17,FALSE,"Summer 2026_Communities"
"RSD","WDG",3,17,FALSE,"Summer 2026_Communities"
"SYT","WDG",3,17,FALSE,"Summer 2026_Communities"
"PBWorPWB","WDG",3,17,FALSE,"Summer 2026_Communities"
"SWB","WDG",3,17,FALSE,"Summer 2026_Communities"
"RBT","WDG",3,17,FALSE,"Summer 2026_Communities"
"SYR","WDG",3,17,FALSE,"Summer 2026_Communities"
"RBP","WDG",3,17,FALSE,"Summer 2026_Communities"
"WBT","WDG",4,17,FALSE,"Summer 2026_Communities"
"PNW","WDG",1,17,FALSE,"Summer 2026_Communities"
"SOT","WDG",1,17,FALSE,"Summer 2026_Communities"
"PLS","WDG",5,17,FALSE,"Summer 2026_Communities"
"RTP","WDG",5,17,FALSE,"Summer 2026_Communities"
"SOG","WDG",1,17,FALSE,"Summer 2026_Communities"
"GBO (was GPT)","WDG",6,17,FALSE,"Summer 2026_Communities"
"GDW (wasGYW)","WDG",10,17,FALSE,"Summer 2026_Communities"
"PND","WDG",10,17,FALSE,"Summer 2026_Communities"
"PNG","WDG",10,17,FALSE,"Summer 2026_Communities"
"PNP","WDG",10,17,FALSE,"Summer 2026_Communities"
"ROO","WDG",11,17,FALSE,"Summer 2026_Communities"
"RLB","WDG",12,17,FALSE,"Summer 2026_Communities"
"ROY","WDG",14,17,FALSE,"Summer 2026_Communities"
"WBO","WDG",14,17,FALSE,"Summer 2026_Communities"
"ROR","WDG",14,17,FALSE,"Summer 2026_Communities"
"SWS","WDG",14,17,FALSE,"Summer 2026_Communities"
"GDO","WDG",13,17,FALSE,"Summer 2026_Communities"
"PBS","WDG",13,17,FALSE,"Summer 2026_Communities"
"PNL","WDG",13,17,FALSE,"Summer 2026_Communities"
"PBP (was PBB)","WDG",13,17,FALSE,"Summer 2026_Communities"
"SRP","WDG",15,17,FALSE,"Summer 2026_Communities"
"GNT","WDG",15,17,FALSE,"Summer 2026_Communities"
"STT","WDG",16,17,FALSE,"Summer 2026_Communities"
"SGB","WDG",16,17,FALSE,"Summer 2026_Communities"
"RGT","WDG",16,17,FALSE,"Summer 2026_Communities"
"RTT","WDG",17,17,TRUE,"Summer 2026_Communities"
"CRY","WDG",17,17,TRUE,"Summer 2026_Communities"
"GDD (was GDR)","WDG",17,17,TRUE,"Summer 2026_Communities"
"GTR","WDG",17,17,TRUE,"Summer 2026_Communities"
"CGN","GTR",1,17,FALSE,"Summer 2026_Communities"
"GOS","GTR",3,17,FALSE,"Summer 2026_Communities"
"GBO (was GPT)","GTR",6,17,FALSE,"Summer 2026_Communities"
"GDW (wasGYW)","GTR",10,17,FALSE,"Summer 2026_Communities"
"GDO","GTR",13,17,FALSE,"Summer 2026_Communities"
"GNT","GTR",15,17,FALSE,"Summer 2026_Communities"
"CRY","GTR",17,17,TRUE,"Summer 2026_Communities"
"GDD (was GDR)","GTR",17,17,TRUE,"Summer 2026_Communities"
