Year..yyyy.,Missing.data..see.colored.cell.,Metal.Band....top..right.leg...xxxx.xxxxx.,Color.bands..RFID..top.....bottom...ABC.,Sex..M.F.,Date..mm.dd.yy.,Time..military...07.45.,Year..yyyy..1,Location..F..MN..NB....yellow.if.snap.trapped.in.NB..thus.a.breeder.,Status..New.Prev.year..Rs.not.entered.here..N.P.,IA.STATUS..If..P...was.it.even.an.IA..Note..An.IA.s.first..R..of.season.requires.all.measures...IA...,If..P...Age.when.first.caught..nestling...HY..SY..ASY..AHY.,If..P...Year.first.caught..yyyy.,If..P...Location.first.caught..F..MN..NB...,Exact.year.of.life..if.known....,Age..see.guide...Nestling.HY..SY..ASY..AHY.,Color.crest..3blk.2drk.grey.1lt.grey.,Color.base.lower.mandible..3blk.2drk.grey.1lt.grey.,Tarsus..10th.mm...xx.x.,Wing..10th.mm...xx.x.,Who.measured.tars.wing..initials.,Blood.Taken..Y.Need......na.,Tail.feather.pulled..3rd.from.bird.s.right....Y.N.,Spec..Y.N.,Crest.photo..Y.N.,Mass..10th.g...xx.x.,RFID....bottom..right.leg...xxxxxxxxxx.,BREEDING.in.current.year..LOCATION..NB..,BREEDING.in..current.year..PARTNER..metal..color......ABC.,Bred..in.PAST..YEAR..yyyy.,Bred..in.PAST..LOCATION..NB..,Bred..in.PAST..PARTNER....metal..color.......ABC.,Notes,Other.Notes,Recapture.date..mm.dd.yy.,Recapture.location..F..MN..NB..,X,X.1,X.2,X.3,X.4,X.5,X.6,X.7,X.8,X.9,X.10,X.11,X.12,X.13
2018,,258115481,T,M,05/18/18,,2018,Trial *,,,,,,,.,.,.,.,.,.,Yes,.,.,.,.,011016BD10,,,,,,*listed as tryout 1/doesn't have weight or tarsus listed,,,,,NA,NA,NA,NA,NA,NA,NA,NA,NA,NA,NA,NA,NA
2018,,258115483,SYB,M,05/19/18,,2018,Trial *,,,,,,,AHY,.,.,21.0,.,.,Yes,.,.,.,19.5,011016C32B,,,,,,*Trial number not listed on data sheet,,,,,NA,NA,NA,NA,NA,NA,NA,NA,NA,NA,NA,NA,NA
2018,,258115482,YBR,F,05/19/18,,2018,Trial *,,,,,,,HY,.,.,19.5,.,.,Yes,.,.,.,17.0,01103F8F6D,,,,,,"*Not a trial; **due to confusing notation on data sheet, the band combo could be either MY BR or ; no GPS point",,,,,NA,NA,NA,NA,NA,NA,NA,NA,NA,NA,NA,NA,NA
2018,,258115483,YBY,M,05/19/18,,2018,Trial *,,,,,,,AHY,.,.,21.0,.,.,Yes,.,.,.,19.5,011016C32B,,,,,,"*Not a trial; **due to confusing notation on data sheet, the band combo could be either MY BY or MY YB-->MY BY is a duplicate combo of metal band # 250114483, unknown if they're the same bird or not",,,,,NA,NA,NA,NA,NA,NA,NA,NA,NA,NA,NA,NA,NA
2018,,258115482,YRB,F,05/19/18,,2018,Trial *,,,,,,,HY,.,.,19.5,.,.,Yes,.,.,.,17.0,01103F8F6D,,,,,,*Trial number not listed on data sheet,"Recaptured 11/23/19, 8:44, @F10 *NOTE: There are two Y RBs.",,,,NA,NA,NA,NA,NA,NA,NA,NA,NA,NA,NA,NA,NA
2018,,258115484,SWW,M,05/22/18,,2018,Trial 1,,,,,,,AHY,.,.,.,.,.,Yes,.,.,.,.,011016D01B,,,,,,Lost bird; no GPS point,,,,,NA,NA,NA,NA,NA,NA,NA,NA,NA,NA,NA,NA,NA
2018,,258115485,YGG,M,05/24/18,,2018,Trial 3,,,,,,,AHY,.,.,20.0,.,.,Yes,.,.,.,20.0,011016AEEC,,,,,,"GPS point: N 29ª40'32"", W 98°20'11""","Recaptured 11/23/19, 10:20, @F12",,,,NA,NA,NA,NA,NA,NA,NA,NA,NA,NA,NA,NA,NA
2018,,258115486,SYY,M,05/30/18,,2018,Trial 11,,,,,,,HY,.,.,19.9,.,.,Yes,.,.,.,19.5,011016F442,,,,,,"GPS point: N 29ª41'0"", W 98°20'49""; tail worn and ugly; bleeding was difficult, eventually sample taken from left wing",,,,,NA,NA,NA,NA,NA,NA,NA,NA,NA,NA,NA,NA,NA
2018,,258115487,YRL,M,06/05/18,,2018,Trial 14,,,,,,,HY,.,.,19.8,.,.,Yes,.,.,.,18.8,01103F392D,,,,,,"GPS point: N 29°40'54"", W 98°21'9""",,,,,NA,NA,NA,NA,NA,NA,NA,NA,NA,NA,NA,NA,NA
2018,,258115488,YWG,M,06/05/18,,2018,Trial 15,,,,,,,HY,.,.,20.3,.,.,Yes,.,.,.,19.3,01103F6ECB,,,,,,"GPS point: N 29°40'54"", W 98°21'9""; identified as second year juv rather than second year adult because of blue mandibles ",,,,,NA,NA,NA,NA,NA,NA,NA,NA,NA,NA,NA,NA,NA
2018,,258115489,YWT,M,06/06/18,,2018,Trial 16,,,,,,,AHY,.,.,20.4,.,.,Yes,.,.,.,19.3,01103F8D5A,,,,,,"*Duplicate band. GPS point: N 29°40'41"", W 98°21'31""; nicknamed Zeus. ",,,,,NA,NA,NA,NA,NA,NA,NA,NA,NA,NA,NA,NA,NA
2018,,258115490,SOR,F,06/07/18,,2018,Trial 9,,,,,,,HY,.,.,19.3,.,.,Yes,.,.,.,17.0,011016ADEF,,,,,,"GPS point: N 29°40'58"", W 98°20'53""",,,,,NA,NA,NA,NA,NA,NA,NA,NA,NA,NA,NA,NA,NA
2018,,258115493,STY,M,06/08/18,,2018,Trial *,,,,,,,HY,.,.,20.4,.,.,Yes,.,.,.,19.2,011016A3DE,,,,,,"*Not a trial, catching at the pond; GPS point: N 29°38'27"", W 98°18'10""; nicknamed Hydra",,,,,NA,NA,NA,NA,NA,NA,NA,NA,NA,NA,NA,NA,NA
2018,,258115491,YOY,F,06/08/18,,2018,Trial *,,,,,,,HY,.,.,19.5,.,.,Yes,.,.,.,16.1,011016CDA2,,,,,,"*Not a trial, catching at the pond; GPS point: N 29°38'27"", W 98°18'10""; nicknamed Perseus",,,,,NA,NA,NA,NA,NA,NA,NA,NA,NA,NA,NA,NA,NA
2018,,258115494,YBW,F,06/11/18,,2018,Trial 17,,,,,,,HY,.,.,19.6,.,.,Yes,.,.,.,18.1,01103F4C6A,,,,,,"GPS point: N 29°34'9"", W 98°22'36""",,,,,NA,NA,NA,NA,NA,NA,NA,NA,NA,NA,NA,NA,NA
2018,,258115500,YOG,M,06/11/18,,2018,Trial 18,,,,,,,AHY,.,.,21.5,.,.,Yes,.,.,.,20.2,01103F3C6B,,,,,,"GPS point: N 29°34'9"", W 98°22'36""; *same GPS point as last trial, so possib;y not accurate",,,,,NA,NA,NA,NA,NA,NA,NA,NA,NA,NA,NA,NA,NA
2018,,258115496,STB,M,06/12/18,,2018,Trial 20,,,,,,,HY,.,.,20.0,.,.,Yes,.,.,.,19.0,011016C8D8,,,,,,"GPS point: N 29°40.322', W 098°21.945'",,,,,NA,NA,NA,NA,NA,NA,NA,NA,NA,NA,NA,NA,NA
2018,,258115495,YOW,M,06/12/18,,2018,Trial 19,,,,,,,HY,.,.,20.5,.,.,Yes,.,.,.,18.4,011016ADA8,,,,,,Right wing: molting 1st and 2nd primary; left wing: molting 1st and second primary; no GPS point,,,,,NA,NA,NA,NA,NA,NA,NA,NA,NA,NA,NA,NA,NA
2018,,258115498,SWG,F,06/15/18,,2018,Trial 22,,,,,,,HY,.,.,19.2,.,.,Yes,.,.,.,17.3,011016E912,,,,,,"GPS point: N 29°40.521', W 098°20.592'",,,,,NA,NA,NA,NA,NA,NA,NA,NA,NA,NA,NA,NA,NA
2018,,275045021,SGB,F,06/16/18,,2018,Trial 22,,,,,,,HY,.,.,19.2,.,.,Yes,.,.,.,16.9,011016BE38,,,,,,"GPS point: N 29°40'52', W 098°20'59""",,,,,NA,NA,NA,NA,NA,NA,NA,NA,NA,NA,NA,NA,NA
2018,,258115497,YRO,F,06/16/18,,2018,Trial 23,,,,,,,HY,.,.,20.2,.,.,Yes,.,.,.,16.7,01103F64F2,,,,,,"GPS point: N 29°40.533', W 098°20.671'",,,,,NA,NA,NA,NA,NA,NA,NA,NA,NA,NA,NA,NA,NA
2018,,244102001,YBT,M,06/18/18,,2018,Trial 24,,,,,,,HY,.,.,21.2,.,.,Yes,.,.,.,19.4,01103F8F14,,,,,,"GPS point: N 29°40.535, W 098°20.765'",,,,,NA,NA,NA,NA,NA,NA,NA,NA,NA,NA,NA,NA,NA
2018,,244102003,SSW,M,06/21/18,,2018,Trial 28,,,,,,,AHY,.,.,20.1,.,.,Yes,.,.,.,17.8,011016F797,,,,,,"GPS point: N 29°40.322', W 098°22.179'",,,,,NA,NA,NA,NA,NA,NA,NA,NA,NA,NA,NA,NA,NA
2018,,244102002,YRG,F,06/21/18,,2018,Trial 28,,,,,,,HY,.,.,20.2,.,.,Yes,.,.,.,16.0,01103F729C,,,,,,"GPS point: N 29°40.322', W 098°22.179'",,,,,NA,NA,NA,NA,NA,NA,NA,NA,NA,NA,NA,NA,NA
2018,,244102006,SRS,M,06/22/18,,2018,Trial 31,,,,,,,HY,.,.,21.8,.,.,Yes,.,.,.,19.9,01101702F5,,,,,,"GPS point: N 29˚40.611', W 098˚20.311' ; dark grey crest (female?), really aggressive in net and holding",,,,,NA,NA,NA,NA,NA,NA,NA,NA,NA,NA,NA,NA,NA
2018,,244102004,YGO,M,06/22/18,,2018,Trial 30,,,,,,,HY,.,.,20.4,.,.,Yes,.,.,.,19.1,01103F6E06,,,,,,"GPS point: N 29°27.939', W 098°29.013'",,,,,NA,NA,NA,NA,NA,NA,NA,NA,NA,NA,NA,NA,NA
2018,,244102005,YST,M,06/22/18,,2018,Trial 30,,,,,,,HY,.,.,20.3,.,.,Yes,.,.,.,17.4,011016C23F,,,,,,"GPS point: N 29°27.939', W 098°29.013'",,,,,NA,NA,NA,NA,NA,NA,NA,NA,NA,NA,NA,NA,NA
2018,,244102007,YGR,M,06/23/18,,2018,Trial 32,,,,,,,HY,.,.,20.3,.,.,Yes,.,.,.,19.5,011016AD77,,,,,,"GPS point: N 19˚40.432', W 098˚20.182' ; see wing picture - only on right wing",,,,,NA,NA,NA,NA,NA,NA,NA,NA,NA,NA,NA,NA,NA
2018,,244102008,YSB,M,06/23/18,,2018,Trial 33,,,,,,,HY,.,.,20.2,.,.,Yes,.,.,.,19.4,01103F77EB,,,,,,"GPS point: N 29˚40'099"", W 098˚20'014"" ; Female - male was singing in the tree and attacked the model while the female was caught",,,,,NA,NA,NA,NA,NA,NA,NA,NA,NA,NA,NA,NA,NA
2018,,244102009,YYR,M,06/23/18,,2018,Trial 33,,,,,,,HY,.,.,19.9,.,.,Yes,.,.,.,20.0,011016B7A6,,,,,,"GPS point: N 29˚40'099"", W 098˚20'014"" ; difficulty bleeding, took blood from both wings",,,,,NA,NA,NA,NA,NA,NA,NA,NA,NA,NA,NA,NA,NA
2018,,258114483,SBY,M,06/25/18,,2018,Trial 34,,,,,,,AHY,.,.,21.2,.,.,Yes,.,.,.,20.1,*,,,,,,"GPS point: N 29˚41.041', W 098˚20.034' ; changed bands, already caught; Bambi Alfallfa Argus",,,,,NA,NA,NA,NA,NA,NA,NA,NA,NA,NA,NA,NA,NA
2018,,244102010,YRY,M,06/25/18,,2018,Trial 35,,,,,,,HY,.,.,21.4,.,.,Yes,.,.,.,18.8,01103F7404,,,,,,"GPS point: N 29˚40.340', W 098˚20.289' ; body molt - belly and back; 3/2 primary, 2 secondary (both sides) ",,,,,NA,NA,NA,NA,NA,NA,NA,NA,NA,NA,NA,NA,NA
2018,,244102011,SGT,M,06/26/18,,2018,Trial 37,,,,,,,HY,.,.,19.5,.,.,Yes,.,.,.,17.6,011016D447,,,,,,"GPS point: N 29˚40.150', W 098˚20.319' ; 1,4 primary mold right wing ; 4 primary mold left wing; back-molt",,,,,NA,NA,NA,NA,NA,NA,NA,NA,NA,NA,NA,NA,NA
2018,,244102012,YSS,M,06/27/18,,2018,Trial 39,,,,,,,HY,.,.,20.7,.,.,Yes,.,.,.,18.6,01103F39E0,,,,,,"GPS point: N 29˚39.856', W 098˚20.358' ; only has two tail feathers ; Name = Psycho Apocalypse",,,,,NA,NA,NA,NA,NA,NA,NA,NA,NA,NA,NA,NA,NA
2018,,244102013,SBT,M,06/29/18,,2018,Trial 42,,,,,,,HY,.,.,20.7,.,.,Yes,.,.,.,20.2,011016A710,,,,,,"GPS point: N 29˚39.467', W 098˚20.021' ; primary 3+2+1 molt, bald wing muscle and legs",,,,,NA,NA,NA,NA,NA,NA,NA,NA,NA,NA,NA,NA,NA
2018,,244102014,YGS*,M,06/29/18,,2018,Trial 43,,,,,,,HY,.,.,20.1,.,.,Yes,.,.,.,19.9,011016D85E,,,,,,"GPS point: N 29˚361', W 098˚19.931' (incorrect N coordinate? Also, duplicate band combo with bird 244102015)*.                                      Female? (heard singing in trees); missing feathers between the eyes and the bill; 4 Primary Molting",,,,,NA,NA,NA,NA,NA,NA,NA,NA,NA,NA,NA,NA,NA
2018,,244102015,YGS,M,07/02/18,,2018,Trial 22,,,,,,,HY,.,.,20.8,.,.,Yes,.,.,.,19.4,011016E30A,,,,,,"GPS point: GPS point: N 29°40.521', W 098°20.592'    Duplicate band combo with bird 244102014*",,,,,NA,NA,NA,NA,NA,NA,NA,NA,NA,NA,NA,NA,NA
2018,,244102017,YOR,M,07/07/18,,2018,Trial 47,,,,,,,HY,.,.,20.7,.,.,Yes,.,.,.,19.4,01103F6D95,,,,,,"GPS point: N 29˚39.466', W 098˚20.776'",,,,,NA,NA,NA,NA,NA,NA,NA,NA,NA,NA,NA,NA,NA
2018,,244102016,YTW,F,07/07/18,,2018,Trial 47,,,,,,,HY,.,.,19.0,.,.,Yes,.,.,.,16.0,01103F6EFB,,,,,,"GPS point: N 29˚39.466', W 098˚20.776'",,,,,NA,NA,NA,NA,NA,NA,NA,NA,NA,NA,NA,NA,NA
2018,,244102018,SYB,M,07/09/18,,2018,Trial 44,,,,,,,AHY,.,.,20.4,.,.,Yes,.,.,.,17.8,0110174DD9,,,,,,"GPS point: N 29˚39.869', W 098˚20.505'",,,,,NA,NA,NA,NA,NA,NA,NA,NA,NA,NA,NA,NA,NA
2018,,244102020,SWT,F,07/10/18,,2018,Trial 26,,,,,,,HY,.,.,18.9,.,.,Yes,.,.,.,15.9,011016E7BA,,,,,,"GPS point: N 29˚40.335', W 098˚21.031'      1,8 secondary molt left; 1,9,10 secondary right molting",,,,,NA,NA,NA,NA,NA,NA,NA,NA,NA,NA,NA,NA,NA
2018,,244102019,YRT,M,07/10/18,,2018,Trial 26,,,,,,,AHY,.,.,19.5,.,.,Yes,.,.,.,18.7,011016C514,,,,,,"GPS point: N 29˚40.335', W 098˚21.031'",,,,,NA,NA,NA,NA,NA,NA,NA,NA,NA,NA,NA,NA,NA
2018,,244102021,YSL,F,07/11/18,,2018,Trial 51,,,,,,,HY,.,.,19.9,.,.,Yes,.,.,.,16.0,011016DEBB,,,,,,"GPS point: N 29˚41.087', W 098˚19.923'",,,,,NA,NA,NA,NA,NA,NA,NA,NA,NA,NA,NA,NA,NA
2018,,244102022,SST,M,07/12/18,,2018,Trial 53,,,,,,,AHY,.,.,20.5,.,.,Yes,.,.,.,17.4,011016C3D6,,,,,,"GPS point: N 29˚40.186', W 098˚21.265'  Weird toe, right foot - toenail fell off during measurements. ",,,,,NA,NA,NA,NA,NA,NA,NA,NA,NA,NA,NA,NA,NA
2019,,244102024,,,04/18/19,,2019,NB8,,,,,,,Nestling,.,.,19.2,.,.,Yes,.,.,.,18.53 (w/ fecal sac),011016ECBF,,,,,,"Only 2 survivors of 8 hatchlings, but no nest damage. Re-caught @ Feeder 4, 10/12, at 8:54 am",,,,,NA,NA,NA,NA,NA,NA,NA,NA,NA,NA,NA,NA,NA
2019,,244102023,SYR,,04/18/19,,2019,NB8,,,,,,,Nestling,.,.,19.3,.,.,Yes,.,.,.,16.6,011016A7D3,,,,,,"Two adults nearby, one w/ food in beak, both chattering (one unbanded)",,,,,NA,NA,NA,NA,NA,NA,NA,NA,NA,NA,NA,NA,NA
2019,,244102030,YLS,,04/18/19,,2019,NB29,,,,,,,Nestling,.,.,19.5,.,.,Yes,.,.,.,18.1,011016CAE9,,,,,,,,,,,NA,NA,NA,NA,NA,NA,NA,NA,NA,NA,NA,NA,NA
2019,,244102025,YSG,,04/18/19,,2019,NB29,,,,,,,Nestling,.,.,18.4,.,.,Yes,.,.,.,17.3,01103F6CB3,,,,,,"One adult chattering nearby; one more came close, also chattering",,,,,NA,NA,NA,NA,NA,NA,NA,NA,NA,NA,NA,NA,NA
2019,,244102027,YWS,,04/18/19,,2019,NB29,,,,,,,Nestling,.,.,19.4,.,.,Yes,.,.,.,16.7,0110135571*,,,,,,,,,,,NA,NA,NA,NA,NA,NA,NA,NA,NA,NA,NA,NA,NA
2019,,244102028,YYT,,04/18/19,,2019,NB29,,,,,,,Nestling,.,.,18.3,.,.,Yes,.,.,.,16.0,011017397A,,,,,,,,,,,NA,NA,NA,NA,NA,NA,NA,NA,NA,NA,NA,NA,NA
2019,,244102031,YYW,,04/18/19,,2019,NB29,,,,,,,Nestling,.,.,18.4,.,.,Yes,.,.,.,16.6,01103F6191,,,,,,*Duplicate band combo with juv from 13,"11/3/2021 - The data sheet does not confirm blood, will need to verify in refrigerator",,,,NA,NA,NA,NA,NA,NA,NA,NA,NA,NA,NA,NA,NA
2019,,244102026,YYY,,04/18/19,,2019,NB29,,,,,,,Nestling,.,.,18.7,.,.,Yes,.,.,.,16.6,011016F2FA,,,,,,Sticker for this RFID tag ended up in the trash but was found and verified on 4/20/19,,,,,NA,NA,NA,NA,NA,NA,NA,NA,NA,NA,NA,NA,NA
2019,,244102034,SOO,,04/19/19,,2019,NB1,,,,,,,Nestling,.,.,18.1,.,.,Yes,.,.,.,18.1,011016EF46,,,,,,Parent flew in and out of box quickly when we first arrived at the box,,,,,NA,NA,NA,NA,NA,NA,NA,NA,NA,NA,NA,NA,NA
2019,,244102035,SOS,,04/19/19,,2019,NB1,,,,,,,Nestling,.,.,18.3,.,.,Yes,.,.,.,18.3,011016AE88,,,,,,,,,,,NA,NA,NA,NA,NA,NA,NA,NA,NA,NA,NA,NA,NA
2019,,244102036,SRL,,04/19/19,,2019,NB1,,,,,,,Nestling,.,.,18.4,.,.,Yes,.,.,.,18.4,011016C0E2,,,,,,,,,,,NA,NA,NA,NA,NA,NA,NA,NA,NA,NA,NA,NA,NA
2019,,244102033,SSY,,04/19/19,,2019,NB1,,,,,,,Nestling,.,.,16.5,.,.,Yes,.,.,.,16.5,011016CE9F,,,,,,Not much blood taken,,,,,NA,NA,NA,NA,NA,NA,NA,NA,NA,NA,NA,NA,NA
2019,,244102037,STR,,04/19/19,,2019,NB1,,,,,,,Nestling,.,.,19.2,.,.,Yes,.,.,.,19.2,011016F790,,,,,,,,,,,NA,NA,NA,NA,NA,NA,NA,NA,NA,NA,NA,NA,NA
2019,,244102038,SYG,,04/19/19,,2019,NB1,,,,,,,Nestling,.,.,18.2,.,.,Yes,.,.,.,18.2,011016BF7B,,,,,,*Parent likely abandoned nest; all nestlings were found deceased inside the nest on 4/23/19,,,,,NA,NA,NA,NA,NA,NA,NA,NA,NA,NA,NA,NA,NA
2019,,244102032,SYO,,04/19/19,,2019,NB1,,,,,,,Nestling,.,.,17.8,.,.,Yes,.,.,.,17/8,011016AD6C,,,,,,"Bird is very stressed, not responsive",,,,,NA,NA,NA,NA,NA,NA,NA,NA,NA,NA,NA,NA,NA
2019,,244102044,YGW,,04/19/19,,2019,NB13,,,,,,,Nestling,.,.,18.9,.,.,Yes,.,.,.,16.0,011016B7B2,,,,,,Weighed with metal band; RFID tag applied on 4/20/19,,,,,NA,NA,NA,NA,NA,NA,NA,NA,NA,NA,NA,NA,NA
2019,,244102040,YLW,,04/19/19,,2019,NB13,,,,,,,Nestling,.,.,18.9,.,.,Yes,.,.,.,16.9,011016CDBE,,,,,,,,,,,NA,NA,NA,NA,NA,NA,NA,NA,NA,NA,NA,NA,NA
2019,,244102042,YOO,,04/19/19,,2019,NB13,,,,,,,Nestling,.,.,19.0,.,.,Yes,.,.,.,16.5,0110171C36,,,,,,Weighed with metal band,,,,,NA,NA,NA,NA,NA,NA,NA,NA,NA,NA,NA,NA,NA
2019,,244102041,YRR,,04/19/19,,2019,NB13,,,,,,,Nestling,.,.,19.0,.,.,Yes,.,.,.,16.6,01103F7472,,,,,,Weighed with metal band,,,,,NA,NA,NA,NA,NA,NA,NA,NA,NA,NA,NA,NA,NA
2019,,244102043,YSY,,04/19/19,,2019,NB13,,,,,,,Nestling,.,.,19.7,.,.,Yes,.,.,.,18.8,011016B09C,,,,,,Weighed with metal band,,,,,NA,NA,NA,NA,NA,NA,NA,NA,NA,NA,NA,NA,NA
2019,,244102039,YYW,,04/19/19,,2019,NB13,,,,,,,Nestling,.,.,18.9,.,.,Yes,.,.,.,17.2,011016BEB0,,,,,,*Duplicate band combo with juv from 29,,,,,NA,NA,NA,NA,NA,NA,NA,NA,NA,NA,NA,NA,NA
2019,,244102048,SLL,,04/19/19,,2019,NB65,,,,,,,Nestling,.,.,18.3,.,.,Yes,.,.,.,18.3,011016ABB3,,,,,,,,,,,NA,NA,NA,NA,NA,NA,NA,NA,NA,NA,NA,NA,NA
2019,,244102046,SRB,,04/19/19,,2019,NB65,,,,,,,Nestling,.,.,19.5,.,.,Yes,.,.,.,19.5,011016F58A,,,,,,,,,,05/31/21,NA,NA,NA,NA,NA,NA,NA,NA,NA,NA,NA,NA,NA
2019,,244102049,SRW,,04/19/19,,2019,NB65,,,,,,,Nestling,.,.,18.9,.,.,Yes,.,.,.,18.9,011016DA4B,,,,,,,,,,04/21/21 NB64,NA,NA,NA,NA,NA,NA,NA,NA,NA,NA,NA,NA,NA
2019,,244102047,SSL,,04/19/19,,2019,NB65,,,,,,,Nestling,.,.,19.1,.,.,Yes,.,.,.,19.1,011016CE16,,,,,,The sky band looks like white on this nestling,,,,,NA,NA,NA,NA,NA,NA,NA,NA,NA,NA,NA,NA,NA
2019,,244102051,STG,,04/19/19,,2019,NB65,,,,,,,Nestling,.,.,19.4,.,.,Yes,.,.,.,19.4,01101714B8,,,,,,,,,,,NA,NA,NA,NA,NA,NA,NA,NA,NA,NA,NA,NA,NA
2019,,244102045,STL,,04/19/19,,2019,NB65,,,,,,,Nestling,.,.,17.7,.,.,Yes,.,.,.,14.5,011016DB25,,,,,,RFID tags added to all nestlings on 4/20/19,,,,,NA,NA,NA,NA,NA,NA,NA,NA,NA,NA,NA,NA,NA
2019,,244102050,STO,,04/19/19,,2019,NB65,,,,,,,Nestling,.,.,19.2,.,.,Yes,.,.,.,19.2,011016AC90,,,,,,,,,,,NA,NA,NA,NA,NA,NA,NA,NA,NA,NA,NA,NA,NA
2019,,244102058,SBW,,04/20/19,,2019,NB39,,,,,,,Nestling,.,.,.,.,.,Yes ,.,.,.,17.1,011016ED4D,,,,,,,,,,,NA,NA,NA,NA,NA,NA,NA,NA,NA,NA,NA,NA,NA
2019,,244102059,SGO,,04/20/19,,2019,NB39,,,,,,,Nestling,.,.,.,.,.,Yes ,.,.,.,16.7,011016F6D4,,,,,,,,,,,NA,NA,NA,NA,NA,NA,NA,NA,NA,NA,NA,NA,NA
2019,,244102056,SGR,,04/20/19,,2019,NB29,,,,,,,AHY,.,.,.,.,.,Yes,.,.,.,.,011016A73F,,,,,,"Blue under bill, SY",,,,,NA,NA,NA,NA,NA,NA,NA,NA,NA,NA,NA,NA,NA
2019,,244102060,SLT,,04/20/19,,2019,NB39,,,,,,,Nestling,.,.,.,.,.,Yes ,.,.,.,15.6,011016AA27,,,,,,,,,,,NA,NA,NA,NA,NA,NA,NA,NA,NA,NA,NA,NA,NA
2019,,244102052,SOT,,04/20/19,,2019,NB1,,,,,,,AHY,.,.,.,.,.,Yes,.,.,.,.,011016A3E3,,,,,,Male singing outside box; caught bird is smaller than summer males; multiple unsuccessful bleeding attempts on both wings (couldn't visualize veins); bird was held onto for a period of over an hour,,,,,NA,NA,NA,NA,NA,NA,NA,NA,NA,NA,NA,NA,NA
2019,,244102061,SRR,,04/20/19,,2019,NB39,,,,,,,Nestling,.,.,.,.,.,Yes ,.,.,.,17.4,011016D3B8,,,,,,,,,,,NA,NA,NA,NA,NA,NA,NA,NA,NA,NA,NA,NA,NA
2019,,244102053,SRS,,04/20/19,,2019,NB13,,,,,,,AHY,.,.,.,.,.,Yes,.,.,.,.,011016D0D2,,,,,,,,,,,NA,NA,NA,NA,NA,NA,NA,NA,NA,NA,NA,NA,NA
2019,,244102063,SSO,,04/20/19,,2019,NB39,,,,,,,Nestling,.,.,.,.,.,Yes ,.,.,.,14.2,011016D01F,,,,,,Weighed with metal band and RFID tag,,,,,NA,NA,NA,NA,NA,NA,NA,NA,NA,NA,NA,NA,NA
2019,,244102054,SWL,,04/20/19,,2019,NB8,,,,,,,AHY,.,.,.,.,.,Yes,.,.,.,.,011016E5BE,,,,,,"Babies present when trap set up, hidden when bird caught and trap removed; double poke on left wing but blood didn't flow; successfully bled on right",,,,,NA,NA,NA,NA,NA,NA,NA,NA,NA,NA,NA,NA,NA
2019,,244102062,SYL,,04/20/19,,2019,NB39,,,,,,,Nestling,.,.,.,.,.,Yes ,.,.,.,16.9,011016D5C0,,,,,,,,,,,NA,NA,NA,NA,NA,NA,NA,NA,NA,NA,NA,NA,NA
2019,,244102055,YBG,,04/20/19,,2019,NB52,,,,,,,AHY,.,.,.,.,.,Yes,.,.,.,.,01103F856E,,,,,,"When attempting to catch: two parents visited the nest; first entered and left box quickly, second (caught) entered once; caught bird has high crest that's visibly larger than other caught birds, making lots of chatters and screeches; bird got away before blood was taken, but bands were applied; male singing began immediately after bird escaped; multiple later catch attempts on both parents at this box were unsuccessful. Re-captured 1/16/21, missing band. Blood sample taken, but only small sample present (cold weather).",,,,,NA,NA,NA,NA,NA,NA,NA,NA,NA,NA,NA,NA,NA
2019,,244102057,YYG,,04/20/19,,2019,NB65,,,,,,,AHY,.,.,.,.,.,Yes,.,.,.,.,01103F4D16,,,,,,"Crest very grey, steely blue-grey bill; multiple unsuccessful bleeding attempts on L wing, one successful attempt on R wing",,,,,NA,NA,NA,NA,NA,NA,NA,NA,NA,NA,NA,NA,NA
2019,,244102064,YLO,,04/22/19,,2019,NB52,,,,,,,Nestling,.,.,.,.,.,Yes,.,.,.,18.0,01103F570F,,,,,,"RFID tag was tight, loosened by taking off and opening a little bit",,,,,NA,NA,NA,NA,NA,NA,NA,NA,NA,NA,NA,NA,NA
2019,,244102068,YLR,,04/22/19,,2019,NB52,,,,,,,Nestling,.,.,.,.,.,Yes,.,.,.,16.6,01103F6D90,,,,,,,,,,,NA,NA,NA,NA,NA,NA,NA,NA,NA,NA,NA,NA,NA
2019,,244102066,YRB,,04/22/19,,2019,NB52,,,,,,,Nestling,.,.,.,.,.,Yes,.,.,.,17.0,011016B902,,,,,,*Duplicate band,Caught in trap at F10 on 9/14/19; Caught in trap at F9 on 11/23/19,,,,NA,NA,NA,NA,NA,NA,NA,NA,NA,NA,NA,NA,NA
2019,,244102069,YTO,,04/22/19,,2019,NB52,,,,,,,Nestling,.,.,.,.,.,Yes,.,.,.,16.0,01103F581B,,,,,,,,,,,NA,NA,NA,NA,NA,NA,NA,NA,NA,NA,NA,NA,NA
2019,,244102070,YWO,,04/22/19,,2019,NB52,,,,,,,Nestling,.,.,.,.,.,Yes,.,.,.,17.3,011016CC3B,,,,,,,Recaught on 2/1/21 at F16,,,,NA,NA,NA,NA,NA,NA,NA,NA,NA,NA,NA,NA,NA
2019,,244102065,YYB,,04/22/19,,2019,NB52,,,,,,,Nestling,.,.,.,.,.,Yes,.,.,.,17.2,011016BF3D,,,,,,Bled a lot,,,,,NA,NA,NA,NA,NA,NA,NA,NA,NA,NA,NA,NA,NA
2019,,244102067,YYO,,04/22/19,,2019,NB52,,,,,,,Nestling,.,.,.,.,.,Yes,.,.,.,17.1,011016DEE3,,,,,,,,,,,NA,NA,NA,NA,NA,NA,NA,NA,NA,NA,NA,NA,NA
2019,,244102071,YBS,,04/23/19,,2019,NB8,,,,,,,AHY,.,.,.,.,.,Yes,.,.,.,.,01103F8004,,,,,,Picture taken of lower beak,,,,,NA,NA,NA,NA,NA,NA,NA,NA,NA,NA,NA,NA,NA
2019,,244102075,YTG,,04/23/19,,2019,NB13,,,,,,,AHY,.,.,.,.,.,Yes,.,.,.,.,01103F5BBC,,,,,,Only 5 nestlings in nest during this check,,,,,NA,NA,NA,NA,NA,NA,NA,NA,NA,NA,NA,NA,NA
2019,,244102077,SPP,,05/04/19,,2019,NB14,,,,,,,Nestling,.,.,.,.,.,Yes,.,.,.,15.8,011016E05D,,,,,,Weighed with RFID tag; bled a lot,,,,,NA,NA,NA,NA,NA,NA,NA,NA,NA,NA,NA,NA,NA
2019,,244102074,SSB,,05/04/19,,2019,NB14,,,,,,,Nestling,.,.,.,.,.,Yes,.,.,.,15.3,011016C1AC,,,,,,Weighed with RFID tag,,,,,NA,NA,NA,NA,NA,NA,NA,NA,NA,NA,NA,NA,NA
2019,,244102072,STT,,05/04/19,,2019,NB14,,,,,,,Nestling,.,.,.,.,.,Yes,.,.,.,12.8,011016F8C3,,,,,,"Original weight 14.8 g, weighed without taring scale",,,,,NA,NA,NA,NA,NA,NA,NA,NA,NA,NA,NA,NA,NA
2019,,258115491,YOY,,05/07/19,,2019,NB14,,,,,,,AHY,.,.,.,.,.,No*,.,.,.,.,011016CDA2,,,,,,"Parent escaped before blood was taken, but was previously caught and banded by the pond last year and blood was taken at that time (nicknamed Perseus) ",,,,,NA,NA,NA,NA,NA,NA,NA,NA,NA,NA,NA,NA,NA
2019,,244102017,SPB,,05/08/19,,2019,NB21,,,,,,,AHY,.,.,.,.,.,Yes,.,.,.,.,011016AB29,,,,,,"Female; caught on day nestlings hatched-->watch for desertion; brood patch;  *notes are unclear as to what the actual band number is, all it says is 2017","Recaught on 2/1/21 at F4, metal band number was verified and blood sample was taken",,,,NA,NA,NA,NA,NA,NA,NA,NA,NA,NA,NA,NA,NA
2019,,244102083,SPL,,06/14/19,,2019,NB13,,,,,,,Nestling,.,.,.,.,.,Yes,.,.,.,16.5*,01103FBCA2,,,,,,Blood taken from right wing,,,,,NA,NA,NA,NA,NA,NA,NA,NA,NA,NA,NA,NA,NA
2019,,244102084,SPO,,06/14/19,,2019,NB13,,,,,,,Nestling,.,.,.,.,.,Yes,.,.,.,16.3*,01103F54B0,,,,,,"Very aggressive in attempts to get away; bleeding attempts on both wings, successful on left wing",,,,,NA,NA,NA,NA,NA,NA,NA,NA,NA,NA,NA,NA,NA
2019,,244102081,SPR,,06/14/19,,2019,NB13,,,,,,,Nestling,.,.,.,.,.,Yes,.,.,.,17.5*,01103FBEC7,,,,,,Blood taken from left wing,,,,,NA,NA,NA,NA,NA,NA,NA,NA,NA,NA,NA,NA,NA
2019,,244102080,SPT,,06/14/19,,2019,NB13,,,,,,,Nestling,.,.,.,.,.,Yes,.,.,.,17.7*,01103F8A70,,,,,,Very vocal; blood taken from left wing; bled a lot,,,,,NA,NA,NA,NA,NA,NA,NA,NA,NA,NA,NA,NA,NA
2019,,244102079,SPW,,06/14/19,,2019,NB13,,,,,,,Nestling,.,.,.,.,.,Yes,.,.,.,17.7*,01103FB1B2,,,,,,"Very squirmy and responsive; bleeding attempts on both wings, successful on left wing; constant chattering from titmice nearby; occasional small chatters came from within the nestbox","*nestlings were older than most others, so weight measurements might not compare well",,,,NA,NA,NA,NA,NA,NA,NA,NA,NA,NA,NA,NA,NA
2019,,244102082,SPY,,06/14/19,,2019,NB13,,,,,,,Nestling,.,.,.,.,.,Yes,.,.,.,18.2*,01103F8D90,,,,,,Very squirmy; blood taken from right wing,,,,,NA,NA,NA,NA,NA,NA,NA,NA,NA,NA,NA,NA,NA
2019,,244102085,SOB,,06/21/19,,2019,NB54,,,,,,,Nestling,.,.,.,.,.,Yes,.,.,.,18.9,01103FD26A,,,,,,"vocal, squirmy, & bled a lot from left wing",,,,,NA,NA,NA,NA,NA,NA,NA,NA,NA,NA,NA,NA,NA
2019,,244102088,STW,,06/21/19,,2019,NB54,,,,,,,Nestling,.,.,.,.,.,Yes,.,.,.,17.9,01103F5F6B,,,,,,Squirmy,,,,,NA,NA,NA,NA,NA,NA,NA,NA,NA,NA,NA,NA,NA
2019,,244102087,STY,,06/21/19,,2019,NB54,,,,,,,Nestling,.,.,.,.,.,Yes,.,.,.,17.1,01103F3C44,,,,,,"Blood attempts on both, successful on right. squirmy;  *Accidental duplicate band combo of a bird caught and banded last year by the pond",Recaught on 3/6/21 @ F4.,,,,NA,NA,NA,NA,NA,NA,NA,NA,NA,NA,NA,NA,NA
2019,,244102086,SWR,,06/21/19,,2019,NB54,,,,,,,Nestling,.,.,.,.,.,Yes,.,.,.,17.1,01103FA7E4,,,,,,"quiet, squirmy; generally more calm",,,,,NA,NA,NA,NA,NA,NA,NA,NA,NA,NA,NA,NA,NA
2019,,258115491,YOY,,06/25/19,,2019,NB54,,,,,,,AHY,.,.,.,.,.,No*,.,.,.,.,011016CDA2,,,,,,"Same parent as nest 14 was observed at nest 54; was not caught or bled on 6/25/19, but was observed as being a parent to this nest",,,,,NA,NA,NA,NA,NA,NA,NA,NA,NA,NA,NA,NA,NA
2019,,244102099,YLL,,07/08/19,,2019,F1,,,,,,,HY,.,.,20.8,.,.,Yes ,.,.,.,20.0,*0110174478*,,,,,,,Caught in F2 on 10/5/19,,,,NA,NA,NA,NA,NA,NA,NA,NA,NA,NA,NA,NA,NA
2019,,244102100,YSR,,07/08/19,,2019,F1,,,,,,,HY,.,.,20.5,.,.,Yes ,.,.,.,19.1,01103F7971,,,,,,"Bleeder; had to try both wings, R wing bled",Caught in F1 trap again on 7/12/19; in F1 trap on 7/16/19,,,,NA,NA,NA,NA,NA,NA,NA,NA,NA,NA,NA,NA,NA
2019,,244102089,YSW ,,07/08/19,,2019,F1,,,,,,,AHY,.,.,21.0,.,.,Yes ,.,.,.,18.6,0110170F18,,,,,,"Vocal, bleeder; most likely female",Caught in F1 trap again on 7/16/19; in F1 on 9/14/19; in F1 on 2/15/20,,,,NA,NA,NA,NA,NA,NA,NA,NA,NA,NA,NA,NA,NA
2019,,244102090,YWY,,07/08/19,,2019,F1,,,,,,,HY,.,.,20.0,.,.,Yes ,.,.,.,18.1,01103F8786,,,,,,"No crest, possibly scraped off in trap. Re-captured in Feeder 4",,,,,NA,NA,NA,NA,NA,NA,NA,NA,NA,NA,NA,NA,NA
2019,,244102092,SLR,,07/09/19,,2019,F2,,,,,,,AHY,.,.,.,.,.,Yes ,.,.,.,19.6,01103F3D11,,,,,,"Very squirmy, took a while to process.",Caught in F3 trap again on 7/15/19; in F3 on 7/18/19; in F3 on 7/23/19; in F3 on 9/14/19; in F2 on 10/5/19,,,,NA,NA,NA,NA,NA,NA,NA,NA,NA,NA,NA,NA,NA
2019,,244102091,SLY,,07/09/19,,2019,F2,,,,,,,HY,.,.,.,.,.,Yes ,.,.,.,17.8,01103F3F72,,,,,,Biter,,,,,NA,NA,NA,NA,NA,NA,NA,NA,NA,NA,NA,NA,NA
2019,,244102093,SWO,,07/09/19,,2019,F2,,,,,,,HY,.,.,.,.,.,Yes ,.,.,.,17.6,01103F6CF8,,,,,,"Large crest. Little bird, small leg. Briefly escaped into suburban and was lightly stunned by window. Unable to get much blood. ",,,,,NA,NA,NA,NA,NA,NA,NA,NA,NA,NA,NA,NA,NA
2019,,244102098,YOB,,07/09/19,,2019,F3,,,,,,,AHY,.,.,.,.,.,Yes ,.,.,.,18.1,01101708B2,,,,,,"Lots of adult coloration, a bit small. Huge black crest. Bleeder. Tarsus measurements were not taken on 7/9/19 due to problems with the calipers; seen on 7/15/19 in F1 territory",Caught in F3 trap again on 7/23/19; caught in F2 trap on 9/22/19,,,,NA,NA,NA,NA,NA,NA,NA,NA,NA,NA,NA,NA,NA
2019,,244102094,STT,,07/10/19,,2019,F10,,,,,,,HY,.,.,.,.,.,Yes ,.,.,.,17.1,01103F9EE3,,,,,,Very vocal & squirmy; bit a lot; parent was chattering nearby while in trap,"**Feeder 10 note: at 08:25 an unbanded adult flew into the trap, then flew right back out ~ 10 seconds later",,,,NA,NA,NA,NA,NA,NA,NA,NA,NA,NA,NA,NA,NA
2019,,244102095,SRO,,07/11/19,,2019,F12,,,,,,,HY,.,.,.,.,.,Yes ,.,.,.,18.0,01103F6317,,,,,,"Was in feeder with MY GG; at least 2 from same group in tree nearby, chatter",,,,,NA,NA,NA,NA,NA,NA,NA,NA,NA,NA,NA,NA,NA
2019,,244102096,SYS,,07/11/19,,2019,F10,,,,,,,HY,.,.,.,.,.,No,.,.,.,18.6,01103F55B6,,,,,,"Escaped, unable to take blood",at 09:42: one other escaped before it could be banded or bled; 2 others escaped in trap (out of entry passage and out main door),,,,NA,NA,NA,NA,NA,NA,NA,NA,NA,NA,NA,NA,NA
2019,,244102097,SLB,,07/19/19,,2019,F1,,,,,,,HY,.,.,20.8,.,.,Yes ,.,.,.,17.8,01103F8E31,,,,,,"Caught with another juv; the other juv had an injured left eye, and escaped when trying to take its weight",,,,,NA,NA,NA,NA,NA,NA,NA,NA,NA,NA,NA,NA,NA
2019,,244160901,SOW,,07/22/19,,2019,F12,,,,,,,HY,.,.,.,.,.,Yes ,.,.,.,17.3,01103F3CC5,,,,,,Hard to bleed; slight clotting,,,,,NA,NA,NA,NA,NA,NA,NA,NA,NA,NA,NA,NA,NA
2019,,244160902,SGY,,07/23/19,,2019,F3,,,,,,,HY,.,.,20.4,.,.,Yes ,.,.,.,18.2,01103FBA6D,,,,,,"Very vocal and aggressive; didn't bleed much, tried on both wings, successful on R wing",Caught in F3 trap again on 9/14/19; in F3 on 10/5/19; in F3 on 10/19/19; in F2 on 1/25/20,,,,NA,NA,NA,NA,NA,NA,NA,NA,NA,NA,NA,NA,NA
2019,,244160905,SOL,,09/14/19,,2019,F9,,,,,,,AHY,.,.,.,.,.,Yes,.,.,.,18.6,01103FBE00,,,,,,Huge black crest,Caught in F9 on 1/25/20,,,,NA,NA,NA,NA,NA,NA,NA,NA,NA,NA,NA,NA,NA
2019,,244160903,YGB,,09/14/19,,2019,F4,,,,,,,AHY,.,.,.,.,.,Yes,.,.,.,20.5,01101750DB,,,,,,Hard to bleed,,,,,NA,NA,NA,NA,NA,NA,NA,NA,NA,NA,NA,NA,NA
2019,,244160904,YSO,,09/14/19,,2019,F10,,,,,,,HY,.,.,.,.,.,Yes,.,.,.,16.6,01101740DB,,,,,,"Very aggressive, bit a lot; most likely a juv but could be older",,,,,NA,NA,NA,NA,NA,NA,NA,NA,NA,NA,NA,NA,NA
2019,,244160906,YYS,,09/14/19,,2019,F4,,,,,,,AHY,.,.,.,.,.,Yes,.,.,.,18.3,01103F5B82,,,,,,"Held for a long time, didn't fly very far away when released; very vocal. Repeat catch @ Feeder 4 on 10/12, 8:12 am; recaught at F4, 10/19/19",,,,,NA,NA,NA,NA,NA,NA,NA,NA,NA,NA,NA,NA,NA
2019,,244160907,YLY,,09/22/19,,2019,F4,,,,,,,AHY,.,.,.,.,.,Yes,.,.,.,19.1,01103F5DAE,,,,,,"Bloody mark above beak; very feathery; didn't bleed much, had to take blood from both wings. Re-catch @ Feeder 4 on 10/12, 8:41 am",Caught in F4 on 2/8/20,,,,NA,NA,NA,NA,NA,NA,NA,NA,NA,NA,NA,NA,NA
2019,,244160909,SLW,,10/05/19,,2019,F10,,,,,,,HY,.,.,.,.,.,Yes,.,.,.,19.6,01103F7E48,,,,,,-,Caught in F8 on 2/8/20,,,,NA,NA,NA,NA,NA,NA,NA,NA,NA,NA,NA,NA,NA
2019,,244160908,YTY,,10/05/19,,2019,F5,,,,,,,HY,.,.,.,.,.,No,.,.,.,17.4,01103F7CC4,,,,,,Escaped before blood sample,,,,,NA,NA,NA,NA,NA,NA,NA,NA,NA,NA,NA,NA,NA
2019,,244160910,SBB,,10/26/19,,2019,F12,,,,,,,HY,.,.,.,.,.,Yes,.,.,.,16.9,01103F7155,,,,,,-,,,,,NA,NA,NA,NA,NA,NA,NA,NA,NA,NA,NA,NA,NA
2019,,244160911,SBR,,10/26/19,,2019,F12,,,,,,,AHY,.,.,.,.,.,Yes,.,.,.,17.2,01103F5B0C,,,,,,Very calm.,,,,,NA,NA,NA,NA,NA,NA,NA,NA,NA,NA,NA,NA,NA
2019,,244160912,SRT,,11/16/19,,2019,F9,,,,,,,AHY,.,.,.,.,.,Yes,.,.,.,19.4,01103FD266,,,,,,Bled a lot. Aggressive. ,*blood was not refrigerated upon return to lab. Refrigerated 11/20,,,,NA,NA,NA,NA,NA,NA,NA,NA,NA,NA,NA,NA,NA
2019,,244160913,YRW,,11/16/19,,2019,F8,,,,,,,AHY,.,.,.,.,.,Yes,.,.,.,17.5,01103F7C3B,,,,,,-,*blood was not refrigerated upon return to lab. Refrigerated 11/20; Caught in F8 on 2/8/20,,,,NA,NA,NA,NA,NA,NA,NA,NA,NA,NA,NA,NA,NA
2019,,244160915,YTS,,11/16/19,,2019,F8,,,,,,,HY,.,.,.,.,.,Yes,.,.,.,17.5,01103F8A47,,,,,,Trouble bleeding. Bad hematoma on both wings. Right wing would not bleed until multiple attempts. Marked down for recapture & bleeding. Bled 4/17/21,,,,4/17/21 NB53,NA,NA,NA,NA,NA,NA,NA,NA,NA,NA,NA,NA,NA
2019,,244160914,YWB,,11/16/19,,2019,F8,,,,,,,AHY,.,.,.,.,.,No,.,.,.,18.9,01103F74AE,,,,,,Trouble bleeding/small veins. Bad hematoma on right and left wings. Marked down for recapture & bleeding. ,,,,,NA,NA,NA,NA,NA,NA,NA,NA,NA,NA,NA,NA,NA
2019,,244160916,S,,11/23/19,,2019,F9,,,,,,,HY,.,.,.,.,.,No,.,.,.,19.6,01103F7604,,,,,,"Very vocal, difficult to bleed, hesitant to fly away",,,,,NA,NA,NA,NA,NA,NA,NA,NA,NA,NA,NA,NA,NA
2019,,244160917,YPG,,11/23/19,,2019,F9,,,,,,,HY,.,.,.,.,.,Yes,.,.,.,17.2,01103F5023,,,,,,,,,,,NA,NA,NA,NA,NA,NA,NA,NA,NA,NA,NA,NA,NA
2020,,244160919,SWS,,01/25/20,,2020,F4,,,,,,,AHY,.,.,.,.,.,No,.,.,.,16.4,01103FD65F,,,,,,"""play dead""; dark gray crest",,,,,NA,NA,NA,NA,NA,NA,NA,NA,NA,NA,NA,NA,NA
2020,,244160918,SWY,,01/25/20,,2020,F8,,,,,,,AHY,.,.,.,.,.,Yes,.,.,.,30.83 (weighed with tube),01103F40C4,,,,,,Re-captured 1/16/21,caught again in F4 2/15/20; in F8 2/8/20,,,,NA,NA,NA,NA,NA,NA,NA,NA,NA,NA,NA,NA,NA
2020,,244160920,STW,,02/08/20,,2020,F4,,,,,,,AHY,.,.,19.1,.,.,Yes,.,.,.,16.8,01103F8E3A,,,,,,,,,,,NA,NA,NA,NA,NA,NA,NA,NA,NA,NA,NA,NA,NA
2020,,244160921,YWW,,02/08/20,,2020,F4,,,,,,,AHY,.,.,19.8,.,.,Yes,.,.,.,19.0,011016FAEA,,,,,,Had a hard time flying to the tree afterwards; failed to bleed both have labeled centrifuge tube,,,,5/2/2021 NB7,NA,NA,NA,NA,NA,NA,NA,NA,NA,NA,NA,NA,NA
2020,,244160922,YWR,,02/08/20,,2020,F12,,,,,,,AHY,.,.,.,.,.,Yes,.,.,.,20.6,011016FACA,,,,,,Caught in mistnet during BIO3301 field trip on 4/10/21; bled again as demonstration,,,,4/10/21 (mistnet near NB22+23),NA,NA,NA,NA,NA,NA,NA,NA,NA,NA,NA,NA,NA
2020,,244160923,SRY,,02/08/20,,2020,F12,,,,,,,AHY,.,.,.,.,.,Yes,.,.,.,17.9,01103F4BE0,,,,,,good bleed,,,,,NA,NA,NA,NA,NA,NA,NA,NA,NA,NA,NA,NA,NA
2020,,244160924,SOY,,02/08/20,,2020,F12,,,,,,,AHY,.,.,20.9,.,.,Yes,.,.,.,.,01103FC46F,,,,,,"lost before weighing, really pissy and loud",,,,,NA,NA,NA,NA,NA,NA,NA,NA,NA,NA,NA,NA,NA
2020,,244160925,SRY,,02/15/20,,2020,F12,,,,,,,AHY,.,.,23.4,.,.,Yes,.,.,.,17.6,01103F7E45,,,,,,did not get a lot of blood; bled again on 4/17/21,,,,4/17/21 NB63,NA,NA,NA,NA,NA,NA,NA,NA,NA,NA,NA,NA,NA
2020,,244160926,SLG,,02/22/20,,2020,F14,,,,,,,AHY,.,.,.,.,.,Yes,.,.,.,20.0,01103F5BD3,,,,,,Not able to take tarsus,,,,,NA,NA,NA,NA,NA,NA,NA,NA,NA,NA,NA,NA,NA
2020,,244160927,SBO,,02/22/20,,2020,F14,,,,,,,AHY,.,.,29.7*,.,.,No,.,.,.,18.1,01103F8C40,,,,,,"*tarsus size may not be right, it was very big; very squirmy rather quiet, needs to bleed",,,,,NA,NA,NA,NA,NA,NA,NA,NA,NA,NA,NA,NA,NA
2020,,244160928,SRG,,02/22/20,,2020,F14,,,,,,,AHY,.,.,21.8,.,.,No,.,.,.,18.0,01103FAAA7,,,,,,did not bleed well,,,,,NA,NA,NA,NA,NA,NA,NA,NA,NA,NA,NA,NA,NA
2020,,-,SRY,,02/22/20,,2020,F14,,,,,,,.,.,.,.,.,.,No,.,.,.,.,.,,,,,,"tried bleeding both arms, but unsuccessful",,,,,NA,NA,NA,NA,NA,NA,NA,NA,NA,NA,NA,NA,NA
2020,,244160438,YBL,,09/19/20,,2020,F3,,,,,,,AHY,.,.,.,.,.,Yes,.,.,.,20.1,01103F58A8,,,,,,*Band duplicate with 244160942,,,,,NA,NA,NA,NA,NA,NA,NA,NA,NA,NA,NA,NA,NA
2020,,244160929,YGY,,09/19/20,,2020,F8,,,,,,,AHY,.,.,.,.,.,Yes,.,.,.,19.7,01103F826D,,,,,,"Lot of blood. Recaught @ F9 2/6/21, Trapped with YOS. Killed/seriously injured YOS",,,,,NA,NA,NA,NA,NA,NA,NA,NA,NA,NA,NA,NA,NA
2020,,244150930,YOS,,09/19/20,,2020,F8,,,,,,,HY,.,.,.,.,.,No,.,.,.,16.9,01103F40DF,,,,,,"Didn't bleed, but did defecate. Recaught @ F9 2/6/21. Seriously injured, very low chance of survival",,,,,NA,NA,NA,NA,NA,NA,NA,NA,NA,NA,NA,NA,NA
2020,,244160940,YRS,,09/19/20,,2020,F3,,,,,,,AHY,.,.,.,.,.,Yes,.,.,.,16.5,01103F7ACD,,,,,,Recaught on 05/06/2021,,,,,NA,NA,NA,NA,NA,NA,NA,NA,NA,NA,NA,NA,NA
2020,,244160932,YTR,,09/19/20,,2020,F3,,,,,,,HY,.,.,.,.,.,No*,.,.,.,18.9,01103F7CAA,,,,,,"*Blood taken on different day, blood in hand",,,,,NA,NA,NA,NA,NA,NA,NA,NA,NA,NA,NA,NA,NA
2020,,244160933,YTT,,09/19/20,,2020,F1,,,,,,,HY,.,.,.,.,.,Yes,.,.,.,19.7,01103F6158,,,,,,,,,,,NA,NA,NA,NA,NA,NA,NA,NA,NA,NA,NA,NA,NA
2020,,244160931,YYL,,09/19/20,,2020,F8,,,,,,,AHY,.,.,.,.,.,Yes,.,.,.,18.4,01103F3BBA,,,,,,Only little bit of blood,,,,,NA,NA,NA,NA,NA,NA,NA,NA,NA,NA,NA,NA,NA
2020,,244160936,SOG,,09/26/20,,2020,F3,,,,,,,AHY,.,.,20.0,.,.,Y,.,.,.,19.5,01103FA5DF,,,,,,*Band duplicate with 244160958,,,,,NA,NA,NA,NA,NA,NA,NA,NA,NA,NA,NA,NA,NA
2020,,244160935,SBL,,09/26/20,,2020,F3,,,,,,,.,.,.,.,.,.,Y,.,.,.,19.0,01103F5D4C,,,,,,,,,,,NA,NA,NA,NA,NA,NA,NA,NA,NA,NA,NA,NA,NA
2020,,244160937,YTT,,09/26/20,,2020,F8,,,,,,,HY,.,.,20.2,.,.,N*,.,.,.,18.0,01103F6F8B,,,,,,"Band duplicate, blood taken but tube was lost. might have bled 10/24/2020, but not sure. Bleed again to be sure",,,,,NA,NA,NA,NA,NA,NA,NA,NA,NA,NA,NA,NA,NA
2020,,244160934,SYL,,09/26/20,,2020,F3,,,,,,,HY,.,.,19.2,.,.,Y,.,.,.,16.4,01103F7E43,,,,,,"Bird was recaught on 3/6/21, was missing a G band from original SGS combo, could not find the bird in a data sheet, changed combo to SYL, took extra blood sample.",,,,,NA,NA,NA,NA,NA,NA,NA,NA,NA,NA,NA,NA,NA
2020,,244160939,SLO,,09/26/20,,2020,F1,,,,,,,HY,.,.,19.3,.,.,Y,.,.,.,17.7,01103FA3E0,,,,,,*Band duplicate with 244160956,,,,,NA,NA,NA,NA,NA,NA,NA,NA,NA,NA,NA,NA,NA
2020,,244160941,YLT,,10/03/20,,2020,.,,,,,,,.,.,.,21.5,.,.,Y,.,.,.,18.6,01103F4024,,,,,,,,,,,NA,NA,NA,NA,NA,NA,NA,NA,NA,NA,NA,NA,NA
2020,,244160942,YBL,,10/24/20,,2020,F9,,,,,,,AHY,.,.,21.3,.,.,No,.,.,.,20.0,0110174E45,,,,,,*Band duplicate with 244160438,,,,,NA,NA,NA,NA,NA,NA,NA,NA,NA,NA,NA,NA,NA
2020,,244160943,YWT,,11/07/20,,2020,F17,,,,,,,AHY,.,.,22.3,.,.,Yes,.,.,.,16.8,01103F4899,,,,,,*Duplicate band,,,,,NA,NA,NA,NA,NA,NA,NA,NA,NA,NA,NA,NA,NA
2021,,244160944,SSS,,01/30/21,,2021,F14,N,,,,,,AHY,.,.,18.6,.,.,No,.,.,.,19.9,01103F9BE4,,,,,,Shaking alot/seems stressed,"Added to this sheet as not having Blood, but in paper sheet says there is blood - need to verify in fridge.",,,05/02/21 NB 16,NA,NA,NA,NA,NA,NA,NA,NA,NA,NA,NA,NA,NA
2021,,244160945,SYT,,01/30/21,,2021,F14,N,,,,,,AHY,.,.,22.5,.,.,Y,.,.,.,20.1,01103F741F,,,,,,Recaught 2/6/21 @ F14,,,,,NA,NA,NA,NA,NA,NA,NA,NA,NA,NA,NA,NA,NA
2021,,244160946,YRB,,02/06/21,,2021,F9,N,,,,,,SY,.,.,19.3,.,.,Y,.,.,.,17.2,0110174E7C,,,,,,"Very young, grey crest, Bled alot, *Band duplicate",,,,,NA,NA,NA,NA,NA,NA,NA,NA,NA,NA,NA,NA,NA
2021,,244160947,YWL,,02/06/21,,2021,F9,N,,,,,,AHY,.,.,20.6,.,.,Y,.,.,.,19.9,011016FEE5,,,,,,Fought alot. Looked young,,,,,NA,NA,NA,NA,NA,NA,NA,NA,NA,NA,NA,NA,NA
2021,,244160948,SYW,,02/06/21,,2021,F14,N,,,,,,SY,.,.,22.0,.,.,Y,.,.,.,18.3,01103FA1F9,,,,,,Looks very young,Recapture data is below (7/10/23),,,,NA,NA,NA,NA,NA,NA,NA,NA,NA,NA,NA,NA,NA
2021,,244160949,STS,,02/06/21,,2021,F15,N,,,,,,AHY,.,.,20.9,.,.,Y,.,.,.,18.6,01103F8C99,,,,,,,,,,,NA,NA,NA,NA,NA,NA,NA,NA,NA,NA,NA,NA,NA
2021,,244160951,YTY,,03/06/21,,2021,F4,N,,,,,,AHY,.,.,22.7,.,.,Yes,.,.,.,19.1,0110171607,,,,,,Band is a duplicate.,,,,,NA,NA,NA,NA,NA,NA,NA,NA,NA,NA,NA,NA,NA
2021,,244160952,SSR,,03/06/21,,2021,F4,N,,,,,,AHY,.,.,20.3,.,.,Yes,.,.,.,19.7,01103F836E,,,,,,,,,,,NA,NA,NA,NA,NA,NA,NA,NA,NA,NA,NA,NA,NA
2021,,244160953,SLB,,03/06/21,,2021,.,N,,,,,,AHY,.,.,20.1,.,.,Yes,.,.,.,18.4,01103F57CE,,,,,,,,,,,NA,NA,NA,NA,NA,NA,NA,NA,NA,NA,NA,NA,NA
2021,,244160954,YTL,,04/10/21,,2021,NB19,N,,,,,,AHY,.,.,19.9,.,.,Yes,.,.,.,16.9,01103F56A4,,,,,,Caught on field trip with snap trap along with another parent; as of 4/17 parents likely abandoned as all chicks were found dead in nest,,,,,NA,NA,NA,NA,NA,NA,NA,NA,NA,NA,NA,NA,NA
2021,,244160922,YWR,,04/10/21,,2021,MN near NB22&23,P,,,,,,ASY,.,.,.,.,.,.,.,.,.,.,.,,,,,,,,,,,NA,NA,NA,NA,NA,NA,NA,NA,NA,NA,NA,NA,NA
2021,,244160955,SSG,,04/17/21,,2021,NB17,N,,,,,,AHY,.,.,18.9,.,.,Yes,.,.,.,16.4,01103F53F1,,,,,,,,,,05/31/21,NA,NA,NA,NA,NA,NA,NA,NA,NA,NA,NA,NA,NA
2021,,244160956,SLO,,04/17/21,,2021,NB65,N,,,,,,AHY,.,.,21.0,.,.,Yes,.,.,.,19.0,01103F8A54,,,,,,Stress molted all of tail; probably male - crest black and huge,*Band duplicate with 244160939,,,,NA,NA,NA,NA,NA,NA,NA,NA,NA,NA,NA,NA,NA
2021,,244160957,SLS,,04/17/21,,2021,NB51,N,,,,,,AHY,.,.,19.8,.,.,Yes,.,.,.,16.0,01103F50EB,,,,,,Stressed on release,,,,,NA,NA,NA,NA,NA,NA,NA,NA,NA,NA,NA,NA,NA
2021,,244160958,SOG,,04/17/21,,2021,NB66,N,,,,,,AHY,.,.,19.3,.,.,Yes,.,.,.,17.4,01103F5AAF,,,,,,"Small, grey crest",*Band duplicate with 244160936,,,,NA,NA,NA,NA,NA,NA,NA,NA,NA,NA,NA,NA,NA
2021,,244160915,YTS,,04/17/21,,2021,NB53,P,,,,,,ASY,.,.,.,.,.,.,.,.,.,.,.,,,,,,,,,,,NA,NA,NA,NA,NA,NA,NA,NA,NA,NA,NA,NA,NA
2021,,244160925,SRY,,04/17/21,,2021,NB63,P,,,,,,ASY,.,.,.,.,.,.,.,.,.,.,.,,,,,,,,,,,NA,NA,NA,NA,NA,NA,NA,NA,NA,NA,NA,NA,NA
2021,,244160959,SWW,,04/21/21,,2021,NB10,N,,,,,,AHY,.,.,.,.,TM,N,.,.,.,.,01103FDDFD,,,,,,"incubating when opened box, forgot blood",,,,,NA,NA,NA,NA,NA,NA,NA,NA,NA,NA,NA,NA,NA
2021,,244102049,SRW,,04/21/21,,2021,NB64,P,,,,,,ASY,.,.,.,.,.,.,.,.,.,.,.,,,,,,,,,,,NA,NA,NA,NA,NA,NA,NA,NA,NA,NA,NA,NA,NA
2021,,244160960,WG,,04/21/21,,2021,NB10,N,,,,,,Nestling,.,.,.,.,TM,Y,.,.,.,.,.,,,,,,also caught and banded adult incubating  this bird died before fledging ,,,,,NA,NA,NA,NA,NA,NA,NA,NA,NA,NA,NA,NA,NA
2021,,244160961,RTR,,04/21/21,,2021,NB23,N,,,,,,Nestling,.,.,.,.,TM,Y,.,.,.,19.4,01103F78FD,,,,,,,,,,,NA,NA,NA,NA,NA,NA,NA,NA,NA,NA,NA,NA,NA
2021,,244160962,RTO,,04/21/21,,2021,NB23,N,,,,,,Nestling,.,.,.,.,TM,Y,.,.,.,18.3,01103F8A7A,,,,,,,,,,,NA,NA,NA,NA,NA,NA,NA,NA,NA,NA,NA,NA,NA
2021,,244160964,RTT,,04/21/21,,2021,NB23,N,,,,,,Nestling,.,.,.,.,TM,Y,.,.,.,18.0,01103FCE4E,,,,,,,,,,,NA,NA,NA,NA,NA,NA,NA,NA,NA,NA,NA,NA,NA
2021,,244160965,RTB,,04/21/21,,2021,NB23,N,,,,,,Nestling,.,.,.,.,TM,Y,.,.,.,18.0,01103FB3ED,,,,,,not much blood,,,,,NA,NA,NA,NA,NA,NA,NA,NA,NA,NA,NA,NA,NA
2021,,244160963,RTY,,04/21/21,,2021,NB23,N,,,,,,Nestling,.,.,.,.,TM,Y,.,.,.,17.5,01103F5F66,,,,,,,,,,,NA,NA,NA,NA,NA,NA,NA,NA,NA,NA,NA,NA,NA
2021,,244160971,RBR,,04/21/21,,2021,NB25,N,,,,,,Nestling,.,.,.,.,TM,Y,.,.,.,21.2,01103FD315,,,,,,,,,,,NA,NA,NA,NA,NA,NA,NA,NA,NA,NA,NA,NA,NA
2021,,244160966,RBC,,04/21/21,,2021,NB25,N,,,,,,Nestling,.,.,.,.,TM,Y,.,.,.,18.6,01103FDE18,,,,,,,,,,,NA,NA,NA,NA,NA,NA,NA,NA,NA,NA,NA,NA,NA
2021,,244160967,RBY,,04/21/21,,2021,NB25,N,,,,,,Nestling,.,.,.,.,TM,Y,.,.,.,20.7,01103FD11A,,,,,,,,,,,NA,NA,NA,NA,NA,NA,NA,NA,NA,NA,NA,NA,NA
2021,,244160968,RLL,,04/21/21,,2021,NB64,N,,,,,,Nestling,.,.,.,.,TM,Y,.,.,.,18.1,0110171091,,,,,,,,,,,NA,NA,NA,NA,NA,NA,NA,NA,NA,NA,NA,NA,NA
2021,,244160969,RLW,,04/21/21,,2021,NB64,N,,,,,,Nestling,.,.,.,.,TM,Y,.,.,.,18.0,01103F6C4C,,,,,,,,,,,NA,NA,NA,NA,NA,NA,NA,NA,NA,NA,NA,NA,NA
2021,,244160970,RLO,,04/21/21,,2021,NB64,N,,,,,,Nestling,.,.,.,.,TM,Y,.,.,.,18.0,01103FB6E5,,,,,,,,,,,NA,NA,NA,NA,NA,NA,NA,NA,NA,NA,NA,NA,NA
2021,,244160972,RLG,,04/21/21,,2021,NB64,N,,,,,,Nestling,.,.,.,.,TM,Y,.,.,.,16.8,01103FC472,,,,,,,,,,,NA,NA,NA,NA,NA,NA,NA,NA,NA,NA,NA,NA,NA
2021,,244160973,RLS,,04/21/21,,2021,NB64,N,,,,,,Nestling,.,.,.,.,TM,Y,.,.,.,19.0,01103F7F97,,,,,,,,,,,NA,NA,NA,NA,NA,NA,NA,NA,NA,NA,NA,NA,NA
2021,,244160974,RLR,,04/21/21,,2021,NB64,N,,,,,,Nestling,.,.,.,.,TM,Y,.,.,.,18.9,01103F4257,,,,,,,,,,,NA,NA,NA,NA,NA,NA,NA,NA,NA,NA,NA,NA,NA
2021,,244160983,ROT,,04/22/21,,2021,NB53,N,,,,,,Nestling,.,.,.,.,TM,Y,.,.,.,21.0,01103F9823,,,,,,,,,,,NA,NA,NA,NA,NA,NA,NA,NA,NA,NA,NA,NA,NA
2021,,244160982,ROL,,04/22/21,,2021,NB53,N,,,,,,Nestling,.,.,.,.,TM,Y,.,.,.,18.3,01103F5EBC,,,,,,,,,,,NA,NA,NA,NA,NA,NA,NA,NA,NA,NA,NA,NA,NA
2021,,244160984,RON,,04/22/21,,2021,NB53,N,,,,,,Nestling,.,.,.,.,TM,Y,.,.,.,19.7,01103F7DA0,,,,,,,,,,,NA,NA,NA,NA,NA,NA,NA,NA,NA,NA,NA,NA,NA
2021,,244160986,ROW,,04/22/21,,2021,NB53,N,,,,,,Nestling,.,.,.,.,TM,Y,.,.,.,17.7,01103F8174,,,,,,,,,,,NA,NA,NA,NA,NA,NA,NA,NA,NA,NA,NA,NA,NA
2021,,244160985,ROY,,04/22/21,,2021,NB53,N,,,,,,Nestling,.,.,.,.,TM,Y,.,.,.,18.6,01103F4C2F,,,,,,,,,,,NA,NA,NA,NA,NA,NA,NA,NA,NA,NA,NA,NA,NA
2021,,244160987,ROR,,04/22/21,,2021,NB53,N,,,,,,Nestling,.,.,.,.,TM,Y,.,.,.,19.6,01103F3EDD,,,,,,Number written on the side is incorrect!,,,,,NA,NA,NA,NA,NA,NA,NA,NA,NA,NA,NA,NA,NA
2021,,244160988,ROS,,04/22/21,,2021,NB53,N,,,,,,Nestling,.,.,.,.,TM,Y,.,.,.,19.4,01103F40EE,,,,,,,,,,,NA,NA,NA,NA,NA,NA,NA,NA,NA,NA,NA,NA,NA
2021,,244160989,OB,,04/22/21,,2021,NB53,N,,,,,,Nestling,.,.,.,.,TM,Y,.,.,.,13.7,.,,,,,,runt one third size of others,,,,,NA,NA,NA,NA,NA,NA,NA,NA,NA,NA,NA,NA,NA
2021,,244160975,RWB,,04/22/21,,2021,NB17,N,,,,,,Nestling,.,.,.,.,TM,Y,.,.,.,20.4,01103F533B,,,,,,,,,,,NA,NA,NA,NA,NA,NA,NA,NA,NA,NA,NA,NA,NA
2021,,244160976,RWY,,04/22/21,,2021,NB17,N,,,,,,Nestling,.,.,.,.,TM,Y,.,.,.,18.8,01103F8D1C,,,,,,,,,,,NA,NA,NA,NA,NA,NA,NA,NA,NA,NA,NA,NA,NA
2021,,244160977,RWT,,04/22/21,,2021,NB17,N,,,,,,Nestling,.,.,.,.,TM,Y,.,.,.,17.7,01103F8D88,,,,,,,,,,,NA,NA,NA,NA,NA,NA,NA,NA,NA,NA,NA,NA,NA
2021,,244160978,RWO,,04/22/21,,2021,NB17,N,,,,,,Nestling,.,.,.,.,TM,Y,.,.,.,17.7,01103FAC13,,,,,,,,,,,NA,NA,NA,NA,NA,NA,NA,NA,NA,NA,NA,NA,NA
2021,,244160979,RYW,,04/22/21,,2021,NB18,N,,,,,,Nestling,.,.,.,.,TM,Y,.,.,.,18.1,01103F3D2B,,,,,,,,,,,NA,NA,NA,NA,NA,NA,NA,NA,NA,NA,NA,NA,NA
2021,,244160980,RYY,,04/22/21,,2021,NB18,N,,,,,,Nestling,.,.,.,.,TM,Y,.,.,.,18.5,01103FAF92,,,,,,,,,,,NA,NA,NA,NA,NA,NA,NA,NA,NA,NA,NA,NA,NA
2021,,244160981,RYB,,04/22/21,,2021,NB18,N,,,,,,Nestling,.,.,.,.,TM,Y,.,.,.,18.7,01103F4F20,,,,,,,,,,,NA,NA,NA,NA,NA,NA,NA,NA,NA,NA,NA,NA,NA
2021,,244160998,RRO,,04/23/21,,2021,NB51,N ,,,,,,Nestling,.,.,.,.,TM,Y,Y,.,.,18.0,01103FA8A2,,,,,,,,,,,NA,NA,NA,NA,NA,NA,NA,NA,NA,NA,NA,NA,NA
2021,,244160999,RRN,,04/23/21,,2021,NB51,N,,,,,,Nestling,.,.,.,.,TM,Y,.,.,.,18.3,01103F415A,,,,,,,,,,,NA,NA,NA,NA,NA,NA,NA,NA,NA,NA,NA,NA,NA
2021,,244161000,RNN,,04/23/21,,2021,NB98,N,,,,,,Nestling,.,.,.,.,TM,Y,.,.,.,18.0,01103FD1C9,,,,,,,,,,,NA,NA,NA,NA,NA,NA,NA,NA,NA,NA,NA,NA,NA
2021,,244102101,RNR,,04/23/21,,2021,NB98,N,,,,,,Nestling,.,.,.,.,TM,Y,.,.,.,18.3,01103FCDAA,,,,,,broke off halux,,,,,NA,NA,NA,NA,NA,NA,NA,NA,NA,NA,NA,NA,NA
2021,,244102102,RNO,,04/23/21,,2021,NB98,N,,,,,,Nestling,.,.,.,.,TM,Y,.,.,.,16.9,01103F7BB8,,,,,,only 4mm blood,,,,,NA,NA,NA,NA,NA,NA,NA,NA,NA,NA,NA,NA,NA
2021,,244102103,RNY,,04/23/21,,2021,NB98,N,,,,,,Nestling,.,.,.,.,TM,Y,.,.,.,19.2,01103F9728,,,,,,,,,,,NA,NA,NA,NA,NA,NA,NA,NA,NA,NA,NA,NA,NA
2021,,244102104,RNT,,04/23/21,,2021,NB98,N,,,,,,Nestling,.,.,.,.,TM,Y,.,.,.,17.5,01103F898D,,,,,,the 4 is hard to read on band,,,,,NA,NA,NA,NA,NA,NA,NA,NA,NA,NA,NA,NA,NA
2021,,244102105,RNB,,04/23/21,,2021,NB98,N,,,,,,Nestling,.,.,.,.,TM,Y,.,.,.,18.4,01103F40FE,,,,,,,,,,,NA,NA,NA,NA,NA,NA,NA,NA,NA,NA,NA,NA,NA
2021,,244160990,RSO,,04/23/21,,2021,NB15,N,,,,,,Nestling,.,.,.,.,TM,Y,.,.,.,16.6,01103FC685,,,,,,,,,,,NA,NA,NA,NA,NA,NA,NA,NA,NA,NA,NA,NA,NA
2021,,244160991,RSL,,04/23/21,,2021,NB15,N,,,,,,Nestling,.,.,.,.,TM,Y,.,.,.,17.2,01103F7369,,,,,,,,,,,NA,NA,NA,NA,NA,NA,NA,NA,NA,NA,NA,NA,NA
2021,,244160992,RSR,,04/23/21,,2021,NB15,N,,,,,,Nestling,.,.,.,.,TM,Y,.,.,.,15.9,01103F8D11,,,,,,only half of wanted blood ,,,,,NA,NA,NA,NA,NA,NA,NA,NA,NA,NA,NA,NA,NA
2021,,244160993,RSY,,04/23/21,,2021,NB15,N,,,,,,Nestling,.,.,.,.,TM,Y,.,.,.,16.8,01103FAB5B,,,,,,,,,,,NA,NA,NA,NA,NA,NA,NA,NA,NA,NA,NA,NA,NA
2021,,244160994,RRR,,04/23/21,,2021,NB57,N,,,,,,Nestling,.,.,.,.,TM,Y,.,.,.,17.3,01103F6199,,,,,,,,,,,NA,NA,NA,NA,NA,NA,NA,NA,NA,NA,NA,NA,NA
2021,,244160995,RRY,,04/23/21,,2021,NB57,N,,,,,,Nestling,.,.,.,.,TM,Y,.,.,.,19.0,01103F7426,,,,,,,,,,,NA,NA,NA,NA,NA,NA,NA,NA,NA,NA,NA,NA,NA
2021,,244160996,RRG,,04/23/21,,2021,NB57,N,,,,,,Nestling,.,.,.,.,TM,Y,.,.,.,18.5,01103F715D,,,,,,,,,,,NA,NA,NA,NA,NA,NA,NA,NA,NA,NA,NA,NA,NA
2021,,244160997,RRL,,04/23/21,,2021,NB57,N,,,,,,Nestling,.,.,.,.,TM,Y,.,.,.,20.3,01103F9C76,,,,,,,,,,,NA,NA,NA,NA,NA,NA,NA,NA,NA,NA,NA,NA,NA
2021,,244102119,SGB,,04/25/21,,2021,NB24,N,,,,,,Nestling,.,.,.,.,TM,y,.,.,.,17.9,01103FDD96,,,,,,,,,,,NA,NA,NA,NA,NA,NA,NA,NA,NA,NA,NA,NA,NA
2021,,244102121,SGS,,04/25/21,,2021,NB24,N,,,,,,Nestling,.,.,.,.,TM,y,.,.,.,17.3,01103FD85C,,,,,,,,,,,NA,NA,NA,NA,NA,NA,NA,NA,NA,NA,NA,NA,NA
2021,,244102122,SGN,,04/25/21,,2021,NB24,N,,,,,,Nestling,.,.,.,.,TM,y,.,.,.,17.8,01103FDB23,,,,,,,,,,,NA,NA,NA,NA,NA,NA,NA,NA,NA,NA,NA,NA,NA
2021,,244102123,SGW,,04/25/21,,2021,NB24,N,,,,,,Nestling,.,.,.,.,TM,y,.,.,.,17.8,01103FE7CD,,,,,,,,,,,NA,NA,NA,NA,NA,NA,NA,NA,NA,NA,NA,NA,NA
2021,,244102124,SGG,,04/25/21,,2021,NB24,N,,,,,,Nestling,.,.,.,.,TM,y,.,.,.,17.0,01103FDEDF,,,,,,,,,,,NA,NA,NA,NA,NA,NA,NA,NA,NA,NA,NA,NA,NA
2021,,244102125,SGT,,04/25/21,,2021,NB24,N,,,,,,Nestling,.,.,.,.,TM,y,.,.,.,18.7,01103FE290,,,,,,,,,,,NA,NA,NA,NA,NA,NA,NA,NA,NA,NA,NA,NA,NA
2021,,244102115,SSB,,04/25/21,,2021,NB66,N,,,,,,Nestling,.,.,.,.,TM,Y,.,.,.,20.3,01103FE698,,,,,,,,,,,NA,NA,NA,NA,NA,NA,NA,NA,NA,NA,NA,NA,NA
2021,,244102116,SSS,,04/25/21,,2021,NB66,N,,,,,,Nestling,.,.,.,.,TM,Y,.,.,.,18.5,01103FDE80,,,,,,,,,,,NA,NA,NA,NA,NA,NA,NA,NA,NA,NA,NA,NA,NA
2021,,244102117,SSN,,04/25/21,,2021,NB66,N,,,,,,Nestling,.,.,.,.,TM,Y,.,.,.,16.2,01103FDC49,,,,,,,,,,,NA,NA,NA,NA,NA,NA,NA,NA,NA,NA,NA,NA,NA
2021,,244102118,SSW,,04/25/21,,2021,NB66,N,,,,,,Nestling,.,.,.,.,TM,Y,.,.,.,18.2,01103FE59A,,,,,,,,,,,NA,NA,NA,NA,NA,NA,NA,NA,NA,NA,NA,NA,NA
2021,,244102120,SSG,,04/25/21,,2021,NB66,N,,,,,,Nestling,.,.,.,.,TM,Y,.,.,.,18.4,01103FE275,,,,,,,,,,,NA,NA,NA,NA,NA,NA,NA,NA,NA,NA,NA,NA,NA
2021,,244102111,STS,,04/25/21,,2021,NB65,N,,,,,,Nestling,.,.,.,.,TM,Y,.,.,.,17.1,01103FE1D7,,,,,,wrote 26th on blood ,,,,,NA,NA,NA,NA,NA,NA,NA,NA,NA,NA,NA,NA,NA
2021,,244102112,STN,,04/25/21,,2021,NB65,N,,,,,,Nestling,.,.,.,.,TM,Y,.,.,.,17.0,01103FE6B8,,,,,,wrote 26th on blood ,,,,,NA,NA,NA,NA,NA,NA,NA,NA,NA,NA,NA,NA,NA
2021,,244102113,STW,,04/25/21,,2021,NB65,N,,,,,,Nestling,.,.,.,.,TM,Y,.,.,.,18.4,01103FDDFF,,,,,,wrote 26th on blood ,,,,,NA,NA,NA,NA,NA,NA,NA,NA,NA,NA,NA,NA,NA
2021,,244102114,STG,,04/25/21,,2021,NB65,N,,,,,,Nestling,.,.,.,.,TM,Y,.,.,.,18.5,01103FE6A0,,,,,,wrote 26th on blood ,,,,,NA,NA,NA,NA,NA,NA,NA,NA,NA,NA,NA,NA,NA
2021,,244102106,RBB,,04/25/21,,2021,NB63,N,,,,,,Nestling,.,.,.,.,TM,Y,.,.,.,18.4,01103FC73B,,,,,,wrote 26th on blood ,,,,,NA,NA,NA,NA,NA,NA,NA,NA,NA,NA,NA,NA,NA
2021,,244102107,RBS,,04/25/21,,2021,NB63,N,,,,,,Nestling,.,.,.,.,TM,Y,.,.,.,17.9,01103FAAA0,,,,,,wrote 26th on blood ,,,,,NA,NA,NA,NA,NA,NA,NA,NA,NA,NA,NA,NA,NA
2021,,244102109,RBN,,04/25/21,,2021,NB63,N,,,,,,Nestling,.,.,.,.,TM,Y,.,.,.,18.1,01103F8EA2,,,,,,wrote 26th on blood ,,,,,NA,NA,NA,NA,NA,NA,NA,NA,NA,NA,NA,NA,NA
2021,,244102199,RBW,,04/25/21,,2021,NB63,N,,,,,,Nestling,.,.,.,.,TM,Y,.,.,.,17.8,01103F589C,,,,,,wrote 26th on blood ,,,,,NA,NA,NA,NA,NA,NA,NA,NA,NA,NA,NA,NA,NA
2021,,244102108,RBG,,04/25/21,,2021,NB63,N,,,,,,Nestling,.,.,.,.,TM,Y,.,.,.,17.6,01103F53F4,,,,,,wrote 26th on blood ,,,,,NA,NA,NA,NA,NA,NA,NA,NA,NA,NA,NA,NA,NA
2021,,244102110,RBO,,04/25/21,,2021,NB63,N,,,,,,Nestling,.,.,.,.,TM,Y,.,.,.,17.0,01103FCF07,,,,,,wrote 26th on blood ,,,,,NA,NA,NA,NA,NA,NA,NA,NA,NA,NA,NA,NA,NA
2021,,244102134,YWG,,04/28/21,,2021,NB70,N,,,,,,Nestling,.,.,.,.,TM,Y,.,.,.,18.4,01103F3F3B,,,,,,,,,,,NA,NA,NA,NA,NA,NA,NA,NA,NA,NA,NA,NA,NA
2021,,244102135,YWT,,04/28/21,,2021,NB70,N,,,,,,Nestling,.,.,.,.,TM,Y,.,.,.,18.3,01103F487F,,,,,,,,,,,NA,NA,NA,NA,NA,NA,NA,NA,NA,NA,NA,NA,NA
2021,,244102136,YWL,,04/28/21,,2021,NB70,N,,,,,,Nestling,.,.,.,.,TM,Y,.,.,.,19.3,01103F71F1,,,,,,,,,,,NA,NA,NA,NA,NA,NA,NA,NA,NA,NA,NA,NA,NA
2021,,244102137,YWY,,04/28/21,,2021,NB70,N,,,,,,Nestling,.,.,.,.,TM,Y,.,.,.,19.6,01103F6E37,,,,,,,,,,,NA,NA,NA,NA,NA,NA,NA,NA,NA,NA,NA,NA,NA
2021,,244102138,YWO,,04/28/21,,2021,NB70,N,,,,,,Nestling,.,.,.,.,TM,Y,.,.,.,20.1,01103F5DA9,,,,,,,,,,,NA,NA,NA,NA,NA,NA,NA,NA,NA,NA,NA,NA,NA
2021,,244102139,YWR,,04/28/21,,2021,NB70,N,,,,,,Nestling,.,.,.,.,TM,Y,.,.,.,19.3,01103F4037,,,,,,,,,,,NA,NA,NA,NA,NA,NA,NA,NA,NA,NA,NA,NA,NA
2021,,244102126,YBB,,04/28/21,,2021,NB28,N,,,,,,Nestling,.,.,.,.,TM,Y,.,.,.,18.8,01103F7768,,,,,,,,,,,NA,NA,NA,NA,NA,NA,NA,NA,NA,NA,NA,NA,NA
2021,,244102127,YBS,,04/28/21,,2021,NB28,N,,,,,,Nestling,.,.,.,.,TM,Y,.,.,.,18.3,01103F5C55,,,,,,,,,,,NA,NA,NA,NA,NA,NA,NA,NA,NA,NA,NA,NA,NA
2021,,244102128,YBN,,04/28/21,,2021,NB28,N,,,,,,Nestling,.,.,.,.,TM,Y,.,.,.,18.0,01103F7ADE,,,,,,,,,,,NA,NA,NA,NA,NA,NA,NA,NA,NA,NA,NA,NA,NA
2021,,244102129,YBW,,04/28/21,,2021,NB28,N,,,,,,Nestling,.,.,.,.,TM,Y,.,.,.,18.9,01103F4F8C,,,,,,,,,,,NA,NA,NA,NA,NA,NA,NA,NA,NA,NA,NA,NA,NA
2021,,244102130,YSB,,04/28/21,,2021,NB30,N,,,,,,Nestling,.,.,.,.,TM,Y,.,.,.,18.0,01103F8ABA,,,,,,,,,,,NA,NA,NA,NA,NA,NA,NA,NA,NA,NA,NA,NA,NA
2021,,244102131,YSS,,04/28/21,,2021,NB30,N,,,,,,Nestling,.,.,.,.,TM,Y,.,.,.,19.0,01103F53CD,,,,,,,,,,,NA,NA,NA,NA,NA,NA,NA,NA,NA,NA,NA,NA,NA
2021,,244102132,YSW ,,04/28/21,,2021,NB30,N,,,,,,Nestling,.,.,.,.,TM,Y,.,.,.,19.3,01103F51B2,,,,,,,,,,,NA,NA,NA,NA,NA,NA,NA,NA,NA,NA,NA,NA,NA
2021,,244102133,YST,,04/28/21,,2021,NB30,N,,,,,,Nestling,.,.,.,.,TM,Y,.,.,.,17.3,01103F4355,,,,,,,,,,,NA,NA,NA,NA,NA,NA,NA,NA,NA,NA,NA,NA,NA
2021,,244102145,YGB,,04/29/21,,2021,NB7,N,,,,,,Nestling,.,.,.,.,"MAS, JL, MD",Y,.,.,.,18.0,01103F431F,,,,,,,,,,,NA,NA,NA,NA,NA,NA,NA,NA,NA,NA,NA,NA,NA
2021,,244102146,YGS,,04/29/21,,2021,NB7,N,,,,,,Nestling,.,.,.,.,"MAS, JL, MD",Y,.,.,.,19.3,011016FE7D,,,,,,Bleeder,,,,,NA,NA,NA,NA,NA,NA,NA,NA,NA,NA,NA,NA,NA
2021,,244102147,YGW,,04/29/21,,2021,NB7,N,,,,,,Nestling,.,.,.,.,"MAS, JL, MD",Y,.,.,.,18.5,01103F7A0D,,,,,,,,,,,NA,NA,NA,NA,NA,NA,NA,NA,NA,NA,NA,NA,NA
2021,,244102148,YGG,,04/29/21,,2021,NB7,N,,,,,,Nestling,.,.,.,.,"MAS, JL, MD",Y,.,.,.,18.2,01103F8834,,,,,,,,,,,NA,NA,NA,NA,NA,NA,NA,NA,NA,NA,NA,NA,NA
2021,,244102149,YGL,,04/29/21,,2021,NB7,N,,,,,,Nestling,.,.,.,.,"MAS, JL, MD",Y,.,.,.,19.8,01103F53FE,,,,,,Really didn't want to bleed,,,,,NA,NA,NA,NA,NA,NA,NA,NA,NA,NA,NA,NA,NA
2021,,244102150,YGT,,04/29/21,,2021,NB7,N,,,,,,Nestling,.,.,.,.,"MAS, JL, MD",Y,.,.,.,17.7,01103F8829,,,,,,,,,,,NA,NA,NA,NA,NA,NA,NA,NA,NA,NA,NA,NA,NA
2021,,244102151,YRB,,04/29/21,,2021,NB45,N,,,,,,Nestling,.,.,.,.,"MAS, JL, MD",Y,.,.,.,18.5,01103F3D61,,,,,,"Screaming, Parents mad",,,,,NA,NA,NA,NA,NA,NA,NA,NA,NA,NA,NA,NA,NA
2021,,244102152,YRS,,04/29/21,,2021,NB45,N,,,,,,Nestling,.,.,.,.,"MAS, JL, MD",Y,.,.,.,18.4,01103F5DAA,,,,,,Both parents heard but not seen,,,,,NA,NA,NA,NA,NA,NA,NA,NA,NA,NA,NA,NA,NA
2021,,244102153,YRW,,04/29/21,,2021,NB45,N,,,,,,Nestling,.,.,.,.,"MAS, JL, MD",Y,.,.,.,19.3,01103F83D1,,,,,,"didnt bleed much, Mites?",,,,,NA,NA,NA,NA,NA,NA,NA,NA,NA,NA,NA,NA,NA
2021,,244102140,YYB,,04/29/21,,2021,NB2,N,,,,,,Nestling,.,.,.,.,TM,Y,.,.,.,15.7,0110171286,,,,,,,,,,,NA,NA,NA,NA,NA,NA,NA,NA,NA,NA,NA,NA,NA
2021,,244102141,YYS,,04/29/21,,2021,NB2,N,,,,,,Nestling,.,.,.,.,TM,Y,.,.,.,18.2,01101704F0,,,,,,,,,,,NA,NA,NA,NA,NA,NA,NA,NA,NA,NA,NA,NA,NA
2021,,244102142,YYW,,04/29/21,,2021,NB2,N,,,,,,Nestling,.,.,.,.,TM,Y,.,.,.,17.5,01101749EB,,,,,,,,,,,NA,NA,NA,NA,NA,NA,NA,NA,NA,NA,NA,NA,NA
2021,,244102143,YYT,,04/29/21,,2021,NB2,N,,,,,,Nestling,.,.,.,.,TM,Y,.,.,.,15.1,01101746B4,,,,,,,,,,,NA,NA,NA,NA,NA,NA,NA,NA,NA,NA,NA,NA,NA
2021,,244102144,YYL,,04/29/21,,2021,NB2,N,,,,,,Nestling,.,.,.,.,TM,Y,.,.,.,17.3,0110173E44,,,,,,,,,,,NA,NA,NA,NA,NA,NA,NA,NA,NA,NA,NA,NA,NA
2021,,244102162,YSG,,05/02/21,,2021,NB55,N,,,,,,Nestling,.,.,.,.,.,Y,.,.,.,18.4,0110174D7B,,,,,,,,,,,NA,NA,NA,NA,NA,NA,NA,NA,NA,NA,NA,NA,NA
2021,,244102167,YNB,,05/02/21,,2021,NB72,N,,,,,,Nestling,.,.,.,.,.,Y,.,.,.,16.7,011016FF2E,,,,,,,,,,,NA,NA,NA,NA,NA,NA,NA,NA,NA,NA,NA,NA,NA
2021,,244102169,YNS,,05/02/21,,2021,NB72,N,,,,,,Nestling,.,.,.,.,.,Y,.,.,.,17.9,011016FD65,,,,,,,,,,,NA,NA,NA,NA,NA,NA,NA,NA,NA,NA,NA,NA,NA
2021,,244102168,YNN,,05/02/21,,2021,NB72,N,,,,,,Nestling,.,.,.,.,.,Y,.,.,.,17.0,011016FBE5,,,,,,,,,,,NA,NA,NA,NA,NA,NA,NA,NA,NA,NA,NA,NA,NA
2021,,244102164,YNW,,05/02/21,,2021,NB72,N,,,,,,Nestling,.,.,.,.,.,Y,.,.,.,17.4,01103F6CA4,,,,,,,,,,,NA,NA,NA,NA,NA,NA,NA,NA,NA,NA,NA,NA,NA
2021,,244102163,YNG,,05/02/21,,2021,NB72,N,,,,,,Nestling,.,.,.,.,.,Y,.,.,.,18.1,011016FAE6,,,,,,,,,,,NA,NA,NA,NA,NA,NA,NA,NA,NA,NA,NA,NA,NA
2021,,244102165,YNT,,05/02/21,,2021,NB72,N,,,,,,Nestling,.,.,.,.,.,Y,.,.,.,17.5,0110174D44,,,,,,,,,,,NA,NA,NA,NA,NA,NA,NA,NA,NA,NA,NA,NA,NA
2021,,244102166,YNL,,05/02/21,,2021,NB72,N,,,,,,Nestling,.,.,.,.,.,Y,.,.,.,17.2,011016FDE3,,,,,,,,,,,NA,NA,NA,NA,NA,NA,NA,NA,NA,NA,NA,NA,NA
2021,,244102154,SGG,,05/02/21,,2021,NB4,N,,,,,,AHY,2,3,.,.,.,Y,.,.,.,.,01103FE701,,,,,,,,,,,NA,NA,NA,NA,NA,NA,NA,NA,NA,NA,NA,NA,NA
2021,,244102155,STW,,05/02/21,,2021,NB96,N,,,,,,AHY,2,3,.,.,.,Y,.,.,.,.,01103FE300,,,,,,,,,,,NA,NA,NA,NA,NA,NA,NA,NA,NA,NA,NA,NA,NA
2021,,244160921,YWW,,05/02/21,,2021,NB7,R,,,,,,ASY,.,.,.,.,.,.,.,.,.,.,.,,,,,,,,,,,NA,NA,NA,NA,NA,NA,NA,NA,NA,NA,NA,NA,NA
2021,,244160944,SSS,,05/02/21,,2021,NB16,R,,,,,,.,.,.,.,.,.,.,.,.,.,.,.,,,,,,,,,,,NA,NA,NA,NA,NA,NA,NA,NA,NA,NA,NA,NA,NA
2021,,244102156,YWS,,05/02/21,,2021,NB13,N,,,,,,Nestling,.,.,.,.,.,Y,.,.,.,16.9,01103F5733,,,,,,,,,,,NA,NA,NA,NA,NA,NA,NA,NA,NA,NA,NA,NA,NA
2021,,244102157,YWN,,05/02/21,,2021,NB13,N,,,,,,Nestling,.,.,.,.,.,Y,.,.,.,17.5,01103F899F,,,,,,,,,,,NA,NA,NA,NA,NA,NA,NA,NA,NA,NA,NA,NA,NA
2021,,244102158,YSL,,05/02/21,,2021,NB55,N,,,,,,Nestling,.,.,.,.,.,Y,.,.,.,16.3,01103F6CBA,,,,,,,,,,,NA,NA,NA,NA,NA,NA,NA,NA,NA,NA,NA,NA,NA
2021,,244102159,YSY,,05/02/21,,2021,NB55,N,,,,,,Nestling,.,.,.,.,.,Y,.,.,.,16.9,01103F525F,,,,,,,,,,,NA,NA,NA,NA,NA,NA,NA,NA,NA,NA,NA,NA,NA
2021,,244102160,YSO,,05/02/21,,2021,NB55,N,,,,,,Nestling,.,.,.,.,.,Y,.,.,.,16.8,01103F43E1,,,,,,,,,,,NA,NA,NA,NA,NA,NA,NA,NA,NA,NA,NA,NA,NA
2021,,244102161,YSR,,05/02/21,,2021,NB55,N,,,,,,Nestling,.,.,.,.,.,Y,.,.,.,17.4,01103F8019,,,,,,,,,,,NA,NA,NA,NA,NA,NA,NA,NA,NA,NA,NA,NA,NA
2021,,244102176,YTB,,05/05/21,,2021,NB85,N,,,,,,Nestling,.,.,.,.,.,Y,.,.,.,18.4,0110171A4A,,,,,,,,,,,NA,NA,NA,NA,NA,NA,NA,NA,NA,NA,NA,NA,NA
2021,,244102177,YTS,,05/05/21,,2021,NB85,N,,,,,,Nestling,.,.,.,.,.,Y,.,.,.,19.0,0110170A89,,,,,,,,,,,NA,NA,NA,NA,NA,NA,NA,NA,NA,NA,NA,NA,NA
2021,,244102178,YTN,,05/05/21,,2021,NB85,N,,,,,,Nestling,.,.,.,.,.,Y,.,.,.,20.5,011016FE5C,,,,,,,,,,,NA,NA,NA,NA,NA,NA,NA,NA,NA,NA,NA,NA,NA
2021,,244102179,YTW,,05/05/21,,2021,NB85,N,,,,,,Nestling,.,.,.,.,.,Y,.,.,.,18.9,01101747CA,,,,,,,,,,,NA,NA,NA,NA,NA,NA,NA,NA,NA,NA,NA,NA,NA
2021,,244102180,YTG,,05/05/21,,2021,NB85,N,,,,,,Nestling,.,.,.,.,.,Y,.,.,.,17.7,.,,,,,,"no RFID, too small, yellow band put on instead",,,,,NA,NA,NA,NA,NA,NA,NA,NA,NA,NA,NA,NA,NA
2021,,244102170,YBG,,05/05/21,,2021,NB91,N,,,,,,Nestling,.,.,.,.,AS,Y,.,.,.,18.1,011017395C,,,,,,,,,,,NA,NA,NA,NA,NA,NA,NA,NA,NA,NA,NA,NA,NA
2021,,244102171,YBT,,05/05/21,,2021,NB91,N,,,,,,Nestling,.,.,.,.,AS,Y,.,.,.,20.0,01103F6239,,,,,,,,,,,NA,NA,NA,NA,NA,NA,NA,NA,NA,NA,NA,NA,NA
2021,,244102172,YBY,,05/05/21,,2021,NB91,N,,,,,,Nestling,.,.,.,.,AS,Y,.,.,.,19.6,01103F545C,,,,,,,,,,,NA,NA,NA,NA,NA,NA,NA,NA,NA,NA,NA,NA,NA
2021,,244102173,YBL,,05/05/21,,2021,NB91,N,,,,,,Nestling,.,.,.,.,AS,Y,.,.,.,18.3,0110174D99,,,,,,,,,,,NA,NA,NA,NA,NA,NA,NA,NA,NA,NA,NA,NA,NA
2021,,244102174,YBO,,05/05/21,,2021,NB91,N,,,,,,Nestling,.,.,.,.,AS,Y,.,.,.,18.6,011017048B,,,,,,,,,,,NA,NA,NA,NA,NA,NA,NA,NA,NA,NA,NA,NA,NA
2021,,244102175,YBR,,05/05/21,,2021,NB91,N,,,,,,Nestling,.,.,.,.,AS,Y,.,.,.,18.5,0110174F4B,,,,,,,,,,,NA,NA,NA,NA,NA,NA,NA,NA,NA,NA,NA,NA,NA
2021,,244102181,YOB,,05/05/21,,2021,NB16,N,,,,,,Nestling,.,.,.,.,AS,Y,.,.,.,18.0,01103F43DA,,,,,,,,,,,NA,NA,NA,NA,NA,NA,NA,NA,NA,NA,NA,NA,NA
2021,,244102182,YOS,,05/05/21,,2021,NB16,N,,,,,,Nestling,.,.,.,.,AS,Y,.,.,.,18.2,01103F616C,,,,,,,,,,,NA,NA,NA,NA,NA,NA,NA,NA,NA,NA,NA,NA,NA
2021,,244102183,YON,,05/05/21,,2021,NB16,N,,,,,,Nestling,.,.,.,.,AS,Y,.,.,.,19.8,01103F76BE,,,,,,,,,,,NA,NA,NA,NA,NA,NA,NA,NA,NA,NA,NA,NA,NA
2021,,244102184,YOW,,05/05/21,,2021,NB16,N,,,,,,Nestling,.,.,.,.,AS,Y,.,.,.,19.5,01103F6AC1,,,,,,,,,,,NA,NA,NA,NA,NA,NA,NA,NA,NA,NA,NA,NA,NA
2021,,244102185,YOG,,05/05/21,,2021,NB16,N,,,,,,Nestling,.,.,.,.,AS,Y,.,.,.,18.8,01103F77F4,,,,,,,,,,,NA,NA,NA,NA,NA,NA,NA,NA,NA,NA,NA,NA,NA
2021,,244102186,YOT,,05/05/21,,2021,NB16,N,,,,,,Nestling,.,.,.,.,AS,Y,.,.,.,19.6,01103F5719,,,,,,,,,,,NA,NA,NA,NA,NA,NA,NA,NA,NA,NA,NA,NA,NA
2021,,244102192,YYS,,05/06/21,,2021,NB74,N,,,,,,Nestling,.,.,.,.,TM,Y,.,.,.,15.7,01103F53DF,,,,,,,,,,,NA,NA,NA,NA,NA,NA,NA,NA,NA,NA,NA,NA,NA
2021,,244102193,YYN,,05/06/21,,2021,NB74,N,,,,,,Nestling,.,.,.,.,TM,Y,.,.,.,17.3,01103F5EA3,,,,,,,,,,,NA,NA,NA,NA,NA,NA,NA,NA,NA,NA,NA,NA,NA
2021,,244102194,YYW,,05/06/21,,2021,NB74,N,,,,,,Nestling,.,.,.,.,TM,Y,.,.,.,17.6,01103F43C8,,,,,,,,,,,NA,NA,NA,NA,NA,NA,NA,NA,NA,NA,NA,NA,NA
2021,,244102195,YYG,,05/06/21,,2021,NB74,N,,,,,,Nestling,.,.,.,.,TM,Y,.,.,.,15.9,01103F8A52,,,,,,,,,,,NA,NA,NA,NA,NA,NA,NA,NA,NA,NA,NA,NA,NA
2021,,244102196,YYY,,05/06/21,,2021,NB74,N,,,,,,Nestling,.,.,.,.,TM,Y,.,.,.,18.1,01103F434B,,,,,,,,,,,NA,NA,NA,NA,NA,NA,NA,NA,NA,NA,NA,NA,NA
2021,,244102197,YYO,,05/06/21,,2021,NB74,N,,,,,,Nestling,.,.,.,.,TM,Y,.,.,.,16.6,01103F3DDA,,,,,,,,,,,NA,NA,NA,NA,NA,NA,NA,NA,NA,NA,NA,NA,NA
2021,,244102198,YYR,,05/06/21,,2021,NB74,N,,,,,,Nestling,.,.,.,.,TM,Y,.,.,.,16.3,01103F7762,,,,,,,,,,,NA,NA,NA,NA,NA,NA,NA,NA,NA,NA,NA,NA,NA
2021,,244102187,YLB,,05/06/21,,2021,NB49,N,,,,,,Nestling,.,.,.,.,MS,Y,.,.,.,19.0,0110174F8C,,,,,,,,,,,NA,NA,NA,NA,NA,NA,NA,NA,NA,NA,NA,NA,NA
2021,,244102188,YLS,,05/06/21,,2021,NB49,N,,,,,,Nestling,.,.,.,.,MS,Y,.,.,.,17.5,01103F3D28,,,,,,,,,,,NA,NA,NA,NA,NA,NA,NA,NA,NA,NA,NA,NA,NA
2021,,244102189,YLN,,05/06/21,,2021,NB49,N,,,,,,Nestling,.,.,.,.,MS,Y,.,.,.,20.2,01103F4F92,,,,,,,,,,,NA,NA,NA,NA,NA,NA,NA,NA,NA,NA,NA,NA,NA
2021,,244102190,YLW,,05/06/21,,2021,NB49,N,,,,,,Nestling,.,.,.,.,MS,Y,.,.,.,20.7,01103F4736,,,,,,,,,,,NA,NA,NA,NA,NA,NA,NA,NA,NA,NA,NA,NA,NA
2021,,244102191,YLG,,05/06/21,,2021,NB49,N,,,,,,Nestling,.,.,.,.,MS,Y,.,.,.,18.7,01103F6D78,,,,,,,,,,,NA,NA,NA,NA,NA,NA,NA,NA,NA,NA,NA,NA,NA
2021,,271156701,YNL,,05/06/21,,2021,NB86,N,,,,,,Nestling,.,.,.,.,ND,Y,.,.,.,18.9,01103F6958,,,,,,bled a lot,,,,,NA,NA,NA,NA,NA,NA,NA,NA,NA,NA,NA,NA,NA
2021,,271156702,YNY,,05/06/21,,2021,NB86,N,,,,,,Nestling,.,.,.,.,ND,Y,.,.,.,17.0,01103F7129,,,,,,,,,,,NA,NA,NA,NA,NA,NA,NA,NA,NA,NA,NA,NA,NA
2021,,271156703,YNO,,05/06/21,,2021,NB86,N,,,,,,Nestling,.,.,.,.,ND,Y,.,.,.,18.9,01103F5C76,,,,,,,,,,,NA,NA,NA,NA,NA,NA,NA,NA,NA,NA,NA,NA,NA
2021,,271156704,YNR,,05/06/21,,2021,NB86,N,,,,,,Nestling,.,.,.,.,ND,Y,.,.,.,17.2,01103F4620,,,,,,tough to bleed,,,,,NA,NA,NA,NA,NA,NA,NA,NA,NA,NA,NA,NA,NA
2021,,271156705,YNT,,05/06/21,,2021,NB86,N,,,,,,Nestling,.,.,.,.,ND,Y,.,.,.,18.5,01103F5300,,,,,,,,,,,NA,NA,NA,NA,NA,NA,NA,NA,NA,NA,NA,NA,NA
2021,,271156706,YNN,,05/06/21,,2021,NB86,N,,,,,,Nestling,.,.,.,.,ND,Y,.,.,.,18.2,01103F3C2A,,,,,,,,,,,NA,NA,NA,NA,NA,NA,NA,NA,NA,NA,NA,NA,NA
2021,,271156718,YLW,,05/08/21,,2021,NB40,N,,,,,,Nestling,.,.,.,.,TM,Y,.,.,.,17.2,01103F4D99,,,,,,,,,,,NA,NA,NA,NA,NA,NA,NA,NA,NA,NA,NA,NA,NA
2021,,271156707,YRG,,05/08/21,,2021,NB4,N,,,,,,Nestling,.,.,.,.,"JL, TC",Y,.,.,.,17.2,01103F4691,,,,,,,,,,,NA,NA,NA,NA,NA,NA,NA,NA,NA,NA,NA,NA,NA
2021,,271156708,YRT,,05/08/21,,2021,NB4,N,,,,,,Nestling,.,.,.,.,"JL, TC",Y,.,.,.,19.8,01103F87A0,,,,,,,,,,,NA,NA,NA,NA,NA,NA,NA,NA,NA,NA,NA,NA,NA
2021,,271156709,YRL,,05/08/21,,2021,NB4,N,,,,,,Nestling,.,.,.,.,"JL, TC",Y,.,.,.,17.7,01103F446D,,,,,,,,,,,NA,NA,NA,NA,NA,NA,NA,NA,NA,NA,NA,NA,NA
2021,,271156710,YRY,,05/08/21,,2021,NB4,N,,,,,,Nestling,.,.,.,.,"JL, TC",Y,.,.,.,19.2,01103F76C7,,,,,,,,,,,NA,NA,NA,NA,NA,NA,NA,NA,NA,NA,NA,NA,NA
2021,,271156711,YRO,,05/08/21,,2021,NB4,N,,,,,,Nestling,.,.,.,.,"JL, TC",Y,.,.,.,18.7,01103F4127,,,,,,,,,,,NA,NA,NA,NA,NA,NA,NA,NA,NA,NA,NA,NA,NA
2021,,271156712,YRR,,05/08/21,,2021,NB4,N,,,,,,Nestling,.,.,.,.,"JL, TC",Y,.,.,.,18.6,01103F49BC,,,,,,,,,,,NA,NA,NA,NA,NA,NA,NA,NA,NA,NA,NA,NA,NA
2021,,271156713,YTT,,05/08/21,,2021,NB95,N,,,,,,Nestling,.,.,.,.,"JL, TC",Y,.,.,.,18.8,01103F51BA,,,,,,,,,,,NA,NA,NA,NA,NA,NA,NA,NA,NA,NA,NA,NA,NA
2021,,271156714,YTL,,05/08/21,,2021,NB95,N,,,,,,Nestling,.,.,.,.,"JL, TC",Y,.,.,.,20.9,01103F5CF4,,,,,,,,,,,NA,NA,NA,NA,NA,NA,NA,NA,NA,NA,NA,NA,NA
2021,,271156715,YTY,,05/08/21,,2021,NB95,N,,,,,,Nestling,.,.,.,.,"JL, TC",Y,.,.,.,18.6,01103F5675,,,,,,,,,,,NA,NA,NA,NA,NA,NA,NA,NA,NA,NA,NA,NA,NA
2021,,271156716,YTO,,05/08/21,,2021,NB95,N,,,,,,Nestling,.,.,.,.,"JL, TC",Y,.,.,.,17.5,01103F7B8F,,,,,,,,,,,NA,NA,NA,NA,NA,NA,NA,NA,NA,NA,NA,NA,NA
2021,,271156717,YTR,,05/08/21,,2021,NB95,N,,,,,,Nestling,.,.,.,.,"JL, TC",Y,.,.,.,17.5,01103F76D8,,,,,,,,,,,NA,NA,NA,NA,NA,NA,NA,NA,NA,NA,NA,NA,NA
2021,,244102200,SRR,,05/09/21,,2021,NB40,N,,,,,,AHY,2,3,.,.,TM,Y,.,.,.,18.0,01103FDE10,,,,,,,,,,,NA,NA,NA,NA,NA,NA,NA,NA,NA,NA,NA,NA,NA
2021,,271156724,YNL,,05/09/21,,2021,NB22,N,,,,,,Nestling,.,.,.,.,TM,Y,.,.,.,17.5,0110174BFB,,,,,,,,,,,NA,NA,NA,NA,NA,NA,NA,NA,NA,NA,NA,NA,NA
2021,,271156725,YNR,,05/09/21,,2021,NB22,N,,,,,,Nestling,.,.,.,.,TM,Y,.,.,.,16.7,0110170A93,,,,,,,,,,,NA,NA,NA,NA,NA,NA,NA,NA,NA,NA,NA,NA,NA
2021,,271156726,YNO,,05/09/21,,2021,NB22,N,,,,,,Nestling,.,.,.,.,TM,Y,.,.,.,18.1,0110174C4E,,,,,,,,,,,NA,NA,NA,NA,NA,NA,NA,NA,NA,NA,NA,NA,NA
2021,,271156727,YNR,,05/09/21,,2021,NB22,N,,,,,,Nestling,.,.,.,.,TM,Y,.,.,.,17.8,01101749E7,,,,,,,,,,,NA,NA,NA,NA,NA,NA,NA,NA,NA,NA,NA,NA,NA
2021,,271156728,YNB,,05/09/21,,2021,NB22,N,,,,,,Nestling,.,.,.,.,TM,Y,.,.,.,16.4,0110170C74,,,,,,,,,,,NA,NA,NA,NA,NA,NA,NA,NA,NA,NA,NA,NA,NA
2021,,271156729,YGL,,05/09/21,,2021,NB82,N,,,,,,Nestling,.,.,.,.,TM,Y,.,.,.,17.9,01103F4D7D,,,,,,,,,,,NA,NA,NA,NA,NA,NA,NA,NA,NA,NA,NA,NA,NA
2021,,271156730,YGY,,05/09/21,,2021,NB82,N,,,,,,Nestling,.,.,.,.,TM,Y,.,.,.,21.4,01103F4476,,,,,,,,,,,NA,NA,NA,NA,NA,NA,NA,NA,NA,NA,NA,NA,NA
2021,,271156731,YGO,,05/09/21,,2021,NB82,N,,,,,,Nestling,.,.,.,.,TM,Y,.,.,.,19.5,01103F7D93,,,,,,,,,,,NA,NA,NA,NA,NA,NA,NA,NA,NA,NA,NA,NA,NA
2021,,271156732,YGT,,05/09/21,,2021,NB82,N,,,,,,Nestling,.,.,.,.,TM,Y,.,.,.,19.3,01103F58BD,,,,,,,,,,,NA,NA,NA,NA,NA,NA,NA,NA,NA,NA,NA,NA,NA
2021,,271156733,YGR,,05/09/21,,2021,NB82,N,,,,,,Nestling,.,.,.,.,TM,Y,.,.,.,19.0,011016FAAE,,,,,,,,,,,NA,NA,NA,NA,NA,NA,NA,NA,NA,NA,NA,NA,NA
2021,,271156734,YGG,,05/09/21,,2021,NB82,N,,,,,,Nestling,.,.,.,.,TM,Y,.,.,.,18.3,01103F531C,,,,,,,,,,,NA,NA,NA,NA,NA,NA,NA,NA,NA,NA,NA,NA,NA
2021,,271156719,YLT,,05/10/21,,2021,NB40,N,,,,,,Nestling,.,.,.,.,CP,Y,.,.,.,18.4,01103F53C6,,,,,,,,,,,NA,NA,NA,NA,NA,NA,NA,NA,NA,NA,NA,NA,NA
2021,,271156722,YLO,,05/10/21,,2021,NB40,N,,,,,,Nestling,.,.,.,.,CP,Y,.,.,.,17.5,01103F3F00,,,,,,,,,,,NA,NA,NA,NA,NA,NA,NA,NA,NA,NA,NA,NA,NA
2021,,271156721,YLY,,05/10/21,,2021,NB40,N,,,,,,Nestling,.,.,.,.,CP,Y,.,.,.,16.8,01103F617B,,,,,,Struggled a lot,,,,,NA,NA,NA,NA,NA,NA,NA,NA,NA,NA,NA,NA,NA
2021,,271156723,YLR,,05/10/21,,2021,NB40,N,,,,,,Nestling,.,.,.,.,CP,Y,.,.,.,19.0,01103F51AD,,,,,,,,,,,NA,NA,NA,NA,NA,NA,NA,NA,NA,NA,NA,NA,NA
2021,,271156720,YLL,,05/12/21,,2021,NB40,N,,,,,,Nestling,.,.,.,.,CP,Y,.,.,.,18.6,01103F6453,,,,,,,,,,,NA,NA,NA,NA,NA,NA,NA,NA,NA,NA,NA,NA,NA
2021,,271156736,SBB,,05/12/21,,2021,NB31,N,,,,,,Nestling,.,.,.,.,CP,Y,.,.,.,16.9,01103FD8B6,,,,,,,,,,,NA,NA,NA,NA,NA,NA,NA,NA,NA,NA,NA,NA,NA
2021,,271156735,SBS,,05/12/21,,2021,NB31,N,,,,,,Nestling,.,.,.,.,CP,Y,.,.,.,18.4,01103FE0F6,,,,,,Struggled a lot,,,,,NA,NA,NA,NA,NA,NA,NA,NA,NA,NA,NA,NA,NA
2021,,271156737,SBN,,05/12/21,,2021,NB31,N,,,,,,Nestling,.,.,.,.,CP,Y,.,.,.,19.2,01103FDD26,,,,,,,,,,,NA,NA,NA,NA,NA,NA,NA,NA,NA,NA,NA,NA,NA
2021,,271156738,SBW,,05/12/21,,2021,NB31,N,,,,,,Nestling,.,.,.,.,CP,Y,.,.,.,16.8,01103FD8F0,,,,,,,,,,,NA,NA,NA,NA,NA,NA,NA,NA,NA,NA,NA,NA,NA
2021,,271156739,SBG,,05/12/21,,2021,NB31,N,,,,,,Nestling,.,.,.,.,CP,Y,.,.,.,16.4,01103FE157,,,,,,"Bled a lot, kept under control",,,,,NA,NA,NA,NA,NA,NA,NA,NA,NA,NA,NA,NA,NA
2021,,271156740,SBL,,05/12/21,,2021,NB31,N,,,,,,Nestling,.,.,.,.,CP,Y,.,.,.,17.2,01103FDAC1,,,,,,,,,,,NA,NA,NA,NA,NA,NA,NA,NA,NA,NA,NA,NA,NA
2021,,271156741,SWW,,05/27/21,,2021,NB25,N,,,,,,AHY,2,1,19.9,77.0,TM,Y,.,.,.,19.1,01103FDC14,,,,,,Snap trap capture,,,,,NA,NA,NA,NA,NA,NA,NA,NA,NA,NA,NA,NA,NA
2021,,271156742,SGN,,05/27/21,,2021,NB56,N,,,,,,AHY,.,.,.,.,AS,Y,.,.,.,18.4,01103FDECA,,,,,,"Snap trap capture, stressed & bled a lot so skipped some measurements",,,,,NA,NA,NA,NA,NA,NA,NA,NA,NA,NA,NA,NA,NA
2021,,271156743,SGL,,05/27/21,,2021,NB97,N,,,,,,AHY,2,2,24.7,.,"MAS,MD",Y,.,.,.,20.4,01103FDA86,,,,,,snap trap capture,,,,,NA,NA,NA,NA,NA,NA,NA,NA,NA,NA,NA,NA,NA
2021,,271156744,SBR,,05/28/21,,2021,NB65,N,,,,,,SY,2,2,19.6,74.8,"TM,MAS",Y,.,.,.,18.3,01103FE43D,,,,,,"not a bleeder, hard to find vein",SBR (there is a possibility that this should be written as SRB),,,05/31/21 NB 65,NA,NA,NA,NA,NA,NA,NA,NA,NA,NA,NA,NA,NA
2021,,271156745,SBY,,05/28/21,,2021,MN by F24,N,,,,,,HY,1,1,19.9,73.0,"TM,AS",Y,.,.,.,18.0,01103FDAE6,,,,,,,,,,,NA,NA,NA,NA,NA,NA,NA,NA,NA,NA,NA,NA,NA
2021,,271156746,SBT,,05/28/21,,2021,MN by F24,N,,,,,,AHY,2,3,19.7,76.0,"TM,AS",Y,.,.,.,.,01103FD7D4,,,,,,likely male (singling loud),,,,,NA,NA,NA,NA,NA,NA,NA,NA,NA,NA,NA,NA,NA
2021,,271156747,SGO,,05/28/21,,2021,NB64,N,,,,,,AHY,2,3,20.o,77.6,"MAS,TM",Y,.,.,.,18.9,01103FD7AD,,,,,,,,,,,NA,NA,NA,NA,NA,NA,NA,NA,NA,NA,NA,NA,NA
2021,,271156748,SGR,,05/31/21,,2021,NB97,N,,,,,,HY,0.5,1,19.9,74.2,"TM, MS",Y,.,.,.,18.6,01103FE50F,,,,,,is this a cooperative breeder? ,,,,,NA,NA,NA,NA,NA,NA,NA,NA,NA,NA,NA,NA,NA
2021,,271156749,SRO,,05/31/21,,2021,NB64,N,,,,,,HY,0.5,1,19.2,72.8,"TC, TM",Y,.,.,.,19.0,01103FDF01,,,,,,is this a cooperative breeder? ,,,,,NA,NA,NA,NA,NA,NA,NA,NA,NA,NA,NA,NA,NA
2021,,.,SRB,,05/31/21,,2021,NB65,R,,,,,,.,.,.,.,.,.,.,.,.,.,.,.,,,,,,,SRB (there is a possibility that this should be written as SBR,,,,NA,NA,NA,NA,NA,NA,NA,NA,NA,NA,NA,NA,NA
2021,,.,SSG,,05/31/21,,2021,NB17,R,,,,,,.,.,.,.,.,.,.,.,.,.,.,.,,,,,,,,,,,NA,NA,NA,NA,NA,NA,NA,NA,NA,NA,NA,NA,NA
2021,,271156750,GGG,,06/02/21,,2021,NB25,N,,,,,,Nestling,.,.,.,.,"AS,TC",y,.,.,.,17.8,01103F58F0,,,,,,,,,,,NA,NA,NA,NA,NA,NA,NA,NA,NA,NA,NA,NA,NA
2021,,271156751,GGL,,06/02/21,,2021,NB25,N,,,,,,Nestling,.,.,.,.,"AS,TC",y,.,.,.,18.0,01103FCDB1,,,,,,,,,,,NA,NA,NA,NA,NA,NA,NA,NA,NA,NA,NA,NA,NA
2021,,271156752,GGR,,06/02/21,,2021,NB25,N,,,,,,Nestling,.,.,.,.,GB,y,.,.,.,16.3,01103F83D8,,,,,,,,,,,NA,NA,NA,NA,NA,NA,NA,NA,NA,NA,NA,NA,NA
2021,,271156753,GGB,,06/02/21,,2021,NB25,N,,,,,,Nestling,.,.,.,.,TC,y,.,.,.,18.3,01103F3B59,,,,,,,,,,,NA,NA,NA,NA,NA,NA,NA,NA,NA,NA,NA,NA,NA
2021,,271156754,GGO,,06/02/21,,2021,NB25,N,,,,,,Nestling,.,.,.,.,"AS,GB",y,.,.,.,17.8,01103F5CD7,,,,,,,,,,,NA,NA,NA,NA,NA,NA,NA,NA,NA,NA,NA,NA,NA
2021,,271156755,GGY,,06/02/21,,2021,NB25,N,,,,,,Nestling,.,.,.,.,TC,y,.,.,.,20.0,01103F4D1B,,,,,,,,,,,NA,NA,NA,NA,NA,NA,NA,NA,NA,NA,NA,NA,NA
2021,,271156756,SRL,,06/02/21,,2021,NB44,N,,,,,,AHY,2,3,.,71.0,"MS,AS",y,.,.,.,18.9,01103FDE04,,,,,,,,,,,NA,NA,NA,NA,NA,NA,NA,NA,NA,NA,NA,NA,NA
2021,,271156757,SRW,,06/02/21,,2021,NB22,N,,,,,,AHY,2,3,19.0,72.8,"AS,TM",y,.,.,.,18.7,01103FDE92,,,,,,,,,,,NA,NA,NA,NA,NA,NA,NA,NA,NA,NA,NA,NA,NA
2021,,271156758,SRT,,06/03/21,,2021,NB44,N,,,,,,AHY,1,1,19.2,74.1,MD,y,.,.,.,16.4,01103FDD73,,,,,,,,,,,NA,NA,NA,NA,NA,NA,NA,NA,NA,NA,NA,NA,NA
2021,,244160928,SRG,,06/03/21,,2021,NB94,R,,,,,,ASY,3,3,.,.,AS,.,.,.,.,.,.,,,,,,Saw 1 undbanded in nest + banded ss? in addition to this one,,,,,NA,NA,NA,NA,NA,NA,NA,NA,NA,NA,NA,NA,NA
2021,,271156759,GBB,,06/07/21,,2021,NB64,N,,,,,,Nestling,.,.,.,.,.,y,.,.,.,17.8,01103F4187,,,,,,Right foot nail coming off and bleeding,,,,,NA,NA,NA,NA,NA,NA,NA,NA,NA,NA,NA,NA,NA
2021,,271156760,GBL,,06/07/21,,2021,NB64,N,,,,,,Nestling,.,.,.,.,.,y,.,.,.,18.5,01103F8AEF,,,,,,,,,,,NA,NA,NA,NA,NA,NA,NA,NA,NA,NA,NA,NA,NA
2021,,271156761,GBR,,06/07/21,,2021,NB64,N,,,,,,Nestling,.,.,.,.,.,y,.,.,.,17.1,01103F8B6B,,,,,,,,,,,NA,NA,NA,NA,NA,NA,NA,NA,NA,NA,NA,NA,NA
2021,,271156762,GBY,,06/07/21,,2021,NB64,N,,,,,,Nestling,.,.,.,.,.,y,.,.,.,19.9,01103F47D0,,,,,,,,,,,NA,NA,NA,NA,NA,NA,NA,NA,NA,NA,NA,NA,NA
2021,,271156763,SGY,,06/07/21,,2021,NB94,N,,,,,,.,3,3,22.7,76.5,.,y/n?,.,.,.,20.2,01103FDD7D,,,,,,"Very little blood, should bleed if caught again",,,,,NA,NA,NA,NA,NA,NA,NA,NA,NA,NA,NA,NA,NA
2021,,271156764,GLB,,06/07/21,,2021,NB97,N,,,,,,Nestling,.,.,.,.,MS,y,.,.,.,18.3,01103FCB89,,,,,,,,,,,NA,NA,NA,NA,NA,NA,NA,NA,NA,NA,NA,NA,NA
2021,,271156765,GLL,,06/07/21,,2021,NB97,N,,,,,,Nestling,.,.,.,.,MS,y,.,.,.,17.9,01103FD702,,,,,,,,,,,NA,NA,NA,NA,NA,NA,NA,NA,NA,NA,NA,NA,NA
2021,,271156766,GLR,,06/07/21,,2021,NB97,N,,,,,,Nestling,.,.,.,.,MS,y,.,.,.,18.7,01103F3BD9,,,,,,,,,,,NA,NA,NA,NA,NA,NA,NA,NA,NA,NA,NA,NA,NA
2021,,271156767,GLY,,06/07/21,,2021,NB97,N,,,,,,Nestling,.,.,.,.,MS,y,.,.,.,19.0,01103FA72F,,,,,,,,,,,NA,NA,NA,NA,NA,NA,NA,NA,NA,NA,NA,NA,NA
2021,,271156799,GLW,,06/07/21,,2021,NB97,N,,,,,,Nestling,.,.,.,.,MS,y,.,.,.,20.2,01103FB62C,,,,,,,,,,,NA,NA,NA,NA,NA,NA,NA,NA,NA,NA,NA,NA,NA
2021,,271156768,STB,,06/07/21,,2021,NB31,N,,,,,,AHY,2,2,21.5,76.7,MS,y,.,.,.,17.6,01103FD954,,,,,,,no date on blood tube,,,,NA,NA,NA,NA,NA,NA,NA,NA,NA,NA,NA,NA,NA
2021,,271156769,SNB,,06/08/21,,2021,NB94,N,,,,,,AHY,2,2,21.0,75.0,"MS, AS",Y,.,.,.,20.1,01103FE433,,,,,,,,,,,NA,NA,NA,NA,NA,NA,NA,NA,NA,NA,NA,NA,NA
2021,,271156770,SSY,,06/08/21,,2021,NB12,N,,,,,,HY,1,1,18.8,71.0,"JL, AS",y,.,.,.,17.4,01103FDEBD,,,,,,,,,,,NA,NA,NA,NA,NA,NA,NA,NA,NA,NA,NA,NA,NA
2021,,271156771,SRS,,06/08/21,,2021,NB37,N,,,,,,AHY,2,2,19.8,71.0,"MD, AS",y,.,.,.,18.5,01103FE1BE,,,,,,,,,,,NA,NA,NA,NA,NA,NA,NA,NA,NA,NA,NA,NA,NA
2021,,271156772,GRW,,06/08/21,,2021,NB56,N,,,,,,Nestling,.,.,.,.,"JL, MD, AS",y,.,.,.,17.2,01103FB900,,,,,,,,,,,NA,NA,NA,NA,NA,NA,NA,NA,NA,NA,NA,NA,NA
2021,,271156773,GRY,,06/08/21,,2021,NB56,N,,,,,,Nestling,.,.,.,.,"JL, MD, AS",y,.,.,.,17.5,01103F7F91,,,,,,,,,,,NA,NA,NA,NA,NA,NA,NA,NA,NA,NA,NA,NA,NA
2021,,271156774,GRR,,06/08/21,,2021,NB56,N,,,,,,Nestling,.,.,.,.,"JL, MD, AS",y,.,.,.,17.3,01103FC0D0,,,,,,,,,,,NA,NA,NA,NA,NA,NA,NA,NA,NA,NA,NA,NA,NA
2021,,271156775,GRL,,06/08/21,,2021,NB56,N,,,,,,Nestling,.,.,.,.,"JL, MD, AS",y,.,.,.,18.9,01103F5BDA,,,,,,,,,,,NA,NA,NA,NA,NA,NA,NA,NA,NA,NA,NA,NA,NA
2021,,271156776,GYR,,06/08/21,,2021,NB65,N,,,,,,Nestling,.,.,.,.,"JL, MD, AS",y,.,.,.,18.1,01103F7051,,,,,,,,,,,NA,NA,NA,NA,NA,NA,NA,NA,NA,NA,NA,NA,NA
2021,,271156777,GYS,,06/08/21,,2021,NB65,N,,,,,,Nestling,.,.,.,.,"JL, MD, AS",y,.,.,.,17.9,01103F7A56,,,,,,,,,,,NA,NA,NA,NA,NA,NA,NA,NA,NA,NA,NA,NA,NA
2021,,271156778,GYT,,06/08/21,,2021,NB65,N,,,,,,Nestling,.,.,.,.,"JL, MD, AS",y,.,.,.,17.3,01103F4727,,,,,,,,,,,NA,NA,NA,NA,NA,NA,NA,NA,NA,NA,NA,NA,NA
2021,,271156779,GYN,,06/08/21,,2021,NB65,N,,,,,,Nestling,.,.,.,.,"JL, MD, AS",y,.,.,.,18.5,01103F7DAF,,,,,,,,,,,NA,NA,NA,NA,NA,NA,NA,NA,NA,NA,NA,NA,NA
2021,,271156780,SRN,,06/09/21,,2021,NB23,N,,,,,,HY,1,2,21.5,79.2,TC,y,.,.,.,20.1,01103FDEEB,,,,,,,,,,,NA,NA,NA,NA,NA,NA,NA,NA,NA,NA,NA,NA,NA
2021,,271156781,SST,,06/09/21,,2021,NB12,N,,,,,,AHY,2,2,22.1,73.2,AS,y,.,.,.,19.8,01103FD874,,,,,,,,6/30/23,FK,,NA,NA,NA,NA,NA,NA,NA,NA,NA,NA,NA,NA,NA
2021,,244160928,SRG,,06/09/21,,2021,NB94,R,,,,,,ASY,.,.,.,.,MT,y,.,.,.,.,.,,,,,,,,,,,NA,NA,NA,NA,NA,NA,NA,NA,NA,NA,NA,NA,NA
2021,,271156771,SRS,,06/09/21,,2021,NB37,R,,,,,,.,.,.,.,.,GB,n,.,.,.,.,.,,,,,,,,,,,NA,NA,NA,NA,NA,NA,NA,NA,NA,NA,NA,NA,NA
2021,,244160946,YRB,,06/09/21,,2021,NB62,R,,,,,,.,.,.,.,.,MD,n,.,.,.,.,.,,,,,,,,,,,NA,NA,NA,NA,NA,NA,NA,NA,NA,NA,NA,NA,NA
2021,,271156783,RB,,06/10/21,,2021,NB94,N,,,,,,Nestling,.,.,.,.,"TC, UE",N,.,.,.,13.1,.,,,,,,"RFID would not fit, blood not taken",,,,,NA,NA,NA,NA,NA,NA,NA,NA,NA,NA,NA,NA,NA
2021,,271156782,RG,,06/10/21,,2021,NB94,N,,,,,,Nestling,.,.,.,.,"TC, UE",N,.,.,.,14.4,.,,,,,,"RFID would not fit, blood not taken",,,,,NA,NA,NA,NA,NA,NA,NA,NA,NA,NA,NA,NA,NA
2021,,271156784,SNL,,06/10/21,,2021,F4,N,,,,,,AHY,2,2,19.2,72.0,MD,Y,.,.,.,18.5,01103FE6E2,,,,,,Not a good bleeder,,,,,NA,NA,NA,NA,NA,NA,NA,NA,NA,NA,NA,NA,NA
2021,,244102150,YGT,,06/10/21,,2021,F4,R,,,,,,.,.,.,.,.,.,.,.,.,.,.,.,,,,,,,,,,,NA,NA,NA,NA,NA,NA,NA,NA,NA,NA,NA,NA,NA
2021,,271156785,SSL,,06/10/21,,2021,F5,N,,,,,,AHY,3,3,.,.,.,Y,.,.,.,.,01103FDD36,,,,,,"Escape artist, big angry dude",,,,,NA,NA,NA,NA,NA,NA,NA,NA,NA,NA,NA,NA,NA
2021,,244102149,YGL,,06/10/21,,2021,F4,R,,,,,,.,.,.,.,.,.,.,.,.,.,.,.,,,,,,,,,,,NA,NA,NA,NA,NA,NA,NA,NA,NA,NA,NA,NA,NA
2021,,271156786,SNR,,06/10/21,,2021,F1,N,,,,,,HY,1,1,17.2,66.2,"MS,MD",Y,.,.,.,15.9,01103FE201,,,,,,"Skin around beak broken because trying to get out of trap, hasn't been fledged very long, didn't bleed much",,,,,NA,NA,NA,NA,NA,NA,NA,NA,NA,NA,NA,NA,NA
2021,,244160952,SSR,,06/10/21,,2021,F4,R,,,,,,.,.,.,.,.,.,.,.,.,.,.,.,,,,,,,,,,,NA,NA,NA,NA,NA,NA,NA,NA,NA,NA,NA,NA,NA
2021,,271156787,SNY,,06/10/21,,2021,F5,N,,,,,,AHY,2,1,21.5,75.0,.,Y,.,.,.,17.5,01103FE2BC,,,,,,,,,,,NA,NA,NA,NA,NA,NA,NA,NA,NA,NA,NA,NA,NA
2021,,271156788,SSO,,06/14/21,,2021,NB43,N,,,,,,HY,2,1,20.5,72.0,"MS, JL",Y,.,.,.,17.8,01103FDE83,,,,,,"nicked leg with metal band, bleeder",,,,,NA,NA,NA,NA,NA,NA,NA,NA,NA,NA,NA,NA,NA
2021,,244160935,SBL,,06/14/21,,2021,F3,R,,,,,,.,.,.,.,.,.,.,.,.,.,.,.,,,,,,,,,,,NA,NA,NA,NA,NA,NA,NA,NA,NA,NA,NA,NA,NA
2021,,271156789,SWG,,06/14/21,,2021,F3,N,,,,,,HY,1,1,21.5,71.0,.,Y,.,.,.,18.4,01103FDA5B,,,,,,,,,,,NA,NA,NA,NA,NA,NA,NA,NA,NA,NA,NA,NA,NA
2021,,271156790,SYG,,06/14/21,,2021,F2,N,,,,,,HY,1,1,22.7,70.0,.,Y,.,.,.,18.1,01103FDD47,,,,,,Did not bleed well,,,,,NA,NA,NA,NA,NA,NA,NA,NA,NA,NA,NA,NA,NA
2021,,271156791,SYR,,06/14/21,,2021,F9,N,,,,,,AHY,2/3,2,19.4,75.0,.,Y,.,.,.,19.1,01103FDF24,,,,,,Bled a lot,,,,,NA,NA,NA,NA,NA,NA,NA,NA,NA,NA,NA,NA,NA
2021,,271156781,SST,,06/14.21,,2021,F7,R,,,,,,.,.,.,.,.,.,.,.,.,.,.,.,,,,,,,,,,,NA,NA,NA,NA,NA,NA,NA,NA,NA,NA,NA,NA,NA
2021,,271156783,GRB,,06/14/21,,2021,NB94,R,,,,,,Nestling,.,.,.,.,"AS, GB",Y,.,.,.,14.7,01103F697C,,,,,,metal and color bands placed previously on 6/10,,,,,NA,NA,NA,NA,NA,NA,NA,NA,NA,NA,NA,NA,NA
2021,,271156782,GGR,,06/14/21,,2021,NB94,R,,,,,,Nestling,.,.,.,.,"AS, GB",Y,.,.,.,16.2,01103F4082,,,,,,metal and color bands placed previously on 6/10,,,,,NA,NA,NA,NA,NA,NA,NA,NA,NA,NA,NA,NA,NA
2021,,271156792,GOW,,06/14/21,,2021,NB94,N,,,,,,Nestling,.,.,.,.,"AS, GB",Y,.,.,.,15.1,01103FD79B,,,,,,,,,,,NA,NA,NA,NA,NA,NA,NA,NA,NA,NA,NA,NA,NA
2021,,271156793,GON,,06/14/21,,2021,NB94,N,,,,,,Nestling,.,.,.,.,"AS, GB",Y,.,.,.,12.3,01103FB042,,,,,,,,,,,NA,NA,NA,NA,NA,NA,NA,NA,NA,NA,NA,NA,NA
2021,,271156794,GOL,,06/14/21,,2021,NB94,N,,,,,,Nestling,.,.,.,.,"AS, GB",Y,.,.,.,13.9,01103F4259,,,,,,,,,,,NA,NA,NA,NA,NA,NA,NA,NA,NA,NA,NA,NA,NA
2021,,271156795,GOR,,06/14/21,,2021,NB94,N,,,,,,Nestling,.,.,.,.,"AS, GB",Y,.,.,.,13.0,01103F3D86,,,,,,"blood pink and milky, pepto bismol",,,,,NA,NA,NA,NA,NA,NA,NA,NA,NA,NA,NA,NA,NA
2021,,271156796,GOY,,06/14/21,,2021,NB94,N,,,,,,Nestling,.,.,.,.,"AS, GB",Y,.,.,.,15.4,01103FB330,,,,,,,,,,,NA,NA,NA,NA,NA,NA,NA,NA,NA,NA,NA,NA,NA
2021,,271156797,SNW,,06/15/21,,2021,NB37,N,,,,,,AHY,1,1/2,19.2,70.0,GB,Y,.,.,.,16.7,01103FE424,,,,,,"Too little blood, bleed again if caught",,,,,NA,NA,NA,NA,NA,NA,NA,NA,NA,NA,NA,NA,NA
2021,,271156798,SWT,,06/15/21,,2021,F11,N,,,,,,AHY,3,2,.,.,"TC, MS",Y,.,.,.,19.0,01103FE5D7,,,,,,"Stressed, has injured pin feather, stress molted tail feathers",,,,,NA,NA,NA,NA,NA,NA,NA,NA,NA,NA,NA,NA,NA
2021,,271156800,GSB,,06/15/21,,2021,NB31,N,,,,,,Nestling,.,.,.,.,"JL,MS,AS,UE",Y,.,.,.,16.7,01103F3CAA,,,,,,,,,,,NA,NA,NA,NA,NA,NA,NA,NA,NA,NA,NA,NA,NA
2021,,271156801,GSL,,06/15/21,,2021,NB31,N,,,,,,Nestling,.,.,.,.,"JL,MS,AS,UE",Y,.,.,.,16.3,01103F3B3A,,,,,,,,,,,NA,NA,NA,NA,NA,NA,NA,NA,NA,NA,NA,NA,NA
2021,,271156802,GSR,,06/15/21,,2021,NB31,N,,,,,,Nestling,.,.,.,.,"JL,MS,AS,UE",Y,.,.,.,16.3,01103F669D,,,,,,,,,,,NA,NA,NA,NA,NA,NA,NA,NA,NA,NA,NA,NA,NA
2021,,271156803,GSY,,06/15/21,,2021,NB31,N,,,,,,Nestling,.,.,.,.,"JL,MS,AS,UE",Y,.,.,.,15.0,01103F9B55,,,,,,,,,,,NA,NA,NA,NA,NA,NA,NA,NA,NA,NA,NA,NA,NA
2021,,271156804,GSW,,06/15/21,,2021,NB31,N,,,,,,Nestling,.,.,.,.,"JL,MS,AS,UE",Y,.,.,.,16.0,01103F89EF,,,,,,,,,,,NA,NA,NA,NA,NA,NA,NA,NA,NA,NA,NA,NA,NA
2021,,271156805,GSG,,06/15/21,,2021,NB31,N,,,,,,Nestling,.,.,.,.,"JL,MS,AS,UE",Y,.,.,.,17.8,01103FA94D,,,,,,,,,,,NA,NA,NA,NA,NA,NA,NA,NA,NA,NA,NA,NA,NA
2021,,244160916,YBB,,06/16/21,,2021,NB62,P,,,,,,ASY,3,2,20.6,78.2,TM,Y,.,.,.,19.3,.,,,,,,,,,,,NA,NA,NA,NA,NA,NA,NA,NA,NA,NA,NA,NA,NA
2021,,271156806,SYY,,06/16/21,,2021,F6,N,,,,,,AHY,2,3,21.0,76.2,TM,Y,.,.,.,20.1,01103FDE7D,,,,,,,,,,,NA,NA,NA,NA,NA,NA,NA,NA,NA,NA,NA,NA,NA
2021,,244160952,SSR,,06/16/21,,2021,F4,R,,,,,,.,.,.,.,.,JL,.,.,.,.,.,.,,,,,,,,,,,NA,NA,NA,NA,NA,NA,NA,NA,NA,NA,NA,NA,NA
2021,,271156785,SSL,,06/16/21,,2021,F5,R,,,,,,.,.,.,20.4,77.1,TM,.,.,.,.,18.6,.,,,,,,,,,,,NA,NA,NA,NA,NA,NA,NA,NA,NA,NA,NA,NA,NA
2021,,271156770,SSY,,06/16/21,,2021,F6,R,,,,,,HY,1,1,.,.,TM,.,.,.,.,.,.,,,,,,,,,,,NA,NA,NA,NA,NA,NA,NA,NA,NA,NA,NA,NA,NA
2021,,271156781,SST,,06/16/21,,2021,F6,R,,,,,,AHY,2,2,19.2,78.0,TM,.,.,.,.,.,.,,,,,,,,,,,NA,NA,NA,NA,NA,NA,NA,NA,NA,NA,NA,NA,NA
2021,,271156807,STT,,06/16/21,,2021,F17,N,,,,,,AHY,2,3,21.6,79.0,TM,Y,.,.,.,21.0,01103FE50B,,,,,,,,,,,NA,NA,NA,NA,NA,NA,NA,NA,NA,NA,NA,NA,NA
2021,,244160951,YTY,,06/16/21,,2021,F5,R,,,,,,AHY,2,2,19.7,78.2,TM,.,.,.,.,.,.,,,,,,,,,,,NA,NA,NA,NA,NA,NA,NA,NA,NA,NA,NA,NA,NA
2021,,271156808,SLT,,06/16/21,,2021,NB31,N,,,,,,AHY,2,1,19.4,75.1,TM,Y,.,.,.,15.9,01103FD87D,,,,,,,,,,,NA,NA,NA,NA,NA,NA,NA,NA,NA,NA,NA,NA,NA
2021,,271156809,SLL,,06/16/21,,2021,F7,N,,,,,,HY,1,1,.,.,TM,Y,.,.,.,16.5,01103FDD6A,,,,,,Fucking Murphy let it go b/f tarsus and wing,,,,,NA,NA,NA,NA,NA,NA,NA,NA,NA,NA,NA,NA,NA
2021,,244160959,SWW,,06/16/21,,2021,F4,R,,,,,,AHY,2,1,19.4,73.1,TM,Y,.,.,.,17.5,.,,,,,,,,,,,NA,NA,NA,NA,NA,NA,NA,NA,NA,NA,NA,NA,NA
2021,,271156810,GTT,,06/18/21,,2021,NB62,N,,,,,,Nestling,.,.,.,.,"MD, AS",Y,.,.,.,15.6,01103FD119,,,,,,,,,,,NA,NA,NA,NA,NA,NA,NA,NA,NA,NA,NA,NA,NA
2021,,271156811,GTS,,06/18/21,,2021,NB62,N,,,,,,Nestling,.,.,.,.,"MD, AS",Y,.,.,.,16.2,01103FC3A4,,,,,,,,,,,NA,NA,NA,NA,NA,NA,NA,NA,NA,NA,NA,NA,NA
2021,,271156812,GTL,,06/18/21,,2021,NB62,N,,,,,,Nestling,.,.,.,.,"MD, AS",Y,.,.,.,16.3,01103F9ABF,,,,,,,,,,,NA,NA,NA,NA,NA,NA,NA,NA,NA,NA,NA,NA,NA
2021,,271156814,GTR,,06/18/21,,2021,NB62,N,,,,,,Nestling,.,.,.,.,"MD, AS",Y,.,.,.,17.9,01103F554F,,,,,,,,,,,NA,NA,NA,NA,NA,NA,NA,NA,NA,NA,NA,NA,NA
2021,,271156816,GTY,,06/18/21,,2021,NB62,N,,,,,,Nestling,.,.,.,.,"MD, AS",Y,.,.,.,17.8,01103F5C26,,,,,,Big Bleeder,,7/4/23,,,NA,NA,NA,NA,NA,NA,NA,NA,NA,NA,NA,NA,NA
2021,,271156818,GTB,,06/18/21,,2021,NB62,N,,,,,,Nestling,.,.,.,.,"MD, AS",Y,.,.,.,17.5,01103FD11F,,,,,,,,,,,NA,NA,NA,NA,NA,NA,NA,NA,NA,NA,NA,NA,NA
2021,,271156813,SWL,,06/18/21,,2021,F14,N,,,,,,AHY,3,3,21.0,78.0,"MD, AS, UE",Y,.,.,.,21.0,01103FE08B,,,,,,,,,,,NA,NA,NA,NA,NA,NA,NA,NA,NA,NA,NA,NA,NA
2021,,271156815,SWR,,06/18/21,,2021,F18,N,,,,,,AHY,2,2,.,.,"MD, AS, MS",Y,.,.,.,.,01103FD895,,,,,,"Stressed AF, vibrating, bad bleeder, released early",,,,,NA,NA,NA,NA,NA,NA,NA,NA,NA,NA,NA,NA,NA
2021,,271156817,SYS,,06/18/21,,2021,F18,N,,,,,,HY,1,1,19.1,77.0,"MD, AS, MS ",Y,.,.,.,18.5,01103FE350,,,,,,Yeetling,,,,,NA,NA,NA,NA,NA,NA,NA,NA,NA,NA,NA,NA,NA
2021,,271156899,SYO,,06/18/21,,2021,F17,N,,,,,,HY,1,1,.,.,"MD, AS, MS",Y,.,.,.,.,01103FE6BF,,,,,,"Yeetling, not a bleeder, Maia f*'d up, released by NB62, (sorry about metal band!)",,,,,NA,NA,NA,NA,NA,NA,NA,NA,NA,NA,NA,NA,NA
2021,,271156819,SNG,,06/18/21,,2021,F17,N,,,,,,HY,1,1,19.1,72.0,"MD, AS, MS",Y,.,.,.,17.1,01103FE613,,,,,,"Yeetling, bleeder, angry boy",,,,,NA,NA,NA,NA,NA,NA,NA,NA,NA,NA,NA,NA,NA
2021,,271156820,SNT,,06/18/21,,2021,F17,N,,,,,,AHY,2,1,21.7,75.0,"MD, AS, MS",Y,.,.,.,17.0,01103FE263,,,,,,,,,,,NA,NA,NA,NA,NA,NA,NA,NA,NA,NA,NA,NA,NA
2021,,271156808,SLT,,06/18/21,,2021,F18,R,,,,,,.,.,.,.,.,.,.,.,.,.,.,.,,,,,,,,,,,NA,NA,NA,NA,NA,NA,NA,NA,NA,NA,NA,NA,NA
2021,,271156821,GWB,,06/21/21,,2021,NB12,N,,,,,,Nestling,.,.,.,.,"JL, AS",Y,.,.,.,16.0,01103FDFB5,,,,,,,,,,,NA,NA,NA,NA,NA,NA,NA,NA,NA,NA,NA,NA,NA
2021,,271156822,GWL,,06/21/21,,2021,NB12,N,,,,,,Nestling,.,.,.,.,"JL, AS",Y,.,.,.,16.9,01103F4F27,,,,,,,,,,,NA,NA,NA,NA,NA,NA,NA,NA,NA,NA,NA,NA,NA
2021,,271156823,GWR,,06/21/21,,2021,NB12,N,,,,,,Nestling,.,.,.,.,"JL, AS",Y,.,.,.,16.2,01103FC0D2,,,,,,,,,,,NA,NA,NA,NA,NA,NA,NA,NA,NA,NA,NA,NA,NA
2021,,271156824,GWY,,06/21/21,,2021,NB12,N,,,,,,Nestling,.,.,.,.,"JL, AS",Y,.,.,.,16.2,01103F415F,,,,,,,,,,,NA,NA,NA,NA,NA,NA,NA,NA,NA,NA,NA,NA,NA
2021,,271156825,GNB,,06/21/21,,2021,NB43,N,,,,,,Nestling,.,.,.,.,"JL, AS",Y,.,.,.,17.7,01103F3CEA,,,,,,,,,,,NA,NA,NA,NA,NA,NA,NA,NA,NA,NA,NA,NA,NA
2021,,271156826,GNL,,06/21/21,,2021,NB43,N,,,,,,Nestling,.,.,.,.,"JL, AS ",Y,.,.,.,18.8,01103F6DC0,,,,,,,,,,,NA,NA,NA,NA,NA,NA,NA,NA,NA,NA,NA,NA,NA
2021,,271156832,GBS,,06/22/21,,2021,NB73,N,,,,,,Nestling,.,.,.,.,"MD, MS",Y,.,.,.,16.6,01103F8E33,,,,,,Bad bleeder,,,,,NA,NA,NA,NA,NA,NA,NA,NA,NA,NA,NA,NA,NA
2021,,271156838,GBN,,06/22/21,,2021,NB73,N,,,,,,Nestling,.,.,.,.,"MD, MS",Y,.,.,.,16.0,01103FBB1F,,,,,,,,,,,NA,NA,NA,NA,NA,NA,NA,NA,NA,NA,NA,NA,NA
2021,,271156834,GLG,,06/22/21,,2021,NB73,N,,,,,,Nestling,.,.,.,.,"MD, MS",Y,.,.,.,16.1,01103FDFB3,,,,,,,,,,,NA,NA,NA,NA,NA,NA,NA,NA,NA,NA,NA,NA,NA
2021,,271156828,GBW,,06/22/21,,2021,NB85,N,,,,,,Nestling,.,.,.,.,"MD, MS",Y.get more,.,.,.,15.3,01103F5C94,,,,,,"Not a bleeder, didn't get much blood",,,,,NA,NA,NA,NA,NA,NA,NA,NA,NA,NA,NA,NA,NA
2021,,271156842,GBG,,06/22/21,,2021,NB85,N,,,,,,Nestling,.,.,.,.,"MD, MS",Y,.,.,.,15.1,01103F6808,,,,,,,,,,,NA,NA,NA,NA,NA,NA,NA,NA,NA,NA,NA,NA,NA
2021,,271156833,GBT,,06/22/21,,2021,NB85,N,,,,,,Nestling,.,.,.,.,"MD, MS",Y,.,.,.,17.0,01103FD114,,,,,,,,,,,NA,NA,NA,NA,NA,NA,NA,NA,NA,NA,NA,NA,NA
2021,,271156835,GBO,,06/22/21,,2021,NB85,N,,,,,,Nestling,.,.,.,.,"MD, MS",Y,.,.,.,16.9,01103F88D0,,,,,,,,,,,NA,NA,NA,NA,NA,NA,NA,NA,NA,NA,NA,NA,NA
2021,,271156843,GRG,,06/22/21,,2021,NB92,N,,,,,,Nestling,.,.,.,.,"MD, MS",Y,.,.,.,18.0,01103F9A3C,,,,,,,,,,,NA,NA,NA,NA,NA,NA,NA,NA,NA,NA,NA,NA,NA
2021,,271156840,GRT,,06/22/21,,2021,NB92,N,,,,,,Nestling,.,.,.,.,"MD, MS",Y.get more,.,.,.,18.6,01103F5288,,,,,,Bad bleeder,,,,,NA,NA,NA,NA,NA,NA,NA,NA,NA,NA,NA,NA,NA
2021,,271156846,GRS,,06/22/21,,2021,NB92,N,,,,,,Nestling,.,.,.,.,"MD, MS",Y,.,.,.,17.0,01103FC967,,,,,,,,,,,NA,NA,NA,NA,NA,NA,NA,NA,NA,NA,NA,NA,NA
2021,,271156829,GRN,,06/22/21,,2021,NB92,N,,,,,,Nestling,.,.,.,.,"MD, MS",Y,.,.,.,18.5,01103FDAB2,,,,,,"Really fucking cute, Sir James",,,,,NA,NA,NA,NA,NA,NA,NA,NA,NA,NA,NA,NA,NA
2021,,271156831,GYB,,06/22/21,,2021,NB92,N,,,,,,Nestling,.,.,.,.,"MD, MS",Y,.,.,.,17.9,01103FC978,,,,,,date is off by 24 hrs,,,,,NA,NA,NA,NA,NA,NA,NA,NA,NA,NA,NA,NA,NA
2021,,271156845,GYL,,06/22/21,,2021,NB92,N,,,,,,Nestling,.,.,.,.,"MD, MS",Y,.,.,.,16.3,01103FC804,,,,,,,,,,,NA,NA,NA,NA,NA,NA,NA,NA,NA,NA,NA,NA,NA
2021,,271156770,SSY,,06/22/21,,2021,F6,R,,,,,,HY,1,1,.,.,.,.,.,.,.,.,.,,,,,,,,,,,NA,NA,NA,NA,NA,NA,NA,NA,NA,NA,NA,NA,NA
2021,,271156849,GNN,,06/22/21,,2021,NB23,N,,,,,,Nestling,.,.,.,.,.,Y,.,.,.,18.2,01103F8E2E,,,,,,,,,,,NA,NA,NA,NA,NA,NA,NA,NA,NA,NA,NA,NA,NA
2021,,271156850,GNS,,06/22/21,,2021,NB23,N,,,,,,Nestling,.,.,.,.,.,Y,.,.,.,17.9,01103FB849,,,,,,could be bled again,,,,,NA,NA,NA,NA,NA,NA,NA,NA,NA,NA,NA,NA,NA
2021,,271156851,GNO,,06/22/21,,2021,NB23,N,,,,,,Nestling,.,.,.,.,.,Y,.,.,.,17.7,01103FCB81,,,,,,,,,,,NA,NA,NA,NA,NA,NA,NA,NA,NA,NA,NA,NA,NA
2021,,271156852,GNG,,06/22/21,,2021,NB23,N,,,,,,Nestling,.,.,.,.,.,Y,.,.,.,17.1,01103FDCF6,,,,,,,,,,,NA,NA,NA,NA,NA,NA,NA,NA,NA,NA,NA,NA,NA
2021,,271156854,GNW,,06/22/21,,2021,NB23,N,,,,,,Nestling,.,.,.,.,.,.,.,.,.,15.8,01103FD264,,,,,,,,,,,NA,NA,NA,NA,NA,NA,NA,NA,NA,NA,NA,NA,NA
2021,,271156724,YNL,,06/22/21,,2021,F5,R,,,,,,HY,.,.,20.1,75.2,.,.,.,.,.,.,.,,,,,,,,,,,NA,NA,NA,NA,NA,NA,NA,NA,NA,NA,NA,NA,NA
2021,,271156853,SON,,06/22/21,,2021,F6,N,,,,,,HY,1,1,20.8,74.8,.,Y,.,.,.,18.1,01103FE73C,,,,,,,,,,,NA,NA,NA,NA,NA,NA,NA,NA,NA,NA,NA,NA,NA
2021,,271156806,SYY,,06/22/21,,2021,F6,R,,,,,,.,.,.,.,.,.,.,.,.,.,.,.,,,,,,,,,,,NA,NA,NA,NA,NA,NA,NA,NA,NA,NA,NA,NA,NA
2021,,271156855,SOS,,06/22/21,,2021,F6,N,,,,,,HY,1,1,20.8,78.0,.,Y,.,.,.,19.6,01103FD853,,,,,,,,,,,NA,NA,NA,NA,NA,NA,NA,NA,NA,NA,NA,NA,NA
2021,,271156781,SST,,06/22/21,,2021,F6,R,,,,,,.,.,.,.,.,.,.,.,.,.,.,.,,,,,,,,,,,NA,NA,NA,NA,NA,NA,NA,NA,NA,NA,NA,NA,NA
2021,,271156856,GSN,,06/22/21,,2021,NB37,N,,,,,,Nestling,.,.,.,.,.,Y,.,.,.,15.6,01103FCADE,,,,,,,,,,,NA,NA,NA,NA,NA,NA,NA,NA,NA,NA,NA,NA,NA
2021,,271156858,GSS,,06/22/21,,2021,NB37,N,,,,,,Nestling,.,.,.,.,.,.,.,.,.,15.4,01103F3E66,,,,,,,,,,,NA,NA,NA,NA,NA,NA,NA,NA,NA,NA,NA,NA,NA
2021,,271156841,GLT,,06/22/21,,2021,NB71,N,,,,,,Nestling,.,.,.,.,"MD, MS",Y,.,.,.,19.7,01103FD1C3,,,,,,,,,,,NA,NA,NA,NA,NA,NA,NA,NA,NA,NA,NA,NA,NA
2021,,271156837,GLO,,06/22/21,,2021,NB71,N,,,,,,Nestling,.,.,.,.,"MD, MS",Y,.,.,.,18.9,01103F7DFA,,,,,,,,,,,NA,NA,NA,NA,NA,NA,NA,NA,NA,NA,NA,NA,NA
2021,,271156839,GLS,,06/22/21,,2021,NB71,N,,,,,,Nestling,.,.,.,.,"MD, MS",Y,.,.,.,16.7,01103FBF6E,,,,,,,,,,,NA,NA,NA,NA,NA,NA,NA,NA,NA,NA,NA,NA,NA
2021,,271156844,GLN,,06/22/21,,2021,NB71,N,,,,,,Nestling,.,.,.,.,"MD, MS",Y,.,.,.,17.7,01103FC5D8,,,,,,"not a bleeder, didnt get much blood",,,,,NA,NA,NA,NA,NA,NA,NA,NA,NA,NA,NA,NA,NA
2021,,271156857,SWO,,06/23/21,,2021,F3,N,,,,,,HY,1,1,20.4,78.9,"MD, AS",Y,.,.,.,17.4,01103FDEE9,,,,,,Yeetling,,,,,NA,NA,NA,NA,NA,NA,NA,NA,NA,NA,NA,NA,NA
2021,,244102151,YTG,,06/23/21,,2021,F2,R,,,,,,.,.,.,.,.,"MD, AS",.,.,.,.,.,.,,,,,,metal band might be wrong - could be 244102075 or 244102180,,,,,NA,NA,NA,NA,NA,NA,NA,NA,NA,NA,NA,NA,NA
2021,,271156790,SGY,,06/23/21,,2021,F2,R,,,,,,.,.,.,.,.,"MD, AS",.,.,.,.,.,.,,,,,,,,,,,NA,NA,NA,NA,NA,NA,NA,NA,NA,NA,NA,NA,NA
2021,,271156746,SBT,,06/23/21,,2021,F12,R,,,,,,.,.,.,.,.,"MD, AS",.,.,.,.,18.8,.,,,,,,,,,,,NA,NA,NA,NA,NA,NA,NA,NA,NA,NA,NA,NA,NA
2021,,244102109,RBN,,06/23/21,,2021,F12,R,,,,,,.,.,.,19.6,77.0,"MD, AS",.,.,.,.,.,.,,,,,,,,,,,NA,NA,NA,NA,NA,NA,NA,NA,NA,NA,NA,NA,NA
2021,,244102106,RBB,,06/23/21,,2021,F12,R,,,,,,.,.,.,24.7,78.3,"MD, AS",.,.,.,.,.,.,,,,,,"color bands entered wrong on data sheet, should fix",,,,,NA,NA,NA,NA,NA,NA,NA,NA,NA,NA,NA,NA,NA
2021,,244102182,YOS,,06/23/21,,2021,F4,R,,,,,,.,.,.,.,.,"MD, AS",.,.,.,.,.,.,,,,,,,,,,,NA,NA,NA,NA,NA,NA,NA,NA,NA,NA,NA,NA,NA
2021,,244102154,SGG,,06/23/21,,2021,F3,R,,,,,,.,.,.,21.1,74.5,"MD, AS",.,.,.,.,21.2,.,,,,,,,,,,,NA,NA,NA,NA,NA,NA,NA,NA,NA,NA,NA,NA,NA
2021,,271156859,,,06/23/21,,2021,F13,N,,,,,,HY,1,1,22.5,79.0,"MD, AS",Y,.,.,.,19.5,01103FDCD7,,,,,,,,,,,NA,NA,NA,NA,NA,NA,NA,NA,NA,NA,NA,NA,NA
2021,,271156770,SSY,,06/24/21,,2021,F6,R,,,,,,.,.,.,.,.,"MD, AS",.,.,.,.,.,.,,,,,,,,,,,NA,NA,NA,NA,NA,NA,NA,NA,NA,NA,NA,NA,NA
2021,,271156860,SWN,,06/24/21,,2021,F10,N,,,,,,AHY,2,2,20.4,73.5,AS,Y,.,.,.,16.9,01103FDDCB,,,,,,,,,,,NA,NA,NA,NA,NA,NA,NA,NA,NA,NA,NA,NA,NA
2021,,271156861,SOW,,06/24/21,,2021,F14,N,,,,,,HY,1,1,19.6,73.5,AS,Y,.,.,.,18.1,01103FE1EE,,,,,,,,,,,NA,NA,NA,NA,NA,NA,NA,NA,NA,NA,NA,NA,NA
2021,,271156813,SWL,,06/24/21,,2021,F14,R,,,,,,.,.,.,.,.,AS,.,.,.,.,.,.,,,,,,,,,,,NA,NA,NA,NA,NA,NA,NA,NA,NA,NA,NA,NA,NA
2021,,271156862,SOR,,06/24/21,,2021,F9,N,,,,,,HY,1,1,20.6,73.0,AS,Y,.,.,.,18.2,01103FE548,,,,,,,,,,,NA,NA,NA,NA,NA,NA,NA,NA,NA,NA,NA,NA,NA
2021,,271156724,YNL,,06/24/21,,2021,F5,R,,,,,,.,.,.,20.2,74.0,AS,.,.,.,.,.,.,,,,,,,,,,,NA,NA,NA,NA,NA,NA,NA,NA,NA,NA,NA,NA,NA
2021,,271156819,SNG,,06/25/21,,2021,F17,R,,,,,,.,.,.,.,.,MS,.,.,.,.,.,.,,,,,,,,,,,NA,NA,NA,NA,NA,NA,NA,NA,NA,NA,NA,NA,NA
2021,,244102131,YSS,,06/25/21,,2021,F18,R,,,,,,.,.,.,.,.,.,.,.,.,.,.,.,,,,,,,,,,,NA,NA,NA,NA,NA,NA,NA,NA,NA,NA,NA,NA,NA
2021,,271156859,,,06/25/21,,2021,F4,R,,,,,,.,.,.,.,.,.,.,.,.,.,.,.,,,,,,,,,,,NA,NA,NA,NA,NA,NA,NA,NA,NA,NA,NA,NA,NA
2021,,271156747,STO,,06/25/21,,2021,F16,R,,,,,,.,.,.,.,.,.,.,.,.,.,.,.,,,,,,Possibly SGO? This metal band combination was listed with SGO ealier in the data sheet ,,,,,NA,NA,NA,NA,NA,NA,NA,NA,NA,NA,NA,NA,NA
2021,,244102107,RBS,,06/25/21,,2021,F12,R,,,,,,.,.,.,22.8,76.0,JL,.,.,.,.,.,.,,,,,,,,,,,NA,NA,NA,NA,NA,NA,NA,NA,NA,NA,NA,NA,NA
2021,,244102049,SRW,,06/25/21,,2021,F16,R,,,,,,.,.,.,20.6,78.5,MS,.,.,.,.,.,.,,,,,,"bloody beak :( , very stressed out poor guy",,,,,NA,NA,NA,NA,NA,NA,NA,NA,NA,NA,NA,NA,NA
2021,,244160923,SRY,,06/25/21,,2021,F17,R,,,,,,.,2,.,.,74.0,"JL, GB",.,.,.,.,.,.,,,,,,,,,,,NA,NA,NA,NA,NA,NA,NA,NA,NA,NA,NA,NA,NA
2021,,244160974,RLR,,06/25/21,,2021,F16,R,,,,,,.,.,.,20.4,75.0,"MS, GB",.,.,.,.,.,.,,,,,,angry angry,,,,,NA,NA,NA,NA,NA,NA,NA,NA,NA,NA,NA,NA,NA
2021,,271156863,SOL,,06/25/21,,2021,F16,N,,,,,,HY,1,1,19.3,73.0,MS,N,.,.,.,16.3,01103FE2C4,,,,,,"not a bleeder, tried both wings, dehydrated",,,,,NA,NA,NA,NA,NA,NA,NA,NA,NA,NA,NA,NA,NA
2021,,271156864,SYB,,06/25/21,,2021,F17,N,,,,,,AHY,2,1,21.3,77.5,"MS, MD",Y,.,.,.,21.8,01103FE78A,,,,,,"definitely bleed again, dehydrated/sickly",,,,,NA,NA,NA,NA,NA,NA,NA,NA,NA,NA,NA,NA,NA
2021,,271156865,SOO,,06/25/21,,2021,F11,N,,,,,,HY,1,1,19.8,74.0,"MS, GB",Y,.,.,.,17.4,01103FDE8D,,,,,,,,,,,NA,NA,NA,NA,NA,NA,NA,NA,NA,NA,NA,NA,NA
2021,,271156724,YNL,,06/25/21,,2021,F13,R,,,,,,.,.,.,.,.,.,.,.,.,.,.,.,,,,,,,,,,,NA,NA,NA,NA,NA,NA,NA,NA,NA,NA,NA,NA,NA
2021,,244102186,YOT,,06/28/21,,2021,F14,R,,,,,,.,.,.,20.0,71.0,JL,.,.,.,.,.,.,,,,,,,,,,,NA,NA,NA,NA,NA,NA,NA,NA,NA,NA,NA,NA,NA
2021,,271156857,SWO,,06/28/21,,2021,F3,R,,,,,,.,.,.,.,.,UE,.,.,.,.,.,.,,,,,,,,,,,NA,NA,NA,NA,NA,NA,NA,NA,NA,NA,NA,NA,NA
2021,,271156855,SOS,,06/28/21,,2021,F6,R,,,,,,.,.,.,.,.,MD,.,.,.,.,.,.,,,,,,,,,,,NA,NA,NA,NA,NA,NA,NA,NA,NA,NA,NA,NA,NA
2021,,271156866,SYL,,06/28/21,,2021,F5,N,,,,,,.,1,1,22.2,70.0,UE,Y,.,.,.,16.9,01103FD9E1,,,,,,,,,,,NA,NA,NA,NA,NA,NA,NA,NA,NA,NA,NA,NA,NA
2021,,271156724,YNL,,06/28/21,,2021,F5,R,,,,,,.,.,.,.,.,MD,.,.,.,.,.,.,,,,,,,,,,,NA,NA,NA,NA,NA,NA,NA,NA,NA,NA,NA,NA,NA
2021,,271156867,STO,,06/28/21,,2021,F9,N,,,,,,.,.,.,.,.,JL,N,.,.,.,.,01103FDFE2,,,,,,,,,,,NA,NA,NA,NA,NA,NA,NA,NA,NA,NA,NA,NA,NA
2021,,271156868,SNO,,06/28/21,,2021,F6,N,,,,,,AHY,3,2,19.7,77.0,MD,Y,.,.,.,18.8,01103FD9C8,,,,,,:(,,,,,NA,NA,NA,NA,NA,NA,NA,NA,NA,NA,NA,NA,NA
2021,,244102154,SGG,,06/28/21,,2021,F3,R,,,,,,.,.,.,.,.,UE,.,.,.,.,.,.,,,,,,lost it when gone to mass,,,,,NA,NA,NA,NA,NA,NA,NA,NA,NA,NA,NA,NA,NA
2021,,271156861,SOW,,06/28/21,,2021,F14,R,,,,,,.,.,.,.,.,.,.,.,.,.,.,.,,,,,,,,,,,NA,NA,NA,NA,NA,NA,NA,NA,NA,NA,NA,NA,NA
2021,,244160952,SSR,,06/28/21,,2021,F4,R,,,,,,.,3,2,.,71.0,.,.,.,.,.,.,.,,,,,,,,,,,NA,NA,NA,NA,NA,NA,NA,NA,NA,NA,NA,NA,NA
2021,,271156870,SLY,,06/28/21,,2021,F9,N,,,,,,.,1,1,23.2,72.0,.,Y,.,.,.,17.3,01103FE10C,,,,,,,,,,,NA,NA,NA,NA,NA,NA,NA,NA,NA,NA,NA,NA,NA
2021,,271156871,STR,,06/28/21,,2021,F4,N,,,,,,.,1,1,19.6,70.0,UE,Y,.,.,.,16.5,01103FE2E2,,,,,,,,,,,NA,NA,NA,NA,NA,NA,NA,NA,NA,NA,NA,NA,NA
2021,,271156855,SOS,,06/28/21,,2021,F7,R,,,,,,HY,.,.,.,.,.,.,.,.,.,.,.,,,,,,caught twice in one day,,,,,NA,NA,NA,NA,NA,NA,NA,NA,NA,NA,NA,NA,NA
2021,,271156864,SYB,,06/29/21,,2021,F?,R,,,,,,HY,.,.,.,.,.,.,.,.,.,.,.,,,,,,,,,,,NA,NA,NA,NA,NA,NA,NA,NA,NA,NA,NA,NA,NA
2021,,271156872,SLR,,06/30/21,,2021,F12,N,,,,,,HY,1,1,20.7,74.0,"UE,MD",Y,.,.,.,16.6,01103FE4D3,,,,,,,,,,,NA,NA,NA,NA,NA,NA,NA,NA,NA,NA,NA,NA,NA
2021,,see note,?tt,,06/30/21,,2021,F12,R,,,,,,AHY,.,.,.,.,"UE,MD",.,.,.,.,.,.,,,,,,"RFID gone from right leg, metal mand still there, leg absolutley mangled, like hanging backward. Injury does not look super new, no blood or anything. Released without handling due to fucked up leg, speculate bird might be STT 271156807 because it is an adult and a 5 was seen in band number, this is the only bird that matches that description. RFID snagged on someting and broke leg when pulled away?",,,,,NA,NA,NA,NA,NA,NA,NA,NA,NA,NA,NA,NA,NA
2021,,244102106,RBB,,06/30/21,,2021,F12,R,,,,,,.,.,.,.,.,"UE, MD",.,.,.,.,.,.,,,,,,,,,,,NA,NA,NA,NA,NA,NA,NA,NA,NA,NA,NA,NA,NA
2021,,271156865,SOO,,06/30/21,,2021,F11,R,,,,,,.,.,.,.,.,"UE, MD",.,.,.,.,.,.,,,,,,,,,,,NA,NA,NA,NA,NA,NA,NA,NA,NA,NA,NA,NA,NA
2021,,271156873,GNT,,06/30/21,,2021,F11,N,,,,,,HY,1,1,20.3,75.0,"UE, MD",Y,.,.,.,17.7,01103F45FC,,,,,,Had to start using greens for adults,,,,,NA,NA,NA,NA,NA,NA,NA,NA,NA,NA,NA,NA,NA
2021,,244102106,RBB,,06/30/21,,2021,F12,R,,,,,,HY,.,.,.,.,"UE, MD",.,.,.,.,.,.,,,,,,"This guy is dumb, caught twice in same trap same day",,,,,NA,NA,NA,NA,NA,NA,NA,NA,NA,NA,NA,NA,NA
2021,,244102107,RBS,,06/30/21,,2021,F12,R,,,,,,HY,.,.,.,.,"UE, MD",.,.,.,.,.,.,,,,,,,,,,,NA,NA,NA,NA,NA,NA,NA,NA,NA,NA,NA,NA,NA
2021,,244160874,RON,,06/30/21,,2021,F10,R,,,,,,HY,1,1,19.8,72.5,AS,.,.,.,.,.,.,,,,,,,,,,,NA,NA,NA,NA,NA,NA,NA,NA,NA,NA,NA,NA,NA
2021,,271156874,GYY,,06/30/21,,2021,F6,N,,,,,,HY,1,1,20.4,74.8,"UE, MD",Y,.,.,.,18.8,01103FD8DE,,,,,,,,,,,NA,NA,NA,NA,NA,NA,NA,NA,NA,NA,NA,NA,NA
2021,,271156855,SOS,,06/30/21,,2021,F6,R,,,,,,HY,.,.,.,.,.,.,.,.,.,.,.,,,,,,,,,,,NA,NA,NA,NA,NA,NA,NA,NA,NA,NA,NA,NA,NA
2021,,271156815,SWR,,07/01/21,,2021,F21,R,,,,,,.,.,.,21.4,71.0,JL,.,.,.,.,18.4,.,,,,,,,,,,,NA,NA,NA,NA,NA,NA,NA,NA,NA,NA,NA,NA,NA
2021,,244102162,YSG,,07/01/21,,2021,F20,R,,,,,,HY,1,1,20.6,75.0,JL,.,.,.,.,.,.,,,,,,,,,,,NA,NA,NA,NA,NA,NA,NA,NA,NA,NA,NA,NA,NA
2021,,271156875,GYO,,07/01/21,,2021,F18,N,,,,,,HY,1,1,20.0,73.0,JL,Y,.,.,.,16.6,01103F9EDF,,,,,,,,,,,NA,NA,NA,NA,NA,NA,NA,NA,NA,NA,NA,NA,NA
2021,,271156876,GGT,,07/01/21,,2021,F16,N,,,,,,AHY,2,2,.,.,JL,N,.,.,.,.,01103FBA7A,,,,,,"Stressed; released before mass, tarsus, and wing",,,,,NA,NA,NA,NA,NA,NA,NA,NA,NA,NA,NA,NA,NA
2021,,271156819,SNG,,07/01/21,,2021,F17,R,,,,,,.,.,.,.,.,JL,.,.,.,.,.,.,,,,,,,,,,,NA,NA,NA,NA,NA,NA,NA,NA,NA,NA,NA,NA,NA
2021,,271156877,GNR,,07/01/21,,2021,F16,N,,,,,,HY,1,1,19.1,72.0,JL,Y,.,.,.,17.2,01103FCC39,,,,,,,,,,,NA,NA,NA,NA,NA,NA,NA,NA,NA,NA,NA,NA,NA
2021,,271156878,GTO,,07/01/21,,2021,F16,N,,,,,,HY,1,1,19.9,75.0,JL,Y,.,.,.,18.9,01103FB1BD,,,,,,,,,,,NA,NA,NA,NA,NA,NA,NA,NA,NA,NA,NA,NA,NA
2021,,271156879,GOB,,07/01/21,,2021,F18,N,,,,,,AHY,2,1,23.8,76.0,JL,Y,.,.,.,19.3,01103F60DE,,,,,,Heavy bleeder,,,,,NA,NA,NA,NA,NA,NA,NA,NA,NA,NA,NA,NA,NA
2021,,271156880,GTN,,07/01/21,,2021,F20,N,,,,,,HY,1,1,22.6,74.0,.,Y,.,.,.,17.5,01103F601E,,,,,,,,,,,NA,NA,NA,NA,NA,NA,NA,NA,NA,NA,NA,NA,NA
2021,,271156807,STT,,07/01/21,,2021,F16,R,,,,,,.,.,.,.,.,.,.,.,.,.,.,.,,,,,,,,,,,NA,NA,NA,NA,NA,NA,NA,NA,NA,NA,NA,NA,NA
2021,,271156899,SYO,,07/01/21,,2021,F17,R,,,,,,.,.,.,.,.,.,.,.,.,.,.,.,,,,,,,,,,,NA,NA,NA,NA,NA,NA,NA,NA,NA,NA,NA,NA,NA
2021,,271156819,SNG,,07/07/21,,2021,F17,R,,,,,,.,.,.,.,.,.,.,.,.,.,.,.,,,,,,,,,,,NA,NA,NA,NA,NA,NA,NA,NA,NA,NA,NA,NA,NA
2021,,271156862,SOR,,07/07/21,,2021,F9,R,,,,,,.,.,.,.,.,.,.,.,.,.,.,.,,,,,,,,,,,NA,NA,NA,NA,NA,NA,NA,NA,NA,NA,NA,NA,NA
2021,,244102162,YSG,,07/07/21,,2021,F20,R,,,,,,.,.,.,.,.,.,.,.,.,.,.,.,,,,,,,,,,,NA,NA,NA,NA,NA,NA,NA,NA,NA,NA,NA,NA,NA
2021,,271156881,STL,,07/07/21,,2021,F8,N,,,,,,HY,1.5,1,18.3,75.2,"MD, UE",Y,.,.,.,17.8,01103FA746,,,,,,,,,,,NA,NA,NA,NA,NA,NA,NA,NA,NA,NA,NA,NA,NA
2021,,271156899,SYO,,07/07/21,,2021,F17,R,,,,,,.,.,.,.,.,.,.,.,.,.,.,.,,,,,,,,,,,NA,NA,NA,NA,NA,NA,NA,NA,NA,NA,NA,NA,NA
2021,,,SLY,,07/07/21,,2021,,,,,,,,.,.,.,.,.,.,.,.,.,.,.,.,,,,,,,,,,,NA,NA,NA,NA,NA,NA,NA,NA,NA,NA,NA,NA,NA
2021,,244102161,YSR,,07/07/21,,2021,,,,,,,,.,1,1,19.2,77.0,.,.,.,.,.,.,.,,,,,,,,,,,NA,NA,NA,NA,NA,NA,NA,NA,NA,NA,NA,NA,NA
2021,,271156867,STO,,07/07/21,,2021,F9,R,,,,,,HY,1,1,19.8,72.5,MD,N,.,.,.,.,.,,,,,,"5 stabs, no blood, tiny vein :(",,,,,NA,NA,NA,NA,NA,NA,NA,NA,NA,NA,NA,NA,NA
2021,,271156882,SNS,,07/07/21,,2021,F8,N,,,,,,AHY,3,2,.,73.0,"MD, UE",Y,.,.,.,18.4,01103FD94F,,,,,,"tarsus measured fucked up, bled a lot & moved",,,,,NA,NA,NA,NA,NA,NA,NA,NA,NA,NA,NA,NA,NA
2021,,271156883,SNN,,07/07/21,,2021,F8,N,,,,,,HY,1,1,.,.,"UE, MD",N,.,.,.,.,01103FDADA,,,,,,Lost him trying to finish,,,,,NA,NA,NA,NA,NA,NA,NA,NA,NA,NA,NA,NA,NA
2021,,244102182,YOS,,07/08/21,,2021,F4,R,,,,,,.,.,.,.,.,AS,.,.,.,.,.,.,,,,,,,,,,,NA,NA,NA,NA,NA,NA,NA,NA,NA,NA,NA,NA,NA
2021,,244102154,SGG,,07/08/21,,2021,F3,R,,,,,,.,.,.,20.2,73.8,AS,.,.,.,.,20.7,.,,,,,,,,,,,NA,NA,NA,NA,NA,NA,NA,NA,NA,NA,NA,NA,NA
2021,,271156859,,,07/08/21,,2021,F3,R,,,,,,.,.,.,.,.,AS,.,.,.,.,.,.,,,,,,,,,,,NA,NA,NA,NA,NA,NA,NA,NA,NA,NA,NA,NA,NA
2021,,271156899,SYO,,07/08/21,,2021,F17,R,,,,,,.,.,.,20.1,76.2,"AS, UE",.,.,.,.,.,.,,,,,,,,,,,NA,NA,NA,NA,NA,NA,NA,NA,NA,NA,NA,NA,NA
2021,,271156724,YNL,,07/08/21,,2021,F5,R,,,,,,.,.,.,.,.,AS,.,.,.,.,.,.,,,,,,,,,,,NA,NA,NA,NA,NA,NA,NA,NA,NA,NA,NA,NA,NA
2021,,271156884,SOT,,07/08/21,,2021,F18,N,,,,,,AHY,2,2,16.4,75.8,AS,Y,.,.,.,19.5,01103FD8BC,,,,,,,,,,,NA,NA,NA,NA,NA,NA,NA,NA,NA,NA,NA,NA,NA
2021,,271156885,SYN,,07/08/21,,2021,F18,N,,,,,,HY,1,1,17.3,74.5,"AS, TC",Y,.,.,.,18.8,01103FDBB8,,,,,,,,,,,NA,NA,NA,NA,NA,NA,NA,NA,NA,NA,NA,NA,NA
2021,,271156886,SLW,,07/10/21,,2021,F7,N,,,,,,HY,1,1,20.9,75.5,"AS, MD",Y,.,.,.,19.2,01103FE31E,,,,,,"Murphy thinks it's SWL, tarsus estimated",,,,,NA,NA,NA,NA,NA,NA,NA,NA,NA,NA,NA,NA,NA
2021,,271156887,SLN,,07/10/21,,2021,F7,N,,,,,,HY,1,1,19.2,73.0,"AS, MD",Y,.,.,.,16.4,01103FDABD,,,,,,,,,,,NA,NA,NA,NA,NA,NA,NA,NA,NA,NA,NA,NA,NA
2021,,271156888,GYW,,07/10/21,,2021,MN by F7,N,,,,,,HY,1,1,20.6,72.0,"AS, UE, TM",Y,.,.,.,20.2,01103FB6DC,,,,,,7/4/23: captured with PTL,Blood taken for Summer '23 season. Has been recaptured more times before 6/30/23,"6/30/23, 7/3/23, 7/3/23, 7/4/23, 7/10/23, 6/24/24","FL, FH, FM, FK, FL, FK",,NA,NA,NA,NA,NA,NA,NA,NA,NA,NA,NA,NA,NA
2021,,271156889,GYG,,07/10/21,,2021,MN by F7,N,,,,,,HY,1,1,18.6,71.5,AS,Y,.,.,.,18.5,01103F8DDC,,,,,,,,,,,NA,NA,NA,NA,NA,NA,NA,NA,NA,NA,NA,NA,NA
2021,,271156890,GWW,,09/25/21,,2021,F3,N,,,,,,HY,2,1,19.6,72.0,"TC,MD",Y,.,.,.,18.3,01103FD511,,,,,,"Thin blood, keeps bleeding",,,,,NA,NA,NA,NA,NA,NA,NA,NA,NA,NA,NA,NA,NA
2021,,271156891,GWG,,10/02/21,,2021,F8,N,,,,,,HY,2,1,20.1,71.0,"AS,JL",Y,.,.,.,18.9,01103FB6D5,,,,,,,,,,,NA,NA,NA,NA,NA,NA,NA,NA,NA,NA,NA,NA,NA
2021,,271156892,GWT,,10/09/21,,2021,F8,N,,,,,,AHY,3,3,.,.,"TC,AS",N,.,.,.,.,01103F7A59,,,,,,"Tried to bleed but escaped,might have poked but unsure",,,,,NA,NA,NA,NA,NA,NA,NA,NA,NA,NA,NA,NA,NA
2021,,244102066,YRB,,10/09/21,,2021,F8,R,,,,,,ASY,3,2,20.5,76.0,"MS,AS",.,.,.,.,18.0,.,,,,,,,,,,,NA,NA,NA,NA,NA,NA,NA,NA,NA,NA,NA,NA,NA
2021,,244160984,RON,,10/09/21,,2021,F8,R,,,,,,AHY,2,2,20.2,75.5,"AS,MS,UE",.,.,.,.,18.9,.,,,,,,,,,,,NA,NA,NA,NA,NA,NA,NA,NA,NA,NA,NA,NA,NA
2021,,271156823,GWR,,11/13/21,,2021,F7,R,,,,,,HY,3,2,19.6,73.0,"TC,AS",.,.,.,.,.,.,,,,,,,,,,,NA,NA,NA,NA,NA,NA,NA,NA,NA,NA,NA,NA,NA
2021,,271156781,SST,,11/13/21,,2021,F7,R,,,,,,.,.,.,.,.,"TC,AS",.,.,.,.,.,.,,,,,,,,,,,NA,NA,NA,NA,NA,NA,NA,NA,NA,NA,NA,NA,NA
2021,,271156893,GWT,,11/13/21,,2021,F5,N,,,,,,AHY,3,2,20.9,76.5,"TC,AS",.,.,.,.,18.8,01103F3CBC,,,,,,,There are ~3 birds with this GWT combo,,,,NA,NA,NA,NA,NA,NA,NA,NA,NA,NA,NA,NA,NA
2021,,271156891,GWG,,11/13/21,,2021,F8,R,,,,,,.,.,.,.,.,"AS,TC",.,.,.,.,.,.,,,,,,,,,,,NA,NA,NA,NA,NA,NA,NA,NA,NA,NA,NA,NA,NA
2021,,271156894,GWO,,11/13/21,,2021,F8,N,,,,,,AHY,3,2,18.7,71.5,"AS,TC",Y,.,.,.,16.5,01103F6B93,,,,,,,,,,,NA,NA,NA,NA,NA,NA,NA,NA,NA,NA,NA,NA,NA
2022,,271156895,GWS,,02/20/22,,2022,F9,N,,,,,,AHY,3,3,21.7,78.0,"AS, MH, JL",Y,.,.,.,20.3,01103F5781,,,,,,,,,,,NA,NA,NA,NA,NA,NA,NA,NA,NA,NA,NA,NA,NA
2022,,271156888,GYW,,02/20/22,,2022,F8,R,,,,,,.,.,.,.,.,"AS, MH, JL",.,.,.,.,.,.,,,,,,white band was missing and then replaced,,,7/10/2023,,NA,NA,NA,NA,NA,NA,NA,NA,NA,NA,NA,NA,NA
2022,,244102161,YSR,,02/20/22,,2022,F5,R,,,,,,AHY,2,2,20.9,77.0,"TC, AS, JL",N,.,.,.,17.1,.,,,,,,,,,,,NA,NA,NA,NA,NA,NA,NA,NA,NA,NA,NA,NA,NA
2022,,271156871,STR,,02/20/22,,2022,F5,R,,,,,,.,.,.,.,.,.,.,.,.,.,.,.,,,,,,,,,,,NA,NA,NA,NA,NA,NA,NA,NA,NA,NA,NA,NA,NA
2022,,271156781,SST,,05/01/22,,2022,F6,R,,,,,,.,.,.,.,.,"MD, MA",.,.,.,.,.,.,,,,,,,,,,,NA,NA,NA,NA,NA,NA,NA,NA,NA,NA,NA,NA,NA
2022,,269121901,CGR,,05/01/22,,2022,NB18,N,,,,,,Nestling,.,.,.,.,TM,Y,.,.,.,20.5,3B0018D368,,,,,,Two had already fledged nest when returned,feather sample taken,,,,NA,NA,NA,NA,NA,NA,NA,NA,NA,NA,NA,NA,NA
2022,,269121902,COW,,05/01/22,,2022,NB18,N,,,,,,Nestling,.,.,.,.,"AS2, TM",Y,.,.,.,18.0,3B0018734E,,,,,,,feather sample taken,,,,NA,NA,NA,NA,NA,NA,NA,NA,NA,NA,NA,NA,NA
2022,,269121903,CRY,,05/01/22,,2022,NB18,N,,,,,,Nestling,.,.,.,.,"AS2, TM",Y,.,.,.,19.8,3B0018A9D4,,,,,,,feather sample taken,,,,NA,NA,NA,NA,NA,NA,NA,NA,NA,NA,NA,NA,NA
2022,,269121904,COY,M,05/01/22,,2022,NB54,N,,,,,,Nestling,.,.,.,.,"AS2, TM",Y,.,.,.,16.6,3B0018CF5F,,,,,,,feather sample taken,,,,NA,NA,NA,NA,NA,NA,NA,NA,NA,NA,NA,NA,NA
2022,,269121891,CTR,,05/01/22,,2022,NB24,N,,,,,,Nestling,.,.,.,.,"TC, AS, MD",Y,.,.,.,16.7,3B0018C37B,,,,,,,feather sample taken,,,,NA,NA,NA,NA,NA,NA,NA,NA,NA,NA,NA,NA,NA
2022,,269121889,CTY,,05/01/22,,2022,NB24,N,,,,,,Nestling,.,.,.,.,"TC, AS, MD",Y,.,.,.,18.5,3B001A8AAB,,,,,,Name is Steve Busceni,feather sample taken,,,,NA,NA,NA,NA,NA,NA,NA,NA,NA,NA,NA,NA,NA
2022,,269121888,CTT,,05/01/22,,2022,NB24,N,,,,,,Nestling,.,.,.,.,"TC, AS, MD",Y,.,.,.,16.5,3B00194116,,,,,,,feather sample taken,,,,NA,NA,NA,NA,NA,NA,NA,NA,NA,NA,NA,NA,NA
2022,,269121893,CTO,,05/01/22,,2022,NB24,N,,,,,,Nestling,.,.,.,.,"TC, AS, MD",Y,.,.,.,17.9,3B00188F3C,,,,,,,feather sample taken,,,,NA,NA,NA,NA,NA,NA,NA,NA,NA,NA,NA,NA,NA
2022,,269121892,CTL,,05/01/22,,2022,NB24,N,,,,,,Nestling,.,.,.,.,"TC, AS, MD",Y,.,.,.,19.9,3B001871FB,,,,,,,feather sample taken,,,,NA,NA,NA,NA,NA,NA,NA,NA,NA,NA,NA,NA,NA
2022,,269121899,CLY,,05/01/22,,2022,NB21,N,,,,,,Nestling,.,.,.,.,"TC, AS, MD",Y,.,.,.,18.8,3B0018B735,,,,,,"9TH feather taken, wing feather on R wing",feather sample taken,,,,NA,NA,NA,NA,NA,NA,NA,NA,NA,NA,NA,NA,NA
2022,,269121898,CLL,,05/01/22,,2022,NB21,N,,,,,,Nestling,.,.,.,.,"TC, AS, MD",Y,.,.,.,17.1,3B00193CC2,,,,,,"main took two feathers, only a little blood",feather sample taken,,,,NA,NA,NA,NA,NA,NA,NA,NA,NA,NA,NA,NA,NA
2022,,269121897,CLR,,05/01/22,,2022,NB21,N,,,,,,Nestling,.,.,.,.,"TC, AS, MD",Y,.,.,.,18.1,3B0018F379,,,,,,,feather sample taken,,,,NA,NA,NA,NA,NA,NA,NA,NA,NA,NA,NA,NA,NA
2022,,269121896,CLN,,05/01/22,,2022,NB21,N,,,,,,Nestling,.,.,.,.,"TC, AS, MD",Y,.,.,.,16.8,3B0048260E,,,,,,,feather sample taken,,,,NA,NA,NA,NA,NA,NA,NA,NA,NA,NA,NA,NA,NA
2022,,269121895,CLT,,05/01/22,,2022,NB21,N,,,,,,Nestling,.,.,.,.,"TC, AS, MD",Y,.,.,.,17.1,3B0018A3E1,,,,,,,feather sample taken,,,,NA,NA,NA,NA,NA,NA,NA,NA,NA,NA,NA,NA,NA
2022,,269121894,CLO,,05/01/22,,2022,NB21,N,,,,,,Nestling,.,.,.,.,"TC, AS, MD",Y,.,.,.,17.4,3B0018191A,,,,,,,feather sample taken,,,,NA,NA,NA,NA,NA,NA,NA,NA,NA,NA,NA,NA,NA
2022,,269121801,COO,,05/04/22,,2022,NB54,N,,,,,,Nestling,.,.,19.3,.,"TC, AS, MH",Y,.,.,.,15.4,3B0018FAE7,,,,,,not a lot of blood taken,feather sample taken,,,,NA,NA,NA,NA,NA,NA,NA,NA,NA,NA,NA,NA,NA
2022,,269121887,COB,,05/04/22,,2022,NB54,N,,,,,,Nestling,.,.,19.4,.,"TC, AS, MH",Y,.,.,.,16.3,3B0018327E,,,,,,bled a lot - more than normal,feather sample taken,,,,NA,NA,NA,NA,NA,NA,NA,NA,NA,NA,NA,NA,NA
2022,,269121802,COT,,05/04/22,,2022,NB54,N,,,,,,Nestling,.,.,20.0,.,"TC, AS, MH",Y,.,.,.,17.9,3B00190EF6,,,,,,,feather sample taken,,,,NA,NA,NA,NA,NA,NA,NA,NA,NA,NA,NA,NA,NA
2022,,269121803,COL,,05/04/22,,2022,NB54,N,,,,,,Nestling,.,.,18.8,.,"TC, AS, MH",Y,.,.,.,17.4,3B0018E07F,,,,,,,feather sample taken,,,,NA,NA,NA,NA,NA,NA,NA,NA,NA,NA,NA,NA,NA
2022,,269121804,CON,,05/04/22,,2022,NB54,N,,,,,,Nestling,.,.,18.9,.,"TC, AS, MH",Y,.,.,.,16.1,3B0048E860,,,,,,,feather sample taken,,,,NA,NA,NA,NA,NA,NA,NA,NA,NA,NA,NA,NA,NA
2022,,269121805,CBB,,05/04/22,,2022,NB16,N,,,,,,Nestling,.,.,20.0,.,"TC, AS, MH",Y,.,.,.,17.1,3B0018CD44,,,,,,,feather sample taken,,,,NA,NA,NA,NA,NA,NA,NA,NA,NA,NA,NA,NA,NA
2022,,269121806,CBO,,05/04/22,,2022,NB16,N,,,,,,Nestling,.,.,19.7,.,"TC, AS, MH",Y,.,.,.,16.9,3B00193B6A,,,,,,,feather sample taken,,,,NA,NA,NA,NA,NA,NA,NA,NA,NA,NA,NA,NA,NA
2022,,269121807,CNN,,05/04/22,,2022,NB12,N,,,,,,Nestling,.,.,21.9,.,"TC, AS, MH",Y,.,.,.,18.7,3B00193738,,,,,,,feather sample taken,,,,NA,NA,NA,NA,NA,NA,NA,NA,NA,NA,NA,NA,NA
2022,,269121808,CNO,,05/04/22,,2022,NB12,N,,,,,,Nestling,.,.,19.1,.,"TC, AS, MH",Y,.,.,.,17.1,3B0018E727,,,,,,,feather sample taken,,,,NA,NA,NA,NA,NA,NA,NA,NA,NA,NA,NA,NA,NA
2022,,269121810,CNB,,05/04/22,,2022,NB12,N,,,,,,Nestling,.,.,19.3,.,"TC, AS, MH",Y,.,.,.,16.9,3B0018891E,,,,,,,feather sample taken,,,,NA,NA,NA,NA,NA,NA,NA,NA,NA,NA,NA,NA,NA
2022,,269121811,--NT,,05/04/22,,2022,NB12,N,,,,,,Nestling,.,.,17.1,.,"TC, AS, MH",Y,.,.,.,16.3,.,,,,,,,feather sample taken,,,,NA,NA,NA,NA,NA,NA,NA,NA,NA,NA,NA,NA,NA
2022,,269121812,CNL,,05/04/22,,2022,NB12,N,,,,,,Nestling,.,.,20.3,.,"TC, AS, MH",Y,.,.,.,17.9,3B00181942,,,,,,All adult measurements have been collected (below),feather sample taken,"6/14/24, 7/3/23","F6, FH",,NA,NA,NA,NA,NA,NA,NA,NA,NA,NA,NA,NA,NA
2022,,269121872,CYT,,05/08/22,,2022,NB43,N,,,,,,Nestling,.,.,20.6,.,"TC, AS",Y,.,.,.,17.4,3B00186B6F,,,,,,,feather sample taken,,,,NA,NA,NA,NA,NA,NA,NA,NA,NA,NA,NA,NA,NA
2022,,269121871,CYL,,05/08/22,,2022,NB43,N,,,,,,Nestling,.,.,20.8,.,"TC, AS",Y,.,.,.,18.2,3B00189986,,,,,,,feather sample taken,,,,NA,NA,NA,NA,NA,NA,NA,NA,NA,NA,NA,NA,NA
2022,,269121870,CYN,,05/08/22,,2022,NB43,N,,,,,,Nestling,.,.,21.6,.,"TC, AS",Y,.,.,.,18.4,3B00184A3D,,,,,,,feather sample taken,,,,NA,NA,NA,NA,NA,NA,NA,NA,NA,NA,NA,NA,NA
2022,,269121809,CBT,,05/08/22,,2022,NB53,N,,,,,,Nestling,.,.,19.4,.,"TC, AS",Y,.,.,.,17.0,3B00185E96,,,,,,bands on opposite legs; hard to bleed,feather sample taken,,,,NA,NA,NA,NA,NA,NA,NA,NA,NA,NA,NA,NA,NA
2022,,269121886,CBL,,05/08/22,,2022,NB53,N,,,,,,Nestling,.,.,19.2,.,"TC, AS",Y,.,.,.,17.7,3B0048482A,,,,,,bands on opposite legs; hard to bleed,feather sample taken,,,,NA,NA,NA,NA,NA,NA,NA,NA,NA,NA,NA,NA,NA
2022,,269121885,CBN,,05/08/22,,2022,NB53,N,,,,,,Nestling,.,.,19.7,.,"TC, AS",Y,.,.,.,16.8,3B0019CF1B,,,,,,,feather sample taken,,,,NA,NA,NA,NA,NA,NA,NA,NA,NA,NA,NA,NA,NA
2022,,269121884,CBY,,05/08/22,,2022,NB53,N,,,,,,Nestling,.,.,19.7,.,"TC, AS",Y,.,.,.,17.9,3B00192760,,,,,,,feather sample taken,,,,NA,NA,NA,NA,NA,NA,NA,NA,NA,NA,NA,NA,NA
2022,,269121883,CBR,,05/08/22,,2022,NB53,N,,,,,,Nestling,.,.,.,.,"TC, AS",Y,.,.,.,.,3B001879FD,,,,,,weight and tarsus forgot to be taken,feather sample taken,,,,NA,NA,NA,NA,NA,NA,NA,NA,NA,NA,NA,NA,NA
2022,,269121882,CTB,,05/08/22,,2022,NB8,N,,,,,,Nestling,.,.,19.8,.,"TC, AS",Y,.,.,.,16.2,3B004A7418,,,,,,,feather sample taken,,,,NA,NA,NA,NA,NA,NA,NA,NA,NA,NA,NA,NA,NA
2022,,269121881,CTN,,05/08/22,,2022,NB8,N,,,,,,Nestling,.,.,19.5,.,"TC, AS",Y,.,.,.,16.9,01103FE5B9,,,,,,,feather sample taken,,,,NA,NA,NA,NA,NA,NA,NA,NA,NA,NA,NA,NA,NA
2022,,269121880,CTS,F,05/08/22,,2022,NB8,N,,,,,,Nestling,.,.,19.3,.,"TC, AS",Y,.,.,.,17.5,3B001840DE,,,,,,,feather sample taken,7/19/2023,FG,,NA,NA,NA,NA,NA,NA,NA,NA,NA,NA,NA,NA,NA
2022,,269121879,CNY,,05/08/22,,2022,NB64,N,,,,,,Nestling,.,.,18.8,.,"TC, AS",Y,.,.,.,17.8,3B00190C63,,,,,,,feather sample taken,,,,NA,NA,NA,NA,NA,NA,NA,NA,NA,NA,NA,NA,NA
2022,,269121878,CNR,,05/08/22,,2022,NB64,N,,,,,,Nestling,.,.,20.0,.,"TC, AS",Y,.,.,.,18.7,3B001900AE,,,,,,,feather sample taken,,,,NA,NA,NA,NA,NA,NA,NA,NA,NA,NA,NA,NA,NA
2022,,269121877,CNS,,05/08/22,,2022,NB64,N,,,,,,Nestling,.,.,19.8,.,"TC, AS",Y,.,.,.,18.9,3B00192F75,,,,,,,feather sample taken,,,,NA,NA,NA,NA,NA,NA,NA,NA,NA,NA,NA,NA,NA
2022,,269121876,CNW,,05/08/22,,2022,NB64,N,,,,,,Nestling,.,.,20.1,.,"TC, AS",Y,.,.,.,18.5,3B00193803,,,,,,,feather sample taken,,,,NA,NA,NA,NA,NA,NA,NA,NA,NA,NA,NA,NA,NA
2022,,269121813,CNG,,05/08/22,,2022,NB64,N,,,,,,Nestling,.,.,20.5,.,"TC, AS",Y,.,.,.,19.2,3B0019327D,,,,,,,feather sample taken,,,,NA,NA,NA,NA,NA,NA,NA,NA,NA,NA,NA,NA,NA
2022,,269121875,CYY,,05/08/22,,2022,NB43,N,,,,,,Nestling,.,.,19.3,.,"TC, AS",Y,.,.,.,18.4,3B0018D13E,,,,,,,feather sample taken,,,,NA,NA,NA,NA,NA,NA,NA,NA,NA,NA,NA,NA,NA
2022,,269121874,CYO,,05/08/22,,2022,NB43,N,,,,,,Nestling,.,.,19.6,.,"TC, AS",Y,.,.,.,18.4,3B0018B786,,,,,,,feather sample taken,,,,NA,NA,NA,NA,NA,NA,NA,NA,NA,NA,NA,NA,NA
2022,,269121873,CYB,,05/08/22,,2022,NB43,N,,,,,,Nestling,.,.,19.3,.,"TC, AS",Y,.,.,.,19.0,3B00193746,,,,,,,feather sample taken,,,,NA,NA,NA,NA,NA,NA,NA,NA,NA,NA,NA,NA,NA
2022,,271156896,CRR,,05/11/22,,2022,NB20,N,,,,,,Nestling,.,.,19.3,.,"TC, AS, TT",Y,.,.,.,18.1,3B0018D330,,,,,,,"feathered, Parent 1 SOO",,,,NA,NA,NA,NA,NA,NA,NA,NA,NA,NA,NA,NA,NA
2022,,271156897,CRO,,05/11/22,,2022,NB20,N,,,,,,Nestling,.,.,20.2,.,"TC, AS, TT",Y,.,.,.,17.9,3B00183C83,,,,,,,"feathered, Parent 1 SOO",,,,NA,NA,NA,NA,NA,NA,NA,NA,NA,NA,NA,NA,NA
2022,,271156898,CRB,,05/11/22,,2022,NB20,N,,,,,,Nestling,.,.,19.9,.,"TC, AS, TT",Y,.,.,.,19.2,3B0018E35B,,,,,,,"feathered, Parent 1 SOO",,,,NA,NA,NA,NA,NA,NA,NA,NA,NA,NA,NA,NA,NA
2022,,269121817,CRT,,05/11/22,,2022,NB20,N,,,,,,Nestling,.,.,20.0,.,"TC, AS, TT",Y,.,.,.,18.1,3B00191D69,,,,,,,"feathered, Parent 1 SOO",,,,NA,NA,NA,NA,NA,NA,NA,NA,NA,NA,NA,NA,NA
2022,,269121869,CRL,,05/11/22,,2022,NB20,N,,,,,,Nestling,.,.,19.8,.,"TC, AS, TT",Y,.,.,.,18.8,3B00490397,,,,,,,"feathered, Parent 1 SOO",6/30/23,FH,,NA,NA,NA,NA,NA,NA,NA,NA,NA,NA,NA,NA,NA
2022,,269121814,CSS,,05/11/22,,2022,NB7,N,,,,,,Nestling,.,.,19.1,.,"TC, AS, TT",Y,.,.,.,18.3,3B00185C36,,,,,,,Feathered,,,,NA,NA,NA,NA,NA,NA,NA,NA,NA,NA,NA,NA,NA
2022,,269121815,CSO,,05/11/22,,2022,NB7,N,,,,,,Nestling,.,.,18.8,.,"TC, AS, TT",Y,.,.,.,17.9,3B00189779,,,,,,,Feathered,,,,NA,NA,NA,NA,NA,NA,NA,NA,NA,NA,NA,NA,NA
2022,,269121816,CSB,,05/11/22,,2022,NB7,N,,,,,,Nestling,.,.,20.2,.,"TC, AS, TT",Y,.,.,.,19.8,3B001878C4,,,,,,,Feathered,,,,NA,NA,NA,NA,NA,NA,NA,NA,NA,NA,NA,NA,NA
2022,,269121818,CST,,05/11/22,,2022,NB7,N,,,,,,Nestling,.,.,19.3,.,"TC, AS, TT",Y,.,.,.,18.1,3B0018FA74,,,,,,,Feathered,,,,NA,NA,NA,NA,NA,NA,NA,NA,NA,NA,NA,NA,NA
2022,,269121819,CSL,,05/11/22,,2022,NB7,N,,,,,,Nestling,.,.,18.3,.,"TC, AS, TT",Y,.,.,.,16.5,3B0018FA42,,,,,,,Feathered,,,,NA,NA,NA,NA,NA,NA,NA,NA,NA,NA,NA,NA,NA
2022,,269121820,CWW,,05/11/22,,2022,NB25,N,,,,,,Nestling,.,.,20.9,.,"TC, AS, TT",Y,.,.,.,19.8,3B00188A83,,,,,,,Feathered; Parent 1 GOS/B,,,,NA,NA,NA,NA,NA,NA,NA,NA,NA,NA,NA,NA,NA
2022,,269121821,CWO,,05/11/22,,2022,NB25,N,,,,,,Nestling,.,.,19.5,.,"TC, AS, TT",Y,.,.,.,16.2,3B001896EB,,,,,,,Feathered; Parent 2: unbanded,,,,NA,NA,NA,NA,NA,NA,NA,NA,NA,NA,NA,NA,NA
2022,,269121822,CWB,,05/11/22,,2022,NB25,N,,,,,,Nestling,.,.,19.7,.,"TC, AS, TT",Y,.,.,.,16.9,3B00192B05,,,,,,,Feathered ,,,,NA,NA,NA,NA,NA,NA,NA,NA,NA,NA,NA,NA,NA
2022,,269121823,CWT,,05/11/22,,2022,NB25,N,,,,,,Nestling,.,.,20.5,.,"TC, AS, TT",Y,.,.,.,18.4,3B0048FEC5,,,,,,,Feathered ,,,,NA,NA,NA,NA,NA,NA,NA,NA,NA,NA,NA,NA,NA
2022,,269121824,CWL,,05/11/22,,2022,NB25,N,,,,,,Nestling,.,.,20.0,.,"TC, AS, TT",Y,.,.,.,17.0,3B00192FAB,,,,,,,Feathered,,,,NA,NA,NA,NA,NA,NA,NA,NA,NA,NA,NA,NA,NA
2022,,269121833,CGT,,05/15/22,,2022,NB45,N,,,,,,Nestling,.,.,20.0,.,"TC, AS, AS#2",Y,.,.,.,17.1,3B0019491B,,,,,,,Feathered,,,,NA,NA,NA,NA,NA,NA,NA,NA,NA,NA,NA,NA,NA
2022,,269121834,CGL,,05/15/22,,2022,NB45,N,,,,,,Nestling,.,.,20.4,.,"TC, AS, AS#3",Y,.,.,.,18.0,3B004802E0,,,,,,,Feathered,,,,NA,NA,NA,NA,NA,NA,NA,NA,NA,NA,NA,NA,NA
2022,,269121835,CGN,,05/15/22,,2022,NB45,N,,,,,,Nestling,.,.,20.0,.,"TC, AS, AS#4",Y,.,.,.,17.1,3B001931D4,,,,,,,Feathered,,,,NA,NA,NA,NA,NA,NA,NA,NA,NA,NA,NA,NA,NA
2022,,269121830,CGG,,05/15/22,,2022,NB45,N,,,,,,Nestling,.,.,20.0,.,"TC, AS, AS#5",Y,.,.,.,17.1,3B00194C3C,,,,,,,Feathered,,,,NA,NA,NA,NA,NA,NA,NA,NA,NA,NA,NA,NA,NA
2022,,269121831,CGO,,05/15/22,,2022,NB45,N,,,,,,Nestling,.,.,19.7,.,"TC, AS, AS#6",Y,.,.,.,17.3,3B0018F7F9,,,,,,,Feathered,,,,NA,NA,NA,NA,NA,NA,NA,NA,NA,NA,NA,NA,NA
2022,,269121832,CGB,,05/15/22,,2022,NB45,N,,,,,,Nestling,.,.,20.2,.,"TC, AS, AS#7",Y,.,.,.,18.0,3B0018A2EE,,,,,,,Feathered,,,,NA,NA,NA,NA,NA,NA,NA,NA,NA,NA,NA,NA,NA
2022,,269121836,COR,,05/15/22,,2022,NB49,N,,,,,,Nestling,.,.,20.3,.,"TC, AS, AS#8",Y,.,.,.,19.6,3B00186F7D,,,,,,,Feathered,,,,NA,NA,NA,NA,NA,NA,NA,NA,NA,NA,NA,NA,NA
2022,,269121837,COS,,05/15/22,,2022,NB49,N,,,,,,Nestling,.,.,21.0,.,"TC, AS, AS#9",Y,.,.,.,20.5,3B00182B30,,,,,,,Feathered,,,,NA,NA,NA,NA,NA,NA,NA,NA,NA,NA,NA,NA,NA
2022,,269121838,COG,,05/15/22,,2022,NB49,N,,,,,,Nestling,.,.,20.7,.,"TC, AS, AS#10",Y,.,.,.,19.6,3B00186E90,,,,,,,Feathered,,,,NA,NA,NA,NA,NA,NA,NA,NA,NA,NA,NA,NA,NA
2022,,269121825,CSN,,05/15/22,,2022,NB56,N,,,,,,Nestling,.,.,19.7,.,"TC, AS, AS#11",Y,.,.,.,17.2,3B00191766,,,,,,,Feathered,,,,NA,NA,NA,NA,NA,NA,NA,NA,NA,NA,NA,NA,NA
2022,,269121826,CSY,,05/15/22,,2022,NB56,N,,,,,,Nestling,.,.,19.6,.,"TC, AS, AS#12",Y,.,.,.,17.0,3B00189924,,,,,,,Feathered,,,,NA,NA,NA,NA,NA,NA,NA,NA,NA,NA,NA,NA,NA
2022,,269121827,CSR,,05/15/22,,2022,NB56,N,,,,,,Nestling,.,.,20.3,.,"TC, AS, AS#13",Y,.,.,.,18.5,3B0018D53C,,,,,,,Feathered,,,,NA,NA,NA,NA,NA,NA,NA,NA,NA,NA,NA,NA,NA
2022,,269121828,CSW,,05/15/22,,2022,NB56,N,,,,,,Nestling,.,.,19.8,.,"TC, AS, AS#14",Y,.,.,.,18.3,3B00190F8B,,,,,,,Feathered,,,,NA,NA,NA,NA,NA,NA,NA,NA,NA,NA,NA,NA,NA
2022,,269121829,CSG,,05/15/22,,2022,NB56,N,,,,,,Nestling,.,.,19.2,.,"TC, AS, AS#15",Y,.,.,.,17.3,3B00193309,,,,,,,Feathered,,,,NA,NA,NA,NA,NA,NA,NA,NA,NA,NA,NA,NA,NA
2022,,269121839,CYR,,05/18/22,,2022,NB17,N,,,,,,Nestling,.,.,20.9,.," JL,MD ",Y,.,.,.,19.2,3B0018FE5E,,,,,,,Feathered,,,,NA,NA,NA,NA,NA,NA,NA,NA,NA,NA,NA,NA,NA
2022,,269121840,CYS,,05/18/22,,2022,NB17,N,,,,,,Nestling,.,.,20.2,.,"JL, MD",Y,.,.,.,18.6,3B00185205,,,,,,,Feathered,,,,NA,NA,NA,NA,NA,NA,NA,NA,NA,NA,NA,NA,NA
2022,,269121841,CYW,,05/18/22,,2022,NB17,N,,,,,,Nestling,.,.,20.6,.,"JL, MD",Y,.,.,.,18.4,3B001826EC,,,,,,,Feathered,,,,NA,NA,NA,NA,NA,NA,NA,NA,NA,NA,NA,NA,NA
2022,,269121842,CYG,,05/18/22,,2022,NB17,N,,,,,,Nestling,.,.,20.3,.,"JL, MD",Y,.,.,.,19.7,3B001872D3,,,,,,,Feathered,,,,NA,NA,NA,NA,NA,NA,NA,NA,NA,NA,NA,NA,NA
2022,,269121868,CWN,,05/25/22,,2022,NB52,N,,,,,,Nestling,.,.,19.6,.,"AS#2, TT",Y,.,.,.,19.4,3B0018BADA,,,,,,,(1 parent-unbanded) Feathered,,,,NA,NA,NA,NA,NA,NA,NA,NA,NA,NA,NA,NA,NA
2022,,269121843,CWY,,05/25/22,,2022,NB52,N,,,,,,Nestling,.,.,19.5,.,"AS#2, TT",Y,.,.,.,16.8,3B0018A8FB,,,,,,,Feathered,,,,NA,NA,NA,NA,NA,NA,NA,NA,NA,NA,NA,NA,NA
2022,,269121844,CWR,,05/25/22,,2022,NB52,N,,,,,,Nestling,.,.,20.6,.,"AS#2, TT",Y,.,.,.,18.3,3B00188DDD,,,,,,,Feathered,,,,NA,NA,NA,NA,NA,NA,NA,NA,NA,NA,NA,NA,NA
2022,,269121845,CWS,,05/25/22,,2022,NB52,N,,,,,,Nestling,.,.,20.3,.,"AS#2, TT",Y,.,.,.,17.5,3B00191686,,,,,,,Feathered,,,,NA,NA,NA,NA,NA,NA,NA,NA,NA,NA,NA,NA,NA
2022,,269121846,CWG,,05/25/22,,2022,NB52,N,,,,,,Nestling,.,.,.,.,"AS#2, TT",Y,.,.,.,17.3,3B001925C6,,,,,,,Feathered,,,,NA,NA,NA,NA,NA,NA,NA,NA,NA,NA,NA,NA,NA
2022,,269121847,CLB,,06/04/22,,2022,MN010,N,,,,,,AHY,2,3,19.9,77.1,"TM, AS#2, TT",Y,.,.,.,19.0,3B00189FDD,,,,,,,-,,,,NA,NA,NA,NA,NA,NA,NA,NA,NA,NA,NA,NA,NA
2022,,269121848,CRS,,06/23/22,,2022,MN011,N,,,,,,HY,1,1,19.8,75.0,"TM, AS#2, TT",Y,.,.,.,26.8,3B001838E4,,,,,,,,,,,NA,NA,NA,NA,NA,NA,NA,NA,NA,NA,NA,NA,NA
2022,,269121849,CRW,,06/23/22,,2022,MN009,N,,,,,,SY,3,1,20.0,74.1,"TM, AS#2, TT",Y,.,.,.,28.4,3B0018ACD1,,,,,,Recap:  04JUL22 mn09 & 29JUL22 mn09,,,,,NA,NA,NA,NA,NA,NA,NA,NA,NA,NA,NA,NA,NA
2022,,269121850,CRG,,06/23/22,,2022,MN009,N,,,,,,HY,1,1,19.5,72.8,"TM, AS#2, TT",Y,.,.,.,26.3,3B00183BAD,,,,,,,,,,,NA,NA,NA,NA,NA,NA,NA,NA,NA,NA,NA,NA,NA
2022,,269121851,CRN,,06/23/22,,2022,MN010,N,,,,,,HY,1,1,19.8,73.4,"TM, AS#2, TT",Y,.,.,.,27.7,3B001892F3,,,,,,,,,,,NA,NA,NA,NA,NA,NA,NA,NA,NA,NA,NA,NA,NA
2022,,269121852,CTG,,07/04/22,,2022,MN009,N,,,,,,HY,1,1,.,.,"TM, AS#2, TT",.,.,.,.,.,3B0018CBE2,,,,,,lost it during mass measurments ;(,,,,,NA,NA,NA,NA,NA,NA,NA,NA,NA,NA,NA,NA,NA
2022,,269121853,CYG,,07/29/22,,2022,F4,N,,,,,,HY,1,1,19.5,74.6,"TT, AS#2, TM",Y,.,.,.,16.9,3B0018AA7F,,,,,,,Found later: a repeat band combo,,,,NA,NA,NA,NA,NA,NA,NA,NA,NA,NA,NA,NA,NA
2022,,,CRG,,09/25/22,,2022,F13,R,,,,,,.,.,.,.,.,MS,.,.,.,.,.,.,,,,,,flew out,Found later: a repeat band combo,,,,NA,NA,NA,NA,NA,NA,NA,NA,NA,NA,NA,NA,NA
2022,,269121861,CBS,,09/25/22,,2022,F6,N,,,,,,AHY,2,2,22.5,73.0,MH,Y,.,.,.,29.3 17.4,3B00188DE0,,,,,,"omitted wing and tarsus because stressed. 7/3: in the same trap as PWW. 7/4/23: Flew away, still need measurements for 2023 season (besides tarsus and wing - in purple). 7/6: Fighting in feeder with PWL, took blood again, also redid weight measurement (red).","Wing and tarsus measured 5/26/23 (in purple), Blood taken 7/3/23 (in blue). Blood taken again 7/6/23.","5/26/23, 7/3/23, 7/4/23, 7/6/23, 7/29/23, 9/10/23","F6, FH, FJ, FI, FH, FH",,NA,NA,NA,NA,NA,NA,NA,NA,NA,NA,NA,NA,NA
2022,,,SST,,10/23/22,,2022,F6,R,,,,,,.,2.5,2,19.3,78.0,MS,N,.,.,.,29.4,.,,,,,,yay bird!,repeat band combo,,,,NA,NA,NA,NA,NA,NA,NA,NA,NA,NA,NA,NA,NA
2022,,244160954,YLT,,11/05/22,,2022,F6,R,,,,,,.,3,2.2.5,20.3,.,.,N,.,.,.,27.2,.,,,,,,recapture,,,,,NA,NA,NA,NA,NA,NA,NA,NA,NA,NA,NA,NA,NA
,,,,,,,NA,,,,,,,,.,.,.,.,.,.,.,.,.,.,.,.,,,,,,,,,,,NA,NA,NA,NA,NA,NA,NA,NA,NA,NA,NA,NA,NA
2023,NEED BLOOD,2711-56784,SNL,,02/12/23,,2023,F4,R,,,,,,ASY,3,3,~20.17,~78,"MS, MH, AS",N,.,.,.,28.2,01103FE6E2,,,,,,not confident in tarsus or wing measurements,,,,,NA,NA,NA,NA,NA,NA,NA,NA,NA,NA,NA,NA,NA
2023,NEED BLOOD,2691-21850,CRG,,02/12/23,,2023,F7,R,,,,,,AHY,2,2,~20.20,~68,"MS, MH, AS",N,.,.,.,22.9,3B00183BAD,,,,,,not confident in tarsus or wing measurements,repeat band combo,,,,NA,NA,NA,NA,NA,NA,NA,NA,NA,NA,NA,NA,NA
2023,"2: repeat color bands… NOTE HOW YOU FIXED THIS THIS ON THE PAPER DATA SHEET, AND NEED BLOOD",2691-21867,CBW,M,03/05/23,,2023,F4,N,,,,,,AHY,2,2,22.8,80.0,"AS, MH",N,.,.,.,18.7,3B00187000,,,,,,"Couldn't take blood, forgot blood box, measured other","More recent/confident measurements are further down, as are the recaptures.",7/4/23,,,NA,NA,NA,NA,NA,NA,NA,NA,NA,NA,NA,NA,NA
2023,,2691-21864,SLT,M,04/16/23,,2023,NB12,N,,,,,,Nestling,.,.,19.1,.,"JM, AS, MH, KA, KS, OS, JM",Y,.,.,.,19.2,01103FDFE3,,,,,,,,,,,NA,NA,NA,NA,NA,NA,NA,NA,NA,NA,NA,NA,NA
2023,,2691-21865,SLY,M,04/16/23,,2023,NB12,N,,,,,,Nestling,.,.,20.5,.,"JM, AS, MH, KA, KS, OS, JM",Y,.,.,.,18.8,01103FE588,,,,,,,,,,,NA,NA,NA,NA,NA,NA,NA,NA,NA,NA,NA,NA,NA
2023,,2691-21868,SLR,M,04/16/23,,2023,NB12,N,,,,,,Nestling,.,.,18.4,.,"JM, AS, MH, KA, KS, OS, JM",Y,.,.,.,17.5,01103FD958,,,,,,,,,,,NA,NA,NA,NA,NA,NA,NA,NA,NA,NA,NA,NA,NA
2023,,2691-21705,SLB,,04/16/23,,2023,NB12,N,,,,,,Nestling,.,.,19.8,.,"JM, AS, MH, KA, KS, OS, JM",Y,.,.,.,19.0,01103FE4C0,,,,,,,,,,,NA,NA,NA,NA,NA,NA,NA,NA,NA,NA,NA,NA,NA
2023,,2691-21906,SLO,F,04/16/23,,2023,NB12,N,,,,,,Nestling,.,.,19.6,.,"JM, AS, MH, KA, KS, OS, JM",Y,.,.,.,18.4,01103FDC32,,,,,,,,,,,NA,NA,NA,NA,NA,NA,NA,NA,NA,NA,NA,NA,NA
2023,,2691-21907,SLW,M,04/16/23,,2023,NB12,N,,,,,,Nestling,.,.,20.5,.,"JM, AS, MH, KA, KS, OS, JM",Y,.,.,.,16.6,01103FE792,,,,,,,,,,,NA,NA,NA,NA,NA,NA,NA,NA,NA,NA,NA,NA,NA
2023,,2691-21908,STO,M,04/16/23,,2023,NB25,N,,,,,,Nestling,.,.,20.4,.,"JM, AS, MH, KA, KS, OS, JM",Y,.,.,.,18.6,01103FDFD3,,,,,,,,,,,NA,NA,NA,NA,NA,NA,NA,NA,NA,NA,NA,NA,NA
2023,,2691-21909,STR,M,04/16/23,,2023,NB25,N,,,,,,Nestling,.,.,20.1,.,"JM, AS, MH, KA, KS, OS, JM",Y,.,.,.,17.0,01103FE66F,,,,,,,Band combo repeat,,,,NA,NA,NA,NA,NA,NA,NA,NA,NA,NA,NA,NA,NA
2023,,2691-21910,STY,M,04/16/23,,2023,NB25,N,,,,,,Nestling,.,.,20.2,.,"JM, AS, MH, KA, KS, OS, JM",Y,.,.,.,16.8,01103FE5C5,,,,,,,,,,,NA,NA,NA,NA,NA,NA,NA,NA,NA,NA,NA,NA,NA
2023,,2691-21994,STL,M,04/16/23,,2023,NB25,N,,,,,,Nestling,.,.,19.7,.,"JM, AS, MH, KA, KS, OS, JM",Y,.,.,.,15.4,01103FE0E3,,,,,,,,,,,NA,NA,NA,NA,NA,NA,NA,NA,NA,NA,NA,NA,NA
2023,,2691-21911,SRW,F,04/17/23,,2023,NB53,N,,,,,,Nestling,.,.,19.6,.,"IC, OS, AS",Y,.,.,.,22.3,01103FD923,,,,,,,,,,,NA,NA,NA,NA,NA,NA,NA,NA,NA,NA,NA,NA,NA
2023,,2691-21912,SRL,F,04/17/23,,2023,NB53,N,,,,,,Nestling,.,.,20.3,.,"IC, OS, AS",Y,.,.,.,20.1,01103FE4B7,,,,,,,,,,,NA,NA,NA,NA,NA,NA,NA,NA,NA,NA,NA,NA,NA
2023,,2691-21913,SRY,M,04/17/23,,2023,NB53,N,,,,,,Nestling,.,.,20.7,.,"IC, OS, AS",Y,.,.,.,19.4,01103FE5DB,,,,,,,,,,,NA,NA,NA,NA,NA,NA,NA,NA,NA,NA,NA,NA,NA
2023,repeat color bands… NOTE HOW YOU FIXED THIS THIS ON THE PAPER DATA SHEET ,2691-21914,CBW,F,04/17/23,,2023,NB53,N,,,,,,Nestling,.,.,18.5,.,"IC, OS, AS",Y,.,.,.,17.4,3B001857FE,,,,,,,repeat band combo,,,,NA,NA,NA,NA,NA,NA,NA,NA,NA,NA,NA,NA,NA
2023,,2691-21915,COS,,04/17/23,,2023,NB42,N,,,,,,Nestling,.,.,21.3,.,"IC, OS, AS",Y,.,.,.,21.0,3B001861BC,,,,,,,repeat band combo,,,,NA,NA,NA,NA,NA,NA,NA,NA,NA,NA,NA,NA,NA
2023,,2691-21916,COL,M,04/17/23,,2023,NB42,N,,,,,,Nestling,.,.,20.6,.,"IC, OS, AS",Y,.,.,.,19.8,3B0018DAF4,,,,,,,repeat band combo,,,,NA,NA,NA,NA,NA,NA,NA,NA,NA,NA,NA,NA,NA
2023,,2691-21917,COR,,04/17/23,,2023,NB42,N,,,,,,Nestling,.,.,20.8,.,"IC, OS, AS",Y,.,.,.,24.2,3B00194218,,,,,,,repeat band combo,,,,NA,NA,NA,NA,NA,NA,NA,NA,NA,NA,NA,NA,NA
2023,,2691-21918,COO,F,04/17/23,,2023,NB42,N,,,,,,Nestling,.,.,19.7,.,"IC, OS, AS",Y,.,.,.,18.0,3B00193643,,,,,,,repeat band combo,,,,NA,NA,NA,NA,NA,NA,NA,NA,NA,NA,NA,NA,NA
2023,,2691-21919,COB,F,04/17/23,,2023,NB42,N,,,,,,Nestling,.,.,20.4,.,"IC, OS, AS",Y,.,.,.,23.9,3B0019382F,,,,,,,repeat band combo,,,,NA,NA,NA,NA,NA,NA,NA,NA,NA,NA,NA,NA,NA
2023,,2691-21920,CTY,,04/17/23,,2023,NB33,N,,,,,,Nestling,.,.,19.9,.,"IC, OS, AS",Y,.,.,.,18.8,3B00189F8E,,,,,,,repeat band combo,,,,NA,NA,NA,NA,NA,NA,NA,NA,NA,NA,NA,NA,NA
2023,,2691-21921,CTR,F,04/17/23,,2023,NB33,N,,,,,,Nestling,.,.,19.9,.,"IC, OS, AS",Y,.,.,.,21.9,3B0018BE0D,,,,,,,repeat band combo,,,,NA,NA,NA,NA,NA,NA,NA,NA,NA,NA,NA,NA,NA
2023,,2691-21922,CTB,,04/17/23,,2023,NB33,N,,,,,,Nestling,.,.,20.5,.,"IC, OS, AS",Y,.,.,.,22.5,3B00183BDC,,,,,,,repeat band combo,,,,NA,NA,NA,NA,NA,NA,NA,NA,NA,NA,NA,NA,NA
2023,,2691-21923,CTO,F,04/17/23,,2023,NB33,N,,,,,,Nestling,.,.,19.8,.,"IC, OS, AS",Y,.,.,.,23.4,3B0018DE9A,,,,,,,repeat band combo,,,,NA,NA,NA,NA,NA,NA,NA,NA,NA,NA,NA,NA,NA
2023,,2691-21924,WOO,,04/19/23,,2023,NB30,N,,,,,,Nestling,.,.,21.1,.,"MH,MS,KS",Y,.,.,.,18.7,3B0019240A,,,,,,,,,,,NA,NA,NA,NA,NA,NA,NA,NA,NA,NA,NA,NA,NA
2023,,2691-21925,WOB,M,04/19/23,,2023,NB30,N,,,,,,Nestling,.,.,20.3,.,"MH,MS,KS",Y,.,.,.,24.4,3B001948F5,,,,,,,,,,,NA,NA,NA,NA,NA,NA,NA,NA,NA,NA,NA,NA,NA
2023,,2691-21926,WOT,M,04/19/23,,2023,NB30,N,,,,,,Nestling,.,.,20.3,.,"MH,MS,KS",Y,.,.,.,24.4,3B0018C8EC,,,,,,,,,,,NA,NA,NA,NA,NA,NA,NA,NA,NA,NA,NA,NA,NA
2023,,2691-21927,WON,M,04/19/23,,2023,NB30,N,,,,,,Nestling,.,.,20.7,.,"MH,MS,KS",Y,.,.,.,23.9,3B0018CE68,,,,,,,,,,,NA,NA,NA,NA,NA,NA,NA,NA,NA,NA,NA,NA,NA
2023,,2691-21928,WTL,F,04/19/23,,2023,NB36,N,,,,,,Nestling,.,.,19.2,.,"MH,MS,KS",Y,.,.,.,22.4,3B0018650C,,,,,,,,,,,NA,NA,NA,NA,NA,NA,NA,NA,NA,NA,NA,NA,NA
2023,,2691-21929,WTB,M,04/19/23,,2023,NB36,N,,,,,,Nestling,.,.,18.3,.,"MH,MS,KS",Y,.,.,.,18.5,3B0018F204,,,,,,,,,,,NA,NA,NA,NA,NA,NA,NA,NA,NA,NA,NA,NA,NA
2023,,2691-21930,WTY,F,04/19/23,,2023,NB36,N,,,,,,Nestling,.,.,17.5,.,"MH,MS,KS",Y,.,.,.,14.6,3B001856F5,,,,,,Bad bleeder ,,,,,NA,NA,NA,NA,NA,NA,NA,NA,NA,NA,NA,NA,NA
2023,,2691-21932,WTR,M,04/19/23,,2023,NB36,N,,,,,,Nestling,.,.,18.5,.,"MH,MS,KS",Y,.,.,.,.,3B001822F3,,,,,,Mass was scratched out on data sheet,,,,,NA,NA,NA,NA,NA,NA,NA,NA,NA,NA,NA,NA,NA
2023,,2691-21931,WTN,M,04/19/23,,2023,NB36,N,,,,,,Nestling,.,.,19.5,.,"MH,MS,KS",Y,.,.,.,18.2,3B00185A61,,,,,,could not fit RFID band on leg so came back april 20th and placed band,,,,,NA,NA,NA,NA,NA,NA,NA,NA,NA,NA,NA,NA,NA
2023,,2691-21933,WNB,M,04/19/23,,2023,NB96,N,,,,,,Nestling,.,.,19.1,.,"MH,MS,KS",Y,.,.,.,18.8,3B00498412,,,,,,Parent unbanded 85%,,,,,NA,NA,NA,NA,NA,NA,NA,NA,NA,NA,NA,NA,NA
2023,,2691-21934,WNL,,04/19/23,,2023,NB96,N,,,,,,Nestling,.,.,20.2,.,"MH,MS,KS",Y,.,.,.,20.2,3B0018A3AD,,,,,,,,,,,NA,NA,NA,NA,NA,NA,NA,NA,NA,NA,NA,NA,NA
2023,,2691-21935,WNR,M,04/19/23,,2023,NB96,N,,,,,,Nestling,.,.,20.0,.,"MH,MS,KS",Y,.,.,.,19.9,3B001852BE,,,,,,,,,,,NA,NA,NA,NA,NA,NA,NA,NA,NA,NA,NA,NA,NA
2023,,2691-21936,WNY,M,04/19/23,,2023,NB96,N,,,,,,Nestling,.,.,20.1,.,"MH,MS,KS",Y,.,.,.,17.9,3B00190562,,,,,,,,,,,NA,NA,NA,NA,NA,NA,NA,NA,NA,NA,NA,NA,NA
2023,,2691-21937,WLO,M,04/20/23,,2023,NB49,N,,,,,,Nestling,.,.,20.0,.,"AS, MH, OS",Y,.,.,.,19.5,3B0018E8FD,,,,,,,,,,,NA,NA,NA,NA,NA,NA,NA,NA,NA,NA,NA,NA,NA
2023,,2691-21938,WLT,F,04/20/23,,2023,NB49,N,,,,,,Nestling,.,.,20.7,.,"AS, MH, OS",Y,.,.,.,18.4,3B0019467D,,,,,,"Flew out of box, recaptured ",,,,,NA,NA,NA,NA,NA,NA,NA,NA,NA,NA,NA,NA,NA
2023,,2691-21939,WLB,M,04/20/23,,2023,NB49,N,,,,,,Nestling,.,.,20.4,.,"AS, MH, OS",Y,.,.,.,19.5,3B001912B3,,,,,,* take new blood sample if recaptured,,,,,NA,NA,NA,NA,NA,NA,NA,NA,NA,NA,NA,NA,NA
2023,,2691-21940,WLR,M,04/20/23,,2023,NB49,N,,,,,,Nestling,.,.,21.4,.,"AS, MH, OS",Y,.,.,.,19.5,3B001860D0,,,,,,,,,,,NA,NA,NA,NA,NA,NA,NA,NA,NA,NA,NA,NA,NA
2023,,2691-21941,WLY,M,04/20/23,,2023,NB49,N,,,,,,Nestling,.,.,20.4,.,"AS, MH, OS",Y,.,.,.,17.9,3B0018E943,,,,,,,,,,,NA,NA,NA,NA,NA,NA,NA,NA,NA,NA,NA,NA,NA
2023,,2691-21942,WTO,,04/20/23,,2023,NB36,N,,,,,,Nestling,.,.,19.6,.,"AS, MH, OS",Y,.,.,.,19.3,3B004AA9A2,,,,,,,,,,,NA,NA,NA,NA,NA,NA,NA,NA,NA,NA,NA,NA,NA
2023,,2691-21943,WSB,M,04/20/23,,2023,NB7,N,,,,,,Nestling,.,.,19.8,.,"AS, MH, OS",Y,.,.,.,18.4,3B00182D13,,,,,,,,,,,NA,NA,NA,NA,NA,NA,NA,NA,NA,NA,NA,NA,NA
2023,,2691-21944,WSR,M,04/20/23,,2023,NB7,N,,,,,,Nestling,.,.,20.5,.,"AS, MH, OS",Y,.,.,.,18.5,3B00188EDA,,,,,,One parent bands GBW CBW[CBW was likely misheard as GBW],,,,,NA,NA,NA,NA,NA,NA,NA,NA,NA,NA,NA,NA,NA
2023,,2691-21945,WST,F,04/20/23,,2023,NB7,N,,,,,,Nestling,.,.,20.0,.,"AS, MH, OS",Y,.,.,.,17.1,3B001863CB,,,,,,,,,,,NA,NA,NA,NA,NA,NA,NA,NA,NA,NA,NA,NA,NA
2023,,2691-21946,WSO,M,04/20/23,,2023,NB7,N,,,,,,Nestling,.,.,21.0,.,"AS, MH, OS",Y,.,.,.,17.6,3B0018B1C1,,,,,,,,,,,NA,NA,NA,NA,NA,NA,NA,NA,NA,NA,NA,NA,NA
2023,,2691-21947,WSN,F,04/20/23,,2023,NB7,N,,,,,,Nestling,.,.,19.6,.,"AS, MH, OS",Y,.,.,.,17.0,3B00193ADD,,,,,,,,,,,NA,NA,NA,NA,NA,NA,NA,NA,NA,NA,NA,NA,NA
2023,,2691-21948,WSS,F,04/20/23,,2023,NB7,N,,,,,,Nestling,.,.,19.6,.,"AS, MH, OS",Y,.,.,.,16.1,3B00182E48,,,,,,,,,,,NA,NA,NA,NA,NA,NA,NA,NA,NA,NA,NA,NA,NA
2023,repeat color bands… NOTE HOW YOU FIXED THIS THIS ON THE PAPER DATA SHEET ,2691-21949,WYB,,04/20/23,,2023,NB6,N,,,,,,Nestling,.,.,18.9,.,"AS, MH, OS",Y,.,.,.,18.5,3B00181FCB,,,,,,,,,,,NA,NA,NA,NA,NA,NA,NA,NA,NA,NA,NA,NA,NA
2023,,2691-21950,WYR,M,04/20/23,,2023,NB2,N,,,,,,Nestling,.,.,19.8,.,"AS, MH, OS",Y,.,.,.,17.3,3B0049D990,,,,,,"Parent1: YYB 99%, Parent2: unbanded 99%",,,,,NA,NA,NA,NA,NA,NA,NA,NA,NA,NA,NA,NA,NA
2023,,2691-21951,WYO,M,04/20/23,,2023,NB2,N,,,,,,Nestling,.,.,20.0,.,"AS, MH, OS",Y,.,.,.,16.6,3B0018E38E,,,,,,,,,,,NA,NA,NA,NA,NA,NA,NA,NA,NA,NA,NA,NA,NA
2023,,2691-21952,WYT,,04/20/23,,2023,NB2,N,,,,,,Nestling,.,.,20.8,.,"AS, MH, OS",Y,.,.,.,17.2,3B0018C5A1,,,,,,,,,,,NA,NA,NA,NA,NA,NA,NA,NA,NA,NA,NA,NA,NA
2023,,2691-21953,WYS,M,04/20/23,,2023,NB2,N,,,,,,Nestling,.,.,20.4,.,"AS, MH, OS",Y,.,.,.,17.2,3B0019966B,,,,,,,,,,,NA,NA,NA,NA,NA,NA,NA,NA,NA,NA,NA,NA,NA
2023,,2691-21954,WYN,M,04/20/23,,2023,NB2,N,,,,,,Nestling,.,.,20.4,.,"AS, MH, OS",Y,.,.,.,17.3,3B001911BD,,,,,,,,,,,NA,NA,NA,NA,NA,NA,NA,NA,NA,NA,NA,NA,NA
2023,,2691-21955,WYW,,04/20/23,,2023,NB2,N,,,,,,Nestling,.,.,20.2,.,"AS, MH, OS",Y,.,.,.,17.4,3B0018F5D9,,,,,,,,,,,NA,NA,NA,NA,NA,NA,NA,NA,NA,NA,NA,NA,NA
2023,,2691-21956,WRW,,04/22/23,,2023,NB17,N,,,,,,Nestling,.,.,19.4,.,"MH, OS",Y,.,.,.,19.4,3B001890FC,,,,,,,,,,,NA,NA,NA,NA,NA,NA,NA,NA,NA,NA,NA,NA,NA
2023,,2691-21957,WRT,M,04/22/23,,2023,NB17,N,,,,,,Nestling,.,.,20.5,.,"MH, OS",Y,.,.,.,19.9,3B001820DB,,,,,,,,,,,NA,NA,NA,NA,NA,NA,NA,NA,NA,NA,NA,NA,NA
2023,,2691-21958,WRR,,04/22/23,,2023,NB17,N,,,,,,Nestling,.,.,20.2,.,"MH, OS",Y,.,.,.,19.5,3B0049A620,,,,,,,,,,,NA,NA,NA,NA,NA,NA,NA,NA,NA,NA,NA,NA,NA
2023,,2691-21959,WRL,F,04/22/23,,2023,NB17,N,,,,,,Nestling,.,.,19.1,.,"MH, OS",Y,.,.,.,17.3,3B00189FBA,,,,,,,,,,,NA,NA,NA,NA,NA,NA,NA,NA,NA,NA,NA,NA,NA
2023,,2691-21960,WRY,M,04/22/23,,2023,NB17,N,,,,,,Nestling,.,.,20.8,.,"MH, OS",Y,.,.,.,17.5,3B0018B76E,,,,,,,,,,,NA,NA,NA,NA,NA,NA,NA,NA,NA,NA,NA,NA,NA
2023,,2691-21961,WBW,F,04/22/23,,2023,NB34,N,,,,,,Nestling,.,.,20.4,.,"MH, OS",Y,.,.,.,18.7,3B001860AC,,,,,,,,,,,NA,NA,NA,NA,NA,NA,NA,NA,NA,NA,NA,NA,NA
2023,,2691-21962,WBR,M,04/22/23,,2023,NB34,N,,,,,,Nestling,.,.,21.3,.,"MH, OS",Y,.,.,.,19.8,3B00191997,,,,,,,,,,,NA,NA,NA,NA,NA,NA,NA,NA,NA,NA,NA,NA,NA
2023,,2691-21963,WBL,M,04/22/23,,2023,NB34,N,,,,,,Nestling,.,.,20.9,.,"MH, OS",Y,.,.,.,21.3,3B0018D984,,,,,,,,,,,NA,NA,NA,NA,NA,NA,NA,NA,NA,NA,NA,NA,NA
2023,,2691-21964,WBY,F,04/22/23,,2023,NB34,N,,,,,,Nestling,.,.,20.7,.,"MH, OS",Y,.,.,.,18.3,3B00186436,,,,,,,,,,,NA,NA,NA,NA,NA,NA,NA,NA,NA,NA,NA,NA,NA
2023,,2691-21965,WWW,F,04/22/23,,2023,NB50,N,,,,,,Nestling,.,.,20.2,.,"MH, OS",Y,.,.,.,18.2,3B00192FD0,,,,,,,,,,,NA,NA,NA,NA,NA,NA,NA,NA,NA,NA,NA,NA,NA
2023,,2691-21966,WWB,F,04/22/23,,2023,NB50,N,,,,,,Nestling,.,.,20.5,.,"MH, OS",Y,.,.,.,18.8,3B00192917,,,,,,,,6/24/24,FG,,NA,NA,NA,NA,NA,NA,NA,NA,NA,NA,NA,NA,NA
2023,,2691-21967,WWR,M,04/22/23,,2023,NB50,N,,,,,,Nestling,.,.,20.6,.,"MH, OS",Y,.,.,.,19.1,3B0018C033,,,,,,,,,,,NA,NA,NA,NA,NA,NA,NA,NA,NA,NA,NA,NA,NA
2023,,2691-21968,WWL,M,04/22/23,,2023,NB50,N,,,,,,Nestling,.,.,20.7,.,"MH, OS",Y,.,.,.,20.2,3B00186421,,,,,,,,,,,NA,NA,NA,NA,NA,NA,NA,NA,NA,NA,NA,NA,NA
2023,,2691-21969,WWN,F,04/22/23,,2023,NB50,N,,,,,,Nestling,.,.,20.8,.,"MH, OS",Y,.,.,.,18.8,3B0018BA31,,,,,,,,,,,NA,NA,NA,NA,NA,NA,NA,NA,NA,NA,NA,NA,NA
2023,,2691-21970,WGO,F,04/26/23,,2023,NB29,N,,,,,,Nestling,.,.,19.6,.,"MH, AS, JL",Y,.,.,.,14.7,3B00183021,,,,,,,,,,,NA,NA,NA,NA,NA,NA,NA,NA,NA,NA,NA,NA,NA
2023,,2691-21971,WGL,F,04/26/23,,2023,NB29,N,,,,,,Nestling,.,.,19.3,.,"MH, AS, JL",Y,.,.,.,15.6,3B0018D41B,,,,,,,,,,,NA,NA,NA,NA,NA,NA,NA,NA,NA,NA,NA,NA,NA
2023,,2691-21972,WGR,M,04/26/23,,2023,NB29,N,,,,,,Nestling,.,.,20.0,.,"MH, AS, JL",Y,.,.,.,14.8,3B00189A11,,,,,,,,,,,NA,NA,NA,NA,NA,NA,NA,NA,NA,NA,NA,NA,NA
2023,,2691-21973,WGY,F,04/26/23,,2023,NB29,N,,,,,,Nestling,.,.,18.4,.,"MH, AS, JL",Y,.,.,.,16.4,3B0018295B,,,,,,,,,,,NA,NA,NA,NA,NA,NA,NA,NA,NA,NA,NA,NA,NA
2023,,2691-21974,WGT,M,04/26/23,,2023,NB29,N,,,,,,Nestling,.,.,20.0,.,"MH, AS, JL",Y,.,.,.,17.3,3B00186DD3,,,,,,,,,,,NA,NA,NA,NA,NA,NA,NA,NA,NA,NA,NA,NA,NA
2023,,2691-21975,WWO,F,04/26/23,,2023,NB45,N,,,,,,Nestling,.,.,19.0,.,"MH, AS, JL",Y,.,.,.,16.7,3B00188F2C,,,,,,,,,,,NA,NA,NA,NA,NA,NA,NA,NA,NA,NA,NA,NA,NA
2023,,2691-21976,WWG,F,04/26/23,,2023,NB45,N,,,,,,Nestling,.,.,18.0,.,"MH, AS, JL",Y,.,.,.,17.4,3B00181EEE,,,,,,,,,,,NA,NA,NA,NA,NA,NA,NA,NA,NA,NA,NA,NA,NA
2023,,2691-21977,WWT,M,04/26/23,,2023,NB45,N,,,,,,Nestling,.,.,20.3,.,"MH, AS, JL",Y,.,.,.,16.6,3B004BD817,,,,,,,,,,,NA,NA,NA,NA,NA,NA,NA,NA,NA,NA,NA,NA,NA
2023,,2691-21978,WWY,F,04/26/23,,2023,NB45,N,,,,,,Nestling,.,.,19.0,.,"MH, OS",Y,.,.,.,17.4,3B00496A42,,,,,,,,,,,NA,NA,NA,NA,NA,NA,NA,NA,NA,NA,NA,NA,NA
2023,,2691-21979,GLR,F,04/30/23,,2023,NB22,N,,,,,,Nestling,.,.,19.0,.,"MH, AS, OS, IC, JM",Y,.,.,.,14.2,3B0018C392,,,,,,,,,,,NA,NA,NA,NA,NA,NA,NA,NA,NA,NA,NA,NA,NA
2023,,2691-21980,GLT,F,04/30/23,,2023,NB22,N,,,,,,Nestling,.,.,19.8,.,"MH, AS, OS, IC, JM",Y,.,.,.,15.0,3B0018BA6B,,,,,,,,,,,NA,NA,NA,NA,NA,NA,NA,NA,NA,NA,NA,NA,NA
2023,,2691-21981,GLY,F,04/30/23,,2023,NB22,N,,,,,,Nestling,.,.,19.0,.,"MH, AS, OS, IC, JM",Y,.,.,.,14.9,3B0018B16B,,,,,,,,,,,NA,NA,NA,NA,NA,NA,NA,NA,NA,NA,NA,NA,NA
2023,,2691-21982,GLO,M,04/30/23,,2023,NB22,N,,,,,,Nestling,.,.,19.5,.,"MH, AS, OS, IC, JM",Y,.,.,.,15.3,3B0018EB76,,,,,,,,,,,NA,NA,NA,NA,NA,NA,NA,NA,NA,NA,NA,NA,NA
2023,,2691-21983,GLN,M,04/30/23,,2023,NB22,N,,,,,,Nestling,.,.,18.8,.,"MH, AS, OS, IC, JM",Y,.,.,.,15.2,3B0018DE24,,,,,,Returned on may 6th to process b/c this one was super young,,,,,NA,NA,NA,NA,NA,NA,NA,NA,NA,NA,NA,NA,NA
2023,repeat color bands… NOTE HOW YOU FIXED THIS THIS ON THE PAPER DATA SHEET ,2691-21984,GTN,F,04/30/23,,2023,NB4 ,N,,,,,,Nestling,.,.,19.3,.,"MH, AS, OS, IC, JM",Y,.,.,.,19.3,3B001831F7,,,,,,,,,,,NA,NA,NA,NA,NA,NA,NA,NA,NA,NA,NA,NA,NA
2023,,2691-21985,GTY,M,04/30/23,,2023,NB4,N,,,,,,Nestling,.,.,20.2,.,"MH, AS, OS, IC, JM",Y,.,.,.,19.3,3B00193C2B,,,,,,,More measurements below for adult recapture,7/4/23,FE,,NA,NA,NA,NA,NA,NA,NA,NA,NA,NA,NA,NA,NA
2023,,2691-21986,GTB,M,04/30/23,,2023,NB4,N,,,,,,Nestling,.,.,18.8,.,"MH, AS, OS, IC, JM",Y,.,.,.,18.9,3B00191A89,,,,,,Unbanded parent ,,,,,NA,NA,NA,NA,NA,NA,NA,NA,NA,NA,NA,NA,NA
2023,,2691-21987,GYO,F,04/30/23,,2023,NB58,N,,,,,,Nestling,.,.,19.3,.,"MH, AS, OS, IC, JM",Y,.,.,.,15.7,3B0018C9EC,,,,,,,,,,,NA,NA,NA,NA,NA,NA,NA,NA,NA,NA,NA,NA,NA
2023,,2691-21988,GYL,M,04/30/23,,2023,NB58,N,,,,,,Nestling,.,.,20.6,.,"MH, AS, OS, IC, JM",Y,.,.,.,17.6,3B001878CD,,,,,,,,,,,NA,NA,NA,NA,NA,NA,NA,NA,NA,NA,NA,NA,NA
2023,repeat color bands… NOTE HOW YOU FIXED THIS THIS ON THE PAPER DATA SHEET ,2691-21989,GYW,F,04/30/23,,2023,NB58,N,,,,,,Nestling,.,.,19.4,.,"MH, AS, OS, IC, JM",Y,.,.,.,15.5,3B0018D862,,,,,,,repeat band combo,,,,NA,NA,NA,NA,NA,NA,NA,NA,NA,NA,NA,NA,NA
2023,,2691-21990,GYS,M,04/30/23,,2023,NB58,N,,,,,,Nestling,.,.,19.2,.,"MH, AS, OS, IC, JM",Y,.,.,.,17.0,3B00185F48,,,,,,"blood vial has the wrong number on the side 21991 but the correct nuber on top, 21991 is accounted for in a different vial in the same rack",,,,,NA,NA,NA,NA,NA,NA,NA,NA,NA,NA,NA,NA,NA
2023,,2691-21991,GYT,M,04/30/23,,2023,NB58,N,,,,,,Nestling,.,.,19.6,.,"MH, AS, OS, IC, JM",Y,.,.,.,18.2,3B001838A6,,,,,,,,,,,NA,NA,NA,NA,NA,NA,NA,NA,NA,NA,NA,NA,NA
2023,,2691-21992,GYB,M,04/30/23,,2023,NB58,N,,,,,,Nestling,.,.,20.3,.,"MH, AS, OS, IC, JM",Y,.,.,.,16.2,3B0018E2F7,,,,,,,,,,,NA,NA,NA,NA,NA,NA,NA,NA,NA,NA,NA,NA,NA
2023,,2691-21999,GRW,F,05/03/23,,2023,NB93,N,,,,,,Nestling,.,.,20.0,.,"AS, MS, MH",Y,.,.,.,16.8,3B00193CC4,,,,,,,,,,,NA,NA,NA,NA,NA,NA,NA,NA,NA,NA,NA,NA,NA
2023,,2691-22000,GRO,M,05/03/23,,2023,NB93,N,,,,,,Nestling,.,.,20.0,.,"AS, MS, MH",Y,.,.,.,19.0,3B001817BB,,,,,,,,,,,NA,NA,NA,NA,NA,NA,NA,NA,NA,NA,NA,NA,NA
2023,,3011-89201,GRY,F,05/03/23,,2023,NB93,N,,,,,,Nestling,.,.,20.9,.,"AS, MS, MH",Y,.,.,.,17.5,3B00199443,,,,,,seen at Don Bergquist's property ~9/15/23; 29.6794251927621 -98.3322636053931,,,,,NA,NA,NA,NA,NA,NA,NA,NA,NA,NA,NA,NA,NA
2023,,3011-89202,GRL,M,05/03/23,,2023,NB93,N,,,,,,Nestling,.,.,20.6,.,"AS, MS, MH",Y,.,.,.,19.1,3B00183EA6,,,,,,,,,,,NA,NA,NA,NA,NA,NA,NA,NA,NA,NA,NA,NA,NA
2023,,3011-89203,GRT,M,05/03/23,,2023,NB93,N,,,,,,Nestling,.,.,20.9,.,"AS, MS, MH",Y,.,.,.,18.1,3B0048A6D2,,,,,,Unbanded parent,,,,,NA,NA,NA,NA,NA,NA,NA,NA,NA,NA,NA,NA,NA
2023,,3011-89204,GST,F,05/03/23,,2023,NB56,N,,,,,,Nestling,.,.,19.7,.,"AS, MS, MH",Y,.,.,.,16.7,3B0018794E,,,,,,,,,,,NA,NA,NA,NA,NA,NA,NA,NA,NA,NA,NA,NA,NA
2023,,3011-89205,GSY,M,05/03/23,,2023,NB56,N,,,,,,Nestling,.,.,19.8,.,"AS, MS, MH",Y,.,.,.,16.8,3B0018E58D,,,,,,,,,,,NA,NA,NA,NA,NA,NA,NA,NA,NA,NA,NA,NA,NA
2023,,3011-89206,GSR,M,05/03/23,,2023,NB56,N,,,,,,Nestling,.,.,18.5,.,"AS, MS, MH",Y,.,.,.,16.0,3B001883E0,,,,,,,,,,,NA,NA,NA,NA,NA,NA,NA,NA,NA,NA,NA,NA,NA
2023,,3011-89207,GSL,F,05/03/23,,2023,NB56,N,,,,,,Nestling,.,.,18.0,.,"AS, MS, MH",Y,.,.,.,15.3,3B004A61FA,,,,,,,,,,,NA,NA,NA,NA,NA,NA,NA,NA,NA,NA,NA,NA,NA
2023,,3011-89208,GSO,M,05/03/23,,2023,NB56,N,,,,,,Nestling,.,.,19.5,.,"AS, MS, MH",Y,.,.,.,16.4,01103F8AED,,,,,,,,,,,NA,NA,NA,NA,NA,NA,NA,NA,NA,NA,NA,NA,NA
2023,,3011-89209,GSW,M,05/03/23,,2023,NB56,N,,,,,,Nestling,.,.,20.1,.,"AS, MS, MH",Y,.,.,.,16.7,01103FBBEF,,,,,,,,,,,NA,NA,NA,NA,NA,NA,NA,NA,NA,NA,NA,NA,NA
2023,,2691-21993,GNW,F,05/03/23,,2023,NB62,N,,,,,,Nestling,.,.,19.3,.,"AS, MS, MH",Y,.,.,.,17.6,3B00191A07,,,,,,,,,,,NA,NA,NA,NA,NA,NA,NA,NA,NA,NA,NA,NA,NA
2023,,2691-21995,GNT,M,05/03/23,,2023,NB62,N,,,,,,Nestling,1,1,20.0,76.5,"AS, MS, MH",Y,.,.,.,19.6,3B001883C6,,,,,,"Wing, crest color, and bill color were taken 7/4/23, not as a nestling.",,"7/4/2023, 4/6/25","FO, FQ",,NA,NA,NA,NA,NA,NA,NA,NA,NA,NA,NA,NA,NA
2023,,2691-21996,GNB,M,05/03/23,,2023,NB62,N,,,,,,Nestling,.,.,20.3,.,"AS, MS, MH",Y,.,.,.,21.0,3B0018D956,,,,,,,,,,,NA,NA,NA,NA,NA,NA,NA,NA,NA,NA,NA,NA,NA
2023,,2691-21997,GNY,F,05/03/23,,2023,NB62,N,,,,,,Nestling,.,.,20.5,.,"AS, MS, MH",Y,.,.,.,18.3,3B0018A249,,,,,,,,,,,NA,NA,NA,NA,NA,NA,NA,NA,NA,NA,NA,NA,NA
2023,,2691-21998,GNS,M,05/03/23,,2023,NB62,N,,,,,,Nestling,.,.,20.5,.,"AS, MS, MH",Y,.,.,.,19.4,3B0018F6E6,,,,,,Unbanded parent,,6/30/2023,FO,,NA,NA,NA,NA,NA,NA,NA,NA,NA,NA,NA,NA,NA
2023,,3011-89258,GBY,M,05/06/23,,2023,NB66,N,,,,,,Nestling,.,.,18.9,.,"AS, MS, MH",Y,.,.,.,16.8,3B0018903E,,,,,,,,,,,NA,NA,NA,NA,NA,NA,NA,NA,NA,NA,NA,NA,NA
2023,,3011-89210,GBS,F,05/06/23,,2023,NB66,N,,,,,,Nestling,.,.,17.5,.,"AS, MH, IC, KS",Y,.,.,.,13.9,3B00187EF2,,,,,,,,,,,NA,NA,NA,NA,NA,NA,NA,NA,NA,NA,NA,NA,NA
2023,,3011-89211,GBR,M,05/06/23,,2023,NB66,N,,,,,,Nestling,.,.,20.4,.,"AS, MH, IC, KS",Y,.,.,.,17.5,3B00184758,,,,,,Bendy legs?,,,,,NA,NA,NA,NA,NA,NA,NA,NA,NA,NA,NA,NA,NA
2023,,3011-89212,GBL,,05/06/23,,2023,NB66,N,,,,,,Nestling,.,.,18.5,.,"AS, MH, IC, KS",Y,.,.,.,14.7,3B001834FC,,,,,,Bendy legs?,,,,,NA,NA,NA,NA,NA,NA,NA,NA,NA,NA,NA,NA,NA
2023,,3011-89213,GBW,M,05/06/23,,2023,NB66,N,,,,,,Nestling,.,.,18.7,.,"AS, MH, IC, KS",Y,.,.,.,17.6,3B00193CB8,,,,,,Bendy legs?,,,,,NA,NA,NA,NA,NA,NA,NA,NA,NA,NA,NA,NA,NA
2023,,3011-89214,GBN,F,05/06/23,,2023,NB66,N,,,,,,Nestling,.,.,17.3,.,"AS, MH, IC, KS",Y,.,.,.,15.6,3B004B3DA1,,,,,,TARSUS LEFT MEASUREMENT ,,,,,NA,NA,NA,NA,NA,NA,NA,NA,NA,NA,NA,NA,NA
2023,,3011-89215,GOG,M,05/06/23,,2023,NB81,N,,,,,,Nestling,.,.,20.8,.,"AS, MH, IC, KS",Y,.,.,.,18.7,3B0018ACFF,,,,,,,,,,,NA,NA,NA,NA,NA,NA,NA,NA,NA,NA,NA,NA,NA
2023,,3011-89216,GOB,F,05/06/23,,2023,NB81,N,,,,,,Nestling,.,.,20.2,.,"AS, MH, IC, KS",Y,.,.,.,17.4,3B00193E49,,,,,,* take new blood sample if recaptured,,,,,NA,NA,NA,NA,NA,NA,NA,NA,NA,NA,NA,NA,NA
2023,,3011-89217,GOY,F,05/06/23,,2023,NB81,N,,,,,,Nestling,.,.,20.7,.,"AS, MH, IC, KS",Y,.,.,.,18.3,3B0018F987,,,,,,Adult info below (along with recaptures - 7/10/23),,"7/18/2023, 7/19/2023, 9/24/2023"," FD, FC,FD",,NA,NA,NA,NA,NA,NA,NA,NA,NA,NA,NA,NA,NA
2023,,3011-89218,GOW,F,05/06/23,,2023,NB81,N,,,,,,Nestling,.,.,19.0,.,"AS, MH, IC, KS",Y,.,.,.,17.9,3B00188600,,,,,,,,,,,NA,NA,NA,NA,NA,NA,NA,NA,NA,NA,NA,NA,NA
2023,repeat color bands… NOTE HOW YOU FIXED THIS THIS ON THE PAPER DATA SHEET ,3011-89219,GON,M,05/06/23,,2023,NB81,N,,,,,,Nestling,.,.,21.2,.,"AS, MH, IC, KS",Y,.,.,.,18.3,3B00490725,,,,,,,,,,,NA,NA,NA,NA,NA,NA,NA,NA,NA,NA,NA,NA,NA
2023,,3011-89220,GGO,F,05/06/23,,2023,NB46,N,,,,,,Nestling,.,.,20.0,.,"AS, MH, IC, KS",Y,.,.,.,16.5,3B00186755,,,,,,,,,,,NA,NA,NA,NA,NA,NA,NA,NA,NA,NA,NA,NA,NA
2023,repeat color bands… NOTE HOW YOU FIXED THIS THIS ON THE PAPER DATA SHEET ,3011-89221,GGR,M,05/06/23,,2023,NB46,N,,,,,,Nestling,.,.,21.0,.,"AS, MH, IC, KS",Y,.,.,.,18.6,3B00191AD5,,,,,,,,,,,NA,NA,NA,NA,NA,NA,NA,NA,NA,NA,NA,NA,NA
2023,,3011-89222,GGT,M,05/06/23,,2023,NB46,N,,,,,,Nestling,.,.,20.5,.,"AS, MH, IC, KS",Y,.,.,.,18.4,3B00186EF4,,,,,,Unbanded parent 99%,,,,,NA,NA,NA,NA,NA,NA,NA,NA,NA,NA,NA,NA,NA
2023,,3011-89223,GGW,F,05/06/23,,2023,NB46,N,,,,,,Nestling,.,.,20.0,.,"AS, MH, IC, KS",Y,.,.,.,18.4,3B00495B59,,,,,,,,,,,NA,NA,NA,NA,NA,NA,NA,NA,NA,NA,NA,NA,NA
2023,,3011-89224,GGY,M,05/06/23,,2023,NB46,N,,,,,,Nestling,.,.,19.2,.,"AS, MH, IC, KS",Y,.,.,.,17.8,3B00185928,,,,,,,,,,,NA,NA,NA,NA,NA,NA,NA,NA,NA,NA,NA,NA,NA
2023,,3011-89225,GGL,,05/06/23,,2023,NB46,N,,,,,,Nestling,.,.,20.1,.,"OS, JM, MH",Y,.,.,.,18.1,3B001947D6,,,,,,,,,,,NA,NA,NA,NA,NA,NA,NA,NA,NA,NA,NA,NA,NA
2023,,3011-89299,GWL,M,05/10/23,,2023,NB20,N,,,,,,Nestling,.,.,19.2,.,"OS, JM, MH",Y,.,.,.,17.5,3B00488E0B,,,,,,,,,,,NA,NA,NA,NA,NA,NA,NA,NA,NA,NA,NA,NA,NA
2023,,3011-89298,GWY,F,05/10/23,,2023,NB20,N,,,,,,Nestling,.,.,19.1,.,"OS, JM, MH",Y,.,.,.,14.7,3B001845BA,,,,,,,,,,,NA,NA,NA,NA,NA,NA,NA,NA,NA,NA,NA,NA,NA
2023,,3011-89226,GWB,M,05/10/23,,2023,NB20,N,,,,,,Nestling,.,.,19.7,.,"OS, JM, MH",Y,.,.,.,16.8,3B0048991B,,,,,,,,,,,NA,NA,NA,NA,NA,NA,NA,NA,NA,NA,NA,NA,NA
2023,,3011-89227,GWR,M,05/10/23,,2023,NB20,N,,,,,,Nestling,.,.,18.9,.,"OS, JM, MH",Y,.,.,.,16.2,3B00192C8D,,,,,,,,,,,NA,NA,NA,NA,NA,NA,NA,NA,NA,NA,NA,NA,NA
2023,,3011-89228,GYR,M,05/10/23,,2023,NB54,N,,,,,,Nestling,.,.,20.2,.,"OS, JM, MH",Y,.,.,.,16.8,3B001904D6,,,,,,,,,,,NA,NA,NA,NA,NA,NA,NA,NA,NA,NA,NA,NA,NA
2023,,3011-89229,GYN,F,05/10/23,,2023,NB54,N,,,,,,Nestling,.,.,19.4,.,"OS, JM, MH",Y,.,.,.,16.0,3B0018B384,,,,,,,,,,,NA,NA,NA,NA,NA,NA,NA,NA,NA,NA,NA,NA,NA
2023,,3011-89230,GYY,F,05/10/23,,2023,NB54,N,,,,,,Nestling,.,.,18.5,.,"OS, JM, MH",Y,.,.,.,15.8,3B001915B4,,,,,,,,,,,NA,NA,NA,NA,NA,NA,NA,NA,NA,NA,NA,NA,NA
2023,repeat color bands… NOTE HOW YOU FIXED THIS THIS ON THE PAPER DATA SHEET ,3011-89231,GYW,F,05/10/23,,2023,NB54,N,,,,,,Nestling,.,.,19.5,.,"OS, JM, MH",Y,.,.,.,15.6,3B0019149C,,,,,,,repeat band combo,,,,NA,NA,NA,NA,NA,NA,NA,NA,NA,NA,NA,NA,NA
2023,,3011-89232,GYG,F,05/10/23,,2023,NB54,N,,,,,,Nestling,.,.,18.4,.,"OS, JM, MH",Y,.,.,.,16.6,3B00193B1D,,,,,,,,,,,NA,NA,NA,NA,NA,NA,NA,NA,NA,NA,NA,NA,NA
2023,,3011-89233,GOR (was GYO),M,05/10/23,,2023,NB11,N,,,,,,Nestling,.,.,19.9,.,"OS, JM, MH",Y,.,.,.,16.3,3B00188DDA,,,,,,Adult measurements below (7/10/23) Also where the recaptures will go.,repeat band combo,,,,NA,NA,NA,NA,NA,NA,NA,NA,NA,NA,NA,NA,NA
2023,,3011-89234,WWS,M,05/17/23,,2023,NB75,N,,,,,,Nestling,.,.,19.8,.,"OS, JM, MH",Y,.,.,.,16.8,3B001855D0,,,,,,,repeat band combo,,,,NA,NA,NA,NA,NA,NA,NA,NA,NA,NA,NA,NA,NA
2023,,3011-89235,WGW,F,05/17/23,,2023,NB75,N,,,,,,Nestling,.,.,18.7,.,"OS, JM, MH",Y,.,.,.,15.2,3B0018AF18,,,,,,,,,,,NA,NA,NA,NA,NA,NA,NA,NA,NA,NA,NA,NA,NA
2023,,3011-89236,WGG,F,05/17/23,,2023,NB75,N,,,,,,Nestling,.,.,19.0,.,"OS, JM, MH",Y,.,.,.,15.7,3B00192B0C,,,,,,,,,,,NA,NA,NA,NA,NA,NA,NA,NA,NA,NA,NA,NA,NA
2023,,3011-89237,WGB,,05/17/23,,2023,NB75,N,,,,,,Nestling,.,.,19.3,.,"OS, JM, MH",Y,.,.,.,16.4,3B0019CFBD,,,,,,,,,,,NA,NA,NA,NA,NA,NA,NA,NA,NA,NA,NA,NA,NA
2023,,3011-89238,WGS,,05/17/23,,2023,NB75,N,,,,,,Nestling,.,.,19.8,.,"OS, JM, MH",Y,.,.,.,15.9,3B00187C9C,,,,,,,,,,,NA,NA,NA,NA,NA,NA,NA,NA,NA,NA,NA,NA,NA
2023,,3011-89239,WGN,F,05/17/23,,2023,NB82,N,,,,,,Nestling,.,.,20.3,.,"OS, JM, MH",Y,.,.,.,17.3,3B0018214D,,,,,,BOTH PARENTS UNBANDED 99%,,,,,NA,NA,NA,NA,NA,NA,NA,NA,NA,NA,NA,NA,NA
2023,,3011-89240,WLW,M,05/17/23,,2023,NB82,N,,,,,,Nestling,.,.,20.9,.,"OS, JM, MH",Y,.,.,.,19.0,3B00182655,,,,,,,,,,,NA,NA,NA,NA,NA,NA,NA,NA,NA,NA,NA,NA,NA
2023,,3011-89241,WLG,M,05/17/23,,2023,NB82,N,,,,,,Nestling,.,.,19.8,.,"OS, JM, MH",Y,.,.,.,16.3,3B001921CA,,,,,,,,,,,NA,NA,NA,NA,NA,NA,NA,NA,NA,NA,NA,NA,NA
2023,,3011-89242,WLL,M,05/17/23,,2023,NB82,N,,,,,,Nestling,.,.,21.0,.,"OS, JM, MH",Y,.,.,.,18.0,3B0018FECD,,,,,,,,,,,NA,NA,NA,NA,NA,NA,NA,NA,NA,NA,NA,NA,NA
2023,,3011-89243,WLS,M,05/17/23,,2023,NB82,N,,,,,,Nestling,.,.,20.4,.,"OS, JM, MH",Y,.,.,.,18.9,3B00193E3A,,,,,,,,,,,NA,NA,NA,NA,NA,NA,NA,NA,NA,NA,NA,NA,NA
2023,,3011-89244,WLN,F,05/17/23,,2023,NB82,N,,,,,,Nestling,.,.,19.3,.,"OS, JM, MH",Y,.,.,.,18.7,3B0018D90E,,,,,,,,,,,NA,NA,NA,NA,NA,NA,NA,NA,NA,NA,NA,NA,NA
2023,,3011-89245,WYG,,05/17/23,,2023,NB84,N,,,,,,Nestling,.,.,19.9,.,"OS, JM, MH",Y,.,.,.,18.2,3B001916A8,,,,,,One nestling flew away before being processed. ,,,,,NA,NA,NA,NA,NA,NA,NA,NA,NA,NA,NA,NA,NA
2023,,3011-89246,WYL,,05/17/23,,2023,NB84,N,,,,,,Nestling,.,.,20.2,.,"OS, JM, MH",Y,.,.,.,17.2,3B001861F6,,,,,, parent GBO 99% and parent unbanded 99%,,,,,NA,NA,NA,NA,NA,NA,NA,NA,NA,NA,NA,NA,NA
2023,,3011-89247,WYY,,05/17/23,,2023,NB84,N,,,,,,Nestling,.,.,19.6,.,"OS, JM, MH",Y,.,.,.,18.0,3B0018FDAA,,,,,,,,,,,NA,NA,NA,NA,NA,NA,NA,NA,NA,NA,NA,NA,NA
2023,repeat color bands… NOTE HOW YOU FIXED THIS THIS ON THE PAPER DATA SHEET ,3011-89248,WYB,,05/17/23,,2023,NB84,N,,,,,,Nestling,.,.,19.4,.,"OS, JM, MH",Y,.,.,.,16.8,3B0018F222,,,,,,Repeat band combo,,,,,NA,NA,NA,NA,NA,NA,NA,NA,NA,NA,NA,NA,NA
2023,,3011-89249,WOW,M,05/17/23,,2023,NB84,N,,,,,,Nestling,.,.,20.7,.,"OS, JM, MH",Y,.,.,.,17.2,3B00184E5A,,,,,,,,,,,NA,NA,NA,NA,NA,NA,NA,NA,NA,NA,NA,NA,NA
2023,,3011-89250,GTO,F,05/19/23,,2023,NB67,N,,,,,,Nestling,.,.,19.0,.,"JM, OS, MH, IC, AS",Y,.,.,.,17.4,3B004AE115,,,,,,,,,,,NA,NA,NA,NA,NA,NA,NA,NA,NA,NA,NA,NA,NA
2023,repeat color bands… NOTE HOW YOU FIXED THIS THIS ON THE PAPER DATA SHEET ,3011-89251,GTS,F,05/19/23,,2023,NB67,N,,,,,,Nestling,.,.,18.9,.,"JM, OS, MH, IC, AS",Y,.,.,.,17.1,3B0018AA97,,,,,,,,,,,NA,NA,NA,NA,NA,NA,NA,NA,NA,NA,NA,NA,NA
2023,repeat color bands… NOTE HOW YOU FIXED THIS THIS ON THE PAPER DATA SHEET ,3011-89252,GTN,M,05/19/23,,2023,NB67,N,,,,,,Nestling,.,.,19.8,.,"JM, OS, MH, IC, AS",Y,.,.,.,19.5,3B0018ADA2,,,,,,,,,,,NA,NA,NA,NA,NA,NA,NA,NA,NA,NA,NA,NA,NA
2023,repeat color bands… NOTE HOW YOU FIXED THIS THIS ON THE PAPER DATA SHEET ,3011-89253,GTS,F,05/19/23,,2023,NB67,N,,,,,,Nestling,.,.,20.0,.,"JM, OS, MH, IC, AS",Y,.,.,.,17.5,3B0018B5A1,,,,,,blood mislabeled as 3011-89523,repeat band combo,,,,NA,NA,NA,NA,NA,NA,NA,NA,NA,NA,NA,NA,NA
2023,repeat color bands… NOTE HOW YOU FIXED THIS THIS ON THE PAPER DATA SHEET ,3011-89254,GGR,M,05/19/23,,2023,NB13,N,,,,,,Nestling,.,.,19.5,.,"JM, OS, MH, IC, AS",Y,.,.,.,17.2,3B00190571,,,,,,Unbanded parent 1: 99% Unbanded parent 2: 70%,repeat band combo,,,,NA,NA,NA,NA,NA,NA,NA,NA,NA,NA,NA,NA,NA
2023,,3011-89255,WOY,F,05/19/23,,2023,NB13,N,,,,,,Nestling,.,.,19.8,.,"JM, OS, MH, IC, AS",Y,.,.,.,16.9,3B00198850,,,,,,,,,,,NA,NA,NA,NA,NA,NA,NA,NA,NA,NA,NA,NA,NA
2023,,3011-89256,WOR,M,05/19/23,,2023,NB13,N,,,,,,Nestling,.,.,21.2,.,"JM, OS, MH, IC, AS",Y,.,.,.,18.5,3B0018B2F9,,,,,,,,,,,NA,NA,NA,NA,NA,NA,NA,NA,NA,NA,NA,NA,NA
2023,,3011-89257,GLS,M,05/19/23,,2023,NB13,N,,,,,,Nestling,.,.,19.7,.,"JM, OS, MH, IC, AS",Y,.,.,.,18.4,3B00192D13,,,,,,"Blood Box was not checked, confident we bled the bird",,10/27/24,FK,,NA,NA,NA,NA,NA,NA,NA,NA,NA,NA,NA,NA,NA
2023,,3011-89259,GNR,M,05/19/23,,2023,NB13,N,,,,,,Nestling,.,.,20.5,.,"JM, OS, MH, IC, AS",Y,.,.,.,17.8,3B00190C0A,,,,,,,,,,,NA,NA,NA,NA,NA,NA,NA,NA,NA,NA,NA,NA,NA
2023,,3011-89260,GNL,,05/22/23,,2023,F7 (GG),N,,,,,,AHY,2,3,20.7,75.3,"JM, OS, TM, IC, AS",Y,.,.,.,18.3,3B004A054A,,,,,,,,,,,NA,NA,NA,NA,NA,NA,NA,NA,NA,NA,NA,NA,NA
2023,repeat color bands… NOTE HOW YOU FIXED THIS THIS ON THE PAPER DATA SHEET ,3011-89261,GON,,05/22/23,,2023,F6 (GY),N,,,,,,SY,2,2,20.3,73.7,"JM, OS, TM, IC, AS",Y,.,.,.,18.0,3B00184F4B,,,,,,(for 1st recapture) did not technically get band number but it seemed old,"repeat band combo; foot very swollen, RFID and gov band too tight","06/30/2023?, 7/6/23, 6/24/24","FK?, FI, FI",,NA,NA,NA,NA,NA,NA,NA,NA,NA,NA,NA,NA,NA
2023,,3011-89262,GBB,F,05/25/23,,2023,NB30,N,,,,,,AHY,2,1,19.7,67.0,"JM, IC, AS, OS, MH",Y,.,.,.,17.6,3B0018FCDC,,,,,,,,,,,NA,NA,NA,NA,NA,NA,NA,NA,NA,NA,NA,NA,NA
2023,NEED BLOOD,3011-89263,GBG,,05/25/23,,2023,NB96,N,,,,,,AHY,3,3,.,.,"JM, IC, AS, OS, MH",.,.,.,.,.,3B00188C2C,,,,,,Flew away - very angy and loud,,,,,NA,NA,NA,NA,NA,NA,NA,NA,NA,NA,NA,NA,NA
2023,,3011-89264,GBT,M,05/25/23,,2023,NB42,N,,,,,,AHY,3,3,21.5,75.0,"JM, IC, AS, OS, MH",Y,.,.,.,17.7,3B0019457C,,,,,,,,,,,NA,NA,NA,NA,NA,NA,NA,NA,NA,NA,NA,NA,NA
2023,,3011-89265,GBO,F,05/25/23,,2023,NB71,N,,,,,,AHY,2,2,19.5,74.0,"JM, IC, AS, OS, MH",Y,.,.,.,17.9,3B00184FDE,,,,,,,,,,,NA,NA,NA,NA,NA,NA,NA,NA,NA,NA,NA,NA,NA
2023,,3011-89266,GRR,M,05/26/23,,2023,F6 (GY),N,,,,,,HY,1,1,19.8,76.0,"OS, UE, MH",Y,.,.,.,19.7,3B0018D570,,,,,,"Very young, possibly a fledgling",,,,,NA,NA,NA,NA,NA,NA,NA,NA,NA,NA,NA,NA,NA
2023,,3011-89267,GRB,M,05/26/23,,2023,NB50,N,,,,,,AHY,3,2,21.5,80.0,"OS, UE, MH",Y,.,.,.,19.5,3B0019E23C,,,,,,,,,,,NA,NA,NA,NA,NA,NA,NA,NA,NA,NA,NA,NA,NA
2023,,2691-21861,CBS,M,05/26/23,,2023,F6 (GY),P,,,,,,ASY,3,3,22.5,73.0,"OS, UE, MH",Y,.,.,.,17.4,3B00188DE0,,,,,,7/6: fighting with PWL in trap,weight and blood taken 7/6/23. Blood was also taken 7/3/23. DO NOT NEED MORE BLOOD,"(logged in the first CBS row above), (search gov't ID w/o hyphon)",,,NA,NA,NA,NA,NA,NA,NA,NA,NA,NA,NA,NA,NA
2023,,2711-56888,GDW (was GYW),M,05/26/23,,2023,F7 (GG),N,,,,,,AHY,.,.,.,.,"OS, UE, MH",.,.,.,.,.,.,,,,,,"Repeat band combo, changed from GYW to GDW 05/29/25",,,,,NA,NA,NA,NA,NA,NA,NA,NA,NA,NA,NA,NA,NA
2023,,3011-89268,GRG,F,05/30/23,,2023,NB2,N,,,,,,HY,2,1,19.9,72.0,"OS, JM",Y,.,.,.,17.5,3B00183666,,,,,,"Small, mangled tail, possibly attacked?","Good parent, AHY or SY? Very small",,,,NA,NA,NA,NA,NA,NA,NA,NA,NA,NA,NA,NA,NA
2023,,3011-89270,GRS,F,05/30/23,,2023,NB14,N,,,,,,AHY,2,2,19.4,74.0,"OS, JM",Y,.,.,.,17.9,3B00194A2A,,,,,,"Lost the -69 metal band, likely the mom",,6/30/23,FK,,NA,NA,NA,NA,NA,NA,NA,NA,NA,NA,NA,NA,NA
2023,,3011-89271,GRN,M,05/30/23,,2023,NB49,N,,,,,,AHY,3,2,20.9,76.0,"OS, JM",Y,.,.,.,19.9,3B0018929D,,,,,,good boy,,,,,NA,NA,NA,NA,NA,NA,NA,NA,NA,NA,NA,NA,NA
2023,"2: repeat color bands… NOTE HOW YOU FIXED THIS THIS ON THE PAPER DATA SHEET,  AND NEED BLOOD",2711-56862,SOR,,05/30/23,,2023,NB53,R,,,,,,ASY,3,2,.,.,"OS, JM",.,.,.,.,.,.,,,,,,,,,,,NA,NA,NA,NA,NA,NA,NA,NA,NA,NA,NA,NA,NA
2023,,3011-89265,GBO,F,05/31/23,,2023,NB71,R,,,,,,AHY,2,2,.,.,"OS, UE, MH",.,.,.,.,.,.,,,,,,,,,,,NA,NA,NA,NA,NA,NA,NA,NA,NA,NA,NA,NA,NA
2023,,3011-89272,GLB,F,05/31/23,,2023,NB74,N,,,,,,AHY,1-2,2,19.2,70.0,"OS, UE, MH",Y,.,.,.,15.4,3B0018BBB7,,,,,,seemed young,,,,,NA,NA,NA,NA,NA,NA,NA,NA,NA,NA,NA,NA,NA
2023,,3011-89273,GLL,M,05/31/23,,2023,NB96,N,,,,,,Nestling,.,.,20.5,.,"OS, UE, MH",Y,.,.,.,19.4,3B0019B690,,,,,,,,,,,NA,NA,NA,NA,NA,NA,NA,NA,NA,NA,NA,NA,NA
2023,,3011-89274,GLW,M,05/31/23,,2023,NB96,N,,,,,,Nestling,.,.,19.7,.,"OS, UE, MH",Y,.,.,.,18.4,3B00193BE6,,,,,,busted nails in 1 foot - bag?,,,,,NA,NA,NA,NA,NA,NA,NA,NA,NA,NA,NA,NA,NA
2023,,3011-89275,GLG,F,05/31/23,,2023,NB96,N,,,,,,Nestling,.,.,19.8,.,"OS, UE, MH",Y,.,.,.,17.4,3B004C6C6E,,,,,,,,,,,NA,NA,NA,NA,NA,NA,NA,NA,NA,NA,NA,NA,NA
2023,,3011-89276,GWW,F,05/31/23,,2023,NB96,N,,,,,,Nestling,.,.,18.7,.,"OS, UE, MH",Y,.,.,.,15.8,3B0049B0CF,,,,,,* take new blood samples if recaptured,,,,,NA,NA,NA,NA,NA,NA,NA,NA,NA,NA,NA,NA,NA
2023,,3011-89277,GWG,F,05/31/23,,2023,NB96,N,,,,,,Nestling,.,.,18.5,.,"OS, UE, MH",Y,.,.,.,16.2,3B0019325D,,,,,,,,,,,NA,NA,NA,NA,NA,NA,NA,NA,NA,NA,NA,NA,NA
2023,,3011-89278,GWT,,06/01/23,,2023,F-GG,N,,,,,,HY,1,1,20.9,72.0,"JM, OS, MH, AS",Y,.,.,.,19.1,3B00482ECA,,,,,,stressed. 7/10/23: caught with RNL,Repeated band combo,"6/28/23, 6/30/2023?, 7/3/23, 7/10/23, 7/29/23","FJ, FK?, FJ, FK, FJ",,NA,NA,NA,NA,NA,NA,NA,NA,NA,NA,NA,NA,NA
2023,,3011-89279,GWO,,06/05/23,,2023,NB53,N,,,,,,Nestling,.,.,20.2,.,"JM, OS, IC, AS",Y,.,.,.,19.4,3B0018D0BA,,,,,,,,,,,NA,NA,NA,NA,NA,NA,NA,NA,NA,NA,NA,NA,NA
2023,,3011-89280,GWN,F,06/05/23,,2023,NB53,N,,,,,,Nestling,.,.,20.4,.,"JM, OS, IC, AS",Y,.,.,.,17.2,3B00186C82,,,,,,,,,,,NA,NA,NA,NA,NA,NA,NA,NA,NA,NA,NA,NA,NA
2023,,3011-89281,GGB,,06/05/23,,2023,NB53,N,,,,,,Nestling,.,.,18.5,.,"JM, OS, IC, AS",Y,.,.,.,15.3,3B00187262,,,,,,,,,,,NA,NA,NA,NA,NA,NA,NA,NA,NA,NA,NA,NA,NA
2023,,3011-89282,GGG,F,06/05/23,,2023,NB53,N,,,,,,Nestling,.,.,20.4,.,"JM, OS, IC, AS",Y,.,.,.,16.6,3B00184CE3,,,,,,,,,,,NA,NA,NA,NA,NA,NA,NA,NA,NA,NA,NA,NA,NA
2023,,3011-89283,GGS,M,06/05/23,,2023,NB53,N,,,,,,Nestling,.,.,21.5,.,"JM, OS, IC, AS",Y,.,.,.,17.5,3B00188565,,,,,,,,,,,NA,NA,NA,NA,NA,NA,NA,NA,NA,NA,NA,NA,NA
2023,,3011-89284,GTR,F,06/05/23,,2023,NB50,N,,,,,,Nestling,.,.,20.4,.,"JM, OS, IC, AS",Y,.,.,.,16.6,3B00188B4E,,,,,,,,,,,NA,NA,NA,NA,NA,NA,NA,NA,NA,NA,NA,NA,NA
2023,NEED BLOOD,3011-89285,GTL,,06/05/23,,2023,NB50,N,,,,,,Nestling,.,.,19.8,.,"JM, OS, IC, AS",Y,.,.,.,16.7,3B00189496,,,,,,,blood sample label is not clear between ...85 & ...86; note in ...86 may act as clarification but unsure,,,,NA,NA,NA,NA,NA,NA,NA,NA,NA,NA,NA,NA,NA
2023,NEED BLOOD,3011-89286,GTW,,06/05/23,,2023,NB50,N,,,,,,Nestling,.,.,.,.,"JM, OS, IC, AS, UE",.,.,.,.,.,3B00191789,,,,,,"leg cut by metal band, bled profusely, so no blood taken",blood sample label is not clear between ...85 & ...86; note in ...86 may act as clarification but unsure,,,,NA,NA,NA,NA,NA,NA,NA,NA,NA,NA,NA,NA,NA
2023,,3011-89287,CTW,M,06/05/23,,2023,NB50,N,,,,,,Nestling,.,.,20.8,.,"JM, OS, IC, AS, UE",Y,.,.,.,19.2,3B00183916,,,,,,"Ran out of G RFIDs, transitioned to C",,,,,NA,NA,NA,NA,NA,NA,NA,NA,NA,NA,NA,NA,NA
2023,,3011-89288,CBG,M,06/05/23,,2023,NB49,N,,,,,,Nestling,.,.,19.0,.,"JM, OS, IC, AS, UE",Y,.,.,.,17.4,3B00184891,,,,,,,,,,,NA,NA,NA,NA,NA,NA,NA,NA,NA,NA,NA,NA,NA
2023,,3011-89289,CLW,M,06/05/23,,2023,NB49,N,,,,,,Nestling,.,.,20.7,.,"JM, OS, IC, AS, UE",Y,.,.,.,19.5,3B00483E52,,,,,,,,,,,NA,NA,NA,NA,NA,NA,NA,NA,NA,NA,NA,NA,NA
2023,,3011-89290,CLG,M,06/05/23,,2023,NB49,N,,,,,,Nestling,.,.,21.2,.,"JM, OS, IC, AS, UE",Y,.,.,.,19.1,3B00185E1E,,,,,,,,,,,NA,NA,NA,NA,NA,NA,NA,NA,NA,NA,NA,NA,NA
2023,,3011-89291,CLS,M,06/05/23,,2023,NB49,N,,,,,,Nestling,.,.,21.1,.,"JM, OS, IC, AS, UE",Y,.,.,.,18.1,3B0018B9D0,,,,,,,,,,,NA,NA,NA,NA,NA,NA,NA,NA,NA,NA,NA,NA,NA
2023,,3011-89292,CGY,M,06/05/23,,2023,NB42,N,,,,,,Nestling,.,.,20.1,.,"JM, OS, IC, AS, UE",Y,.,.,.,18.3,3B0018D03C,,,,,,,,,,,NA,NA,NA,NA,NA,NA,NA,NA,NA,NA,NA,NA,NA
2023,,3011-89293,CGW,M,06/05/23,,2023,NB42,N,,,,,,Nestling,.,.,20.9,.,"JM, OS, IC, AS, UE",Y,.,.,.,17.7,3B0018E76A,,,,,,,,,,,NA,NA,NA,NA,NA,NA,NA,NA,NA,NA,NA,NA,NA
2023,,3011-89294,CGS,M,06/05/23,,2023,NB42,N,,,,,,Nestling,.,.,20.5,.,"JM, OS, IC, AS, UE",Y,.,.,.,17.8,3B0018C5DF,,,,,,,,,,,NA,NA,NA,NA,NA,NA,NA,NA,NA,NA,NA,NA,NA
2023,,3011-89295,CNT,M,06/05/23,,2023,NB42,N,,,,,,Nestling,.,.,20.4,.,"JM, OS, IC, AS, UE",Y,.,.,.,17.7,3B0018FC07,,,,,,,,,,,NA,NA,NA,NA,NA,NA,NA,NA,NA,NA,NA,NA,NA
2023,,3011-89296,SBB,M,06/06/23,,2023,NB30,N,,,,,,Nestling,.,.,20.6,.,"OS, MH",Y,.,.,.,17.4,3B001925DB,,,,,,"Very lethargic, slow/tired, little blood",,,,,NA,NA,NA,NA,NA,NA,NA,NA,NA,NA,NA,NA,NA
2023,,3011-89297,SBR,F,06/06/23,,2023,NB30,N,,,,,,Nestling,.,.,20.6,.,"OS, MH",Y,.,.,.,16.1,3B0018AC00,,,,,,,,,,,NA,NA,NA,NA,NA,NA,NA,NA,NA,NA,NA,NA,NA
2023,,3011-89300,SBL,F,06/06/23,,2023,NB30,N,,,,,,Nestling,.,.,20.5,.,"OS, MH",Y,.,.,.,16.5,3B0018FFDD,,,,,,,"The box for the date keeps correcting to wrong format, sorry",,,,NA,NA,NA,NA,NA,NA,NA,NA,NA,NA,NA,NA,NA
2023,,3011-89301,SBY,,06/06/23,,2023,NB30,N,,,,,,Nestling,.,.,20.7,.,"OS, MH",Y,.,.,.,16.7,3B0019063D,,,,,,,,,,,NA,NA,NA,NA,NA,NA,NA,NA,NA,NA,NA,NA,NA
2023,,3011-89302,SBW,M,06/06/23,,2023,NB71,N,,,,,,Nestling,.,.,20.8,.,"OS, MH",Y,.,.,.,18.5,3B004B2096,,,,,,,,,,,NA,NA,NA,NA,NA,NA,NA,NA,NA,NA,NA,NA,NA
2023,,3011-89303,SBT,F,06/06/23,,2023,NB71,N,,,,,,Nestling,.,.,19.6,.,"OS, MH",Y,.,.,.,16.9,3B00182690,,,,,,,,,,,NA,NA,NA,NA,NA,NA,NA,NA,NA,NA,NA,NA,NA
2023,,3011-89304,SBO,F,06/06/23,,2023,NB71,N,,,,,,Nestling,.,.,19.6,.,"OS, MH",Y,.,.,.,16.2,3B0018790E,,,,,,,,,,,NA,NA,NA,NA,NA,NA,NA,NA,NA,NA,NA,NA,NA
2023,,3011-89305,SBS,,06/06/23,,2023,NB71,N,,,,,,Nestling,.,.,19.9,.,"OS, MH",Y,.,.,.,15.6,3B00182483,,,,,,,,,,,NA,NA,NA,NA,NA,NA,NA,NA,NA,NA,NA,NA,NA
2023,,3011-89306,SBN,F,06/06/23,,2023,NB71,N,,,,,,Nestling,.,.,19.7,.,"OS, MH",Y,.,.,.,16.2,3B0019B2DF,,,,,,,,,,,NA,NA,NA,NA,NA,NA,NA,NA,NA,NA,NA,NA,NA
2023,,3011-89307,SRB,,06/06/23,,2023,NB74,N,,,,,,Nestling,.,.,19.6,.,"OS, MH",Y,.,.,.,13.8,3B00184C16,,,,,,,,,,,NA,NA,NA,NA,NA,NA,NA,NA,NA,NA,NA,NA,NA
2023,,3011-89308,SRR,,06/06/23,,2023,NB74,N,,,,,,Nestling,.,.,18.5,.,"OS, MH",Y,.,.,.,12.3,3B00192053,,,,,,,,,,,NA,NA,NA,NA,NA,NA,NA,NA,NA,NA,NA,NA,NA
2023,,3011-89309,SRS,,06/06/23,,2023,NB74,N,,,,,,Nestling,.,.,19.3,.,"OS, MH",Y,.,.,.,14.2,3B00185D61,,,,,,,,,,,NA,NA,NA,NA,NA,NA,NA,NA,NA,NA,NA,NA,NA
2023,,3011-89310,SRT,F,06/06/23,,2023,NB74,N,,,,,,Nestling,.,.,19.5,.,"OS, MH",Y,.,.,.,14.3,3B00181A03,,,,,,,,,,,NA,NA,NA,NA,NA,NA,NA,NA,NA,NA,NA,NA,NA
2023,,3011-89311,SRO,M,06/06/23,,2023,NB74,N,,,,,,Nestling,.,.,18.9,.,"OS, MH",Y,.,.,.,14.9,3B001860B8,,,,,,,,,,,NA,NA,NA,NA,NA,NA,NA,NA,NA,NA,NA,NA,NA
2023,,3011-89312,SRN,,06/07/23,,2023,NB14,N,,,,,,Nestling,.,.,18.7,.,"MH, OS, UE",Y,.,.,.,15.0,3B00190F23,,,,,,,,,,,NA,NA,NA,NA,NA,NA,NA,NA,NA,NA,NA,NA,NA
2023,,3011-89313,SLL,,06/07/23,,2023,NB14,N,,,,,,Nestling,.,.,19.0,.,"MH, OS, UE",Y,.,.,.,14.7,3B0048B55E,,,,,,,,,,,NA,NA,NA,NA,NA,NA,NA,NA,NA,NA,NA,NA,NA
2023,,3011-89315,SYB,,06/07/23,,2023,NB14,N,,,,,,Nestling,.,.,19.8,.,"MH, OS, UE",Y,.,.,.,16.4,3B00186857,,,,,,,,,,,NA,NA,NA,NA,NA,NA,NA,NA,NA,NA,NA,NA,NA
2023,,3011-89316,SLS,,06/07/23,,2023,NB14,N,,,,,,Nestling,.,.,18.8,.,"MH, OS, UE",Y,.,.,.,14.9,3B004D1FA5,,,,,,,,,,,NA,NA,NA,NA,NA,NA,NA,NA,NA,NA,NA,NA,NA
2023,,3011-89317,SLN,,06/07/23,,2023,NB14,N,,,,,,Nestling,.,.,16.4,.,"MH, OS, UE",Y,.,.,.,12.7,3B00182082,,,,,,"Abnormally small, long legs",,,,,NA,NA,NA,NA,NA,NA,NA,NA,NA,NA,NA,NA,NA
2023,,3011-89318,PBP (was PBB),M,06/07/23,,2023,NB18,N,,,,,,Nestling,.,.,20.3,.,"MH, OS, UE, OS",Y,Y,.,.,19.9,01103FE44F,,,,,,,Color bands changed from PBB to PBP 04/22/26,"06/13/24. 11/03/24, 11/17/24",FR,,NA,NA,NA,NA,NA,NA,NA,NA,NA,NA,NA,NA,NA
2023,,3011-89319,PBR,,06/07/23,,2023,NB18,N,,,,,,Nestling,.,.,20.3,.,"MH, OS, UE",Y,.,.,.,19.7,01103FE553,,,,,,,,,,,NA,NA,NA,NA,NA,NA,NA,NA,NA,NA,NA,NA,NA
2023,,3011-89320,PBL,,06/07/23,,2023,NB18,N,,,,,,Nestling,.,.,20.7,.,"MH, OS, UE",Y,.,.,.,19.8,01103FDB76,,,,,,,,,,,NA,NA,NA,NA,NA,NA,NA,NA,NA,NA,NA,NA,NA
2023,,3011-89321,PBY,,06/07/23,,2023,NB18,N,,,,,,Nestling,.,.,19.1,.,"MH, OS, UE",Y,.,.,.,18.3,01103FD7C7,,,,,,,,,,,NA,NA,NA,NA,NA,NA,NA,NA,NA,NA,NA,NA,NA
2023,"VERIFY AND MAYBE CHANGE BANDS. First verify bands of birds in hand and write that down (metal and color),  and re-band if actually is PBW, as that would be a repeat band combo, and needs totally new combo. NOTE HOW YOU FIXED THIS ON THE PAPER DATA SHEET ",3011-89322,PBW,,06/07/23,,2023,NB18,N,,,,,,Nestling,.,.,20.2,.,"MH, OS, UE",Y,.,.,.,18.7,01103FE6AC,,,,,,,,,,,NA,NA,NA,NA,NA,NA,NA,NA,NA,NA,NA,NA,NA
2023,repeat color bands… NOTE HOW YOU FIXED THIS THIS ON THE PAPER DATA SHEET ,2441-02106,RBB,,06/09/23,,2023,NB26,R,,,,,,ASY,3,3,.,.,"OS, IC",.,.,.,.,19.7,.,,,,,,,,,,,NA,NA,NA,NA,NA,NA,NA,NA,NA,NA,NA,NA,NA
2023,,3011-89323,PBT,F,06/09/23,,2023,NB6,N,,,,,,AHY,2,2,20.0,70.1,"MH, UE",Y,.,.,.,18.3,01103FE244,,,,,,,,"6/28/23, 7/7/23, 7/10/23, 7/19/2023","FE, FE, FF, FE",,NA,NA,NA,NA,NA,NA,NA,NA,NA,NA,NA,NA,NA
2023,,#VALUE!,PBO,,06/09/23,,2023,NB6,N,,,,,,AHY,3,3,22.5,77.0,"MH, UE",Y,.,.,.,20.7,01103FDE0A,,,,,,7/29/23: Caught with PYB,"7/4/23: had swollen legs. 7/10: ""Big feet""","6/19/23, 7/4/23, 7/10/23, 7/19/2023, 7/29/23","F2, FE, FE, FE, FE",,NA,NA,NA,NA,NA,NA,NA,NA,NA,NA,NA,NA,NA
2023,NEED BLOOD,3011-89325,PBS,,06/12/23,,2023,NB52,N,,,,,,AHY,3,3,22.0,71.0,"OS, IC, JM",Y,.,.,.,18.7,01103FDFF0,,,,,,,,,,,NA,NA,NA,NA,NA,NA,NA,NA,NA,NA,NA,NA,NA
2023,,3011-89326,PBN,F,06/12/23,,2023,NB58,N,,,,,,AHY,2,1,20.1,73.0,"OS, IC, JM",Y,.,.,.,16.0,01103FE1FB,,,,,,Other parent unbanded 70% confidence,,,,,NA,NA,NA,NA,NA,NA,NA,NA,NA,NA,NA,NA,NA
2023,,3011-89327,PRB,,06/14/23,,2023,F6,N,,,,,,HY,1,1,22.3,77.0,"OS, IC, AS",Y,.,.,.,18.2,01103FE3EF,,,,,,,,,,,NA,NA,NA,NA,NA,NA,NA,NA,NA,NA,NA,NA,NA
2023,,2711-56781,SST,,06/14/23,,2023,F101,R,,,,,,.,.,.,.,.,"IC, OS, AS",.,.,.,.,.,01103FD874,,,,,,"2021 banded ASY, ~5 y/o? has been captured many times (F7, F6, F7...)",,,,,NA,NA,NA,NA,NA,NA,NA,NA,NA,NA,NA,NA,NA
2023,,3011-89328,PRR,F,06/14/23,,2023,F4,N,,,,,,HY,1,1,20.2,81.0,"IC, OS, AS",Y,.,.,.,16.3,01103FE19B,,,,,,Caught with PTW,"(1st recapture) We are technically not sure if this is the exact PYR because it flew away before we could read its number, however we are very confident this is the bird because it was young, and there are not earlier PRRs in this sheet.","6/28/23, 6/30/23, 7/3/23, 7/4/23, 7/6/23, 7/7/23, 7/10/23, 7/19/2023, 7/29/23, 9/10/23, 10/29/23","FH, FH, FH, FH, FH, FH, FH, FH, FH, FH, FH",,NA,NA,NA,NA,NA,NA,NA,NA,NA,NA,NA,NA,NA
2023,,2691-21812,CNL,,06/14/23,,2023,F6,R,,,,,,AHY,2,2,19.8,80.0,"IC, OS, AS",Y,.,.,.,17.0,3B00181942,,,,,,"The blood, mass, and tarsus (in purple) were taken 7/3/23",,7/3/23,,,NA,NA,NA,NA,NA,NA,NA,NA,NA,NA,NA,NA,NA
2023,,3011-89266,GRR,M,06/14/23,,2023,F101,R,,,,,,HY,.,.,.,.,"IC, OS, AS",.,.,.,.,.,. ,,,,,,,,,,,NA,NA,NA,NA,NA,NA,NA,NA,NA,NA,NA,NA,NA
2023,,3011-89329,PRL,,06/14/23,,2023,F6,N,,,,,,HY,1,1,19.2,70.0,"IC, OS, AS",Y,.,.,.,17.9,01103FD8F8,,,,,,"""loud little man"" 7/10: ""sad and squeaky""",,"6/28/23, 6/30/23, 6/30/23, 7/4/23, 7/7/23, 7/10/23","FJ, FK, FJ, FK, FI, FI",,NA,NA,NA,NA,NA,NA,NA,NA,NA,NA,NA,NA,NA
2023,,3011-89330,PRY,M,06/16/23,,2023,NB26,N,,,,,,Nestling,.,.,19.0,.,"OS, MH, IC, UE",Y,.,.,.,14.6,01103FE359,,,,,,,,,,,NA,NA,NA,NA,NA,NA,NA,NA,NA,NA,NA,NA,NA
2023,,3011-89331,PRW,F,06/16/23,,2023,NB26,N,,,,,,Nestling,.,.,18.8,.,"OS, MH, IC, UE",Y,.,.,.,15.3,01103FD964,,,,,,,,,,,NA,NA,NA,NA,NA,NA,NA,NA,NA,NA,NA,NA,NA
2023,,3011-89332,PRT,,06/16/23,,2023,NB26,N,,,,,,Nestling,.,.,20.3,.,"OS, MH, IC, UE",Y,.,.,.,16.8,01103FE778,,,,,,,,,,,NA,NA,NA,NA,NA,NA,NA,NA,NA,NA,NA,NA,NA
2023,,3011-89333,PRO,,06/16/23,,2023,NB26,N,,,,,,Nestling,.,.,18.9,.,"OS, MH, IC, UE",Y,.,.,.,15.0,01103FDDF2,,,,,,,,,,,NA,NA,NA,NA,NA,NA,NA,NA,NA,NA,NA,NA,NA
2023,,3011-89334,PRS,,06/16/23,,2023,NB26,N,,,,,,Nestling,.,.,19.8,.,"OS, MH, IC, UE",Y,.,.,.,14.7,01103FD9CB,,,,,,,,,,,NA,NA,NA,NA,NA,NA,NA,NA,NA,NA,NA,NA,NA
2023,,3011-89335,PRN,M,06/16/23,,2023,NB58,N,,,,,,Nestling,.,.,18.9,.,"OS, UE, MH",Y,.,.,.,12.2,01103FDDCD,,,,,,,,,,,NA,NA,NA,NA,NA,NA,NA,NA,NA,NA,NA,NA,NA
2023,,3011-89336,PLB,,06/16/23,,2023,NB58,N,,,,,,Nestling,.,.,19.4,.,"OS, UE, MH",Y,.,.,.,12.1,01103FE19A,,,,,,Strange veins,,,,,NA,NA,NA,NA,NA,NA,NA,NA,NA,NA,NA,NA,NA
2023,,3011-89337,PLR,F,06/16/23,,2023,NB58,N,,,,,,Nestling,.,.,19.0,.,"OS, UE, MH",Y,.,.,.,10.2,01103FE61E,,,,,,,,,,,NA,NA,NA,NA,NA,NA,NA,NA,NA,NA,NA,NA,NA
2023,,3011-89338,PLL,M,06/16/23,,2023,NB52,N,,,,,,Nestling,.,.,20.0,.,"OS, UE, MH",Y,.,.,.,17.5,01103FDC4E,,,,,,,,,,,NA,NA,NA,NA,NA,NA,NA,NA,NA,NA,NA,NA,NA
2023,,3011-89339,PLY,,06/16/23,,2023,NB52,N,,,,,,Nestling,.,.,20.3,.,"OS, UE, MH",Y,.,.,.,16.9,01103FE581,,,,,,,,,,,NA,NA,NA,NA,NA,NA,NA,NA,NA,NA,NA,NA,NA
2023,,3011-89340,PLW,,06/16/23,,2023,NB52,N,,,,,,Nestling,.,.,19.8,.,"OS, UE, MH",Y,.,.,.,16.6,01103FDC8D,,,,,,,,,,,NA,NA,NA,NA,NA,NA,NA,NA,NA,NA,NA,NA,NA
2023,,3011-89341,PLT,F,06/16/23,,2023,NB52,N,,,,,,Nestling,.,.,20.5,.,"OS, UE, MH",Y,.,.,.,15.8,01103FE43C,,,,,,,,,,,NA,NA,NA,NA,NA,NA,NA,NA,NA,NA,NA,NA,NA
2023,,3011-89342,PLO,,06/16/23,,2023,NB52,N,,,,,,Nestling,.,.,20.5,.,"OS, UE, MH",Y,.,.,.,17.4,01103FE138,,,,,,,,,,,NA,NA,NA,NA,NA,NA,NA,NA,NA,NA,NA,NA,NA
2023,,3011-89343,PLS,M,06/19/23,,2023,NB6,N,,,,,,Nestling,.,.,20.8,.,"JM, OS, AS",Y,.,.,.,17.8,01103FE2F4,,,,,,,,9/10/23,FE,,NA,NA,NA,NA,NA,NA,NA,NA,NA,NA,NA,NA,NA
2023,,3011-89344,PLN,F,06/19/23,,2023,NB6,N,,,,,,Nestling,.,.,19.8,.,"JM, OS, AS",Y,.,.,.,16.2,01103FE259,,,,,,,,,,,NA,NA,NA,NA,NA,NA,NA,NA,NA,NA,NA,NA,NA
2023,,3011-89345,PYB,M,06/19/23,,2023,NB6,N,,,,,,Nestling,.,.,20.7,.,"JM, OS, AS",Y,.,.,.,17.1,01103FD9B8,,,,,,,,,,,NA,NA,NA,NA,NA,NA,NA,NA,NA,NA,NA,NA,NA
2023,,3011-89346,PYR,,06/19/23,,2023,F2,N,,,,,,HY,1,1,19.4,71.0,"JM, OS, AS",Y,.,.,.,16.4,01103FDAF0,,,,,,Potentially PYL's (below) child. 7/10/23: Caught with PYT and PYW,,"6/28/23, 7/10/23, 7/19/2023","FC, FG, FD",,NA,NA,NA,NA,NA,NA,NA,NA,NA,NA,NA,NA,NA
2023,,3011-89347,PYL,M,06/19/23,,2023,F2,N,,,,,,AHY,3,3,20.8,75.0,"JM, OS, AS",Y,.,.,.,19.7,01103FDD69,,,,,,Potentially PYR's (above) parent,,,,,NA,NA,NA,NA,NA,NA,NA,NA,NA,NA,NA,NA,NA
2023,,3011-89348,PYY,,06/19/23,,2023,F1,N,,,,,,HY,1,1,21.6,75.0,"JM, OS, AS",Y,.,.,.,18.7,01103FE361,,,,,,7/7/23: Caught with PNT and PYW,,"6/26/2023, 6/28/23, 6/28/23, 7/6/23,7/7/23, 7/7/23, 7/10/23, 7/19/2023","FD, FE, FD, FD, FD, FE, FD, FD",,NA,NA,NA,NA,NA,NA,NA,NA,NA,NA,NA,NA,NA
2023,,3011-89349,PYW,,06/19/23,,2023,F1,N,,,,,,HY,1,1,20.5,77.0,"JM, OS, AS",Y,.,.,.,19.2,01103FDEC9,,,,,,7/4/23: Captured w/ PYT. 7/7/23: Captured with PYY and PNT. 7/10/23: Captured with PYR and PYT.,,"6/28/23, 7/4/23, 7/7/23, 7/7/23, 7/10/23, 7/19/2023","FD, FD, FD, FE, FG, FD",,NA,NA,NA,NA,NA,NA,NA,NA,NA,NA,NA,NA,NA
2023,,3011-89328,PRR,F,06/19/23,,2023,F4,R,,,,,,.,.,.,.,.,"JM, OS, AS",.,.,.,.,.,.,,,,,,,,,,,NA,NA,NA,NA,NA,NA,NA,NA,NA,NA,NA,NA,NA
2023,,2711-56888,GDW (was GYW),M,06/19/23,,2023,F7,R,,,,,,AHY,.,.,.,.,"JM, OS, AS",.,.,.,.,.,.,,,,,,Recapture data earlier up,band combo changed from GYW to GDW 05/29/25,,,,NA,NA,NA,NA,NA,NA,NA,NA,NA,NA,NA,NA,NA
2023,,3011-89350,PYT,,06/19/23,,2023,F2,N,,,,,,HY,1,1,20.5,72.0,"JM, OS, AS",Y,.,.,.,16.8,01103FE628,,,,,,7/4/23: Captured w/ PYW. 7/10/23: Caught with PYR and PYW.,,"6/28/23, 6/28/23, 7/4/23, 7/6/23, 7/7/2023, 7/10/23","FD, FD, FD, FE, FG",,NA,NA,NA,NA,NA,NA,NA,NA,NA,NA,NA,NA,NA
2023,,3011-89351,PYO,,06/19/23,,2023,F2,N,,,,,,HY,2,1,21.0,76.5,"JM, OS, AS",Y,.,.,.,19.6,01103FD7AE,,,,,,,,7/10/23,FD,,NA,NA,NA,NA,NA,NA,NA,NA,NA,NA,NA,NA,NA
2023,,3011-89346,PYR,,06/26/23,,2023,FE,R,,,,,,HY,1,1,.,.,"JM, UE, IC",.,.,.,.,.,.,,,,,,,,6/28/23,FD,,NA,NA,NA,NA,NA,NA,NA,NA,NA,NA,NA,NA,NA
2023,,3011-89352,PYS,M,06/26/23,,2023,FC,N,,,,,,HY,1,1,21.7,72.0,"JM, UE, IC",Y,.,.,.,17.7,01103FD9D0,,,,,,7/4/23: Caught with PTB. 7/10/23: Sky band seems faded.,"Update: Crest 2, LM 2 9/24/23","6/28/23, 7/4/23, 7/6/23, 7/6/23, 7/10/23, 7/19/2023,9/24/23","FC, FC, FD, FC, FC, FD",,NA,NA,NA,NA,NA,NA,NA,NA,NA,NA,NA,NA,NA
2023,,3011-89353,PYN,F,06/26/23,,2023,FB,N,,,,,,HY,1,1,21.8,72.5,"JM, UE, IC",Y,.,.,.,17.2,01103FD86E,,,,,,N band may have fallen off - bird flew away. Update: captured and almost finished processing (still need blood). 7/3/23: Caught w/ PTR. 7/6: Black spot on head. 7/7/23: Caught with PNY,"No age written, but 2 1's, so definitely HY (confirmed by witness)","6/28/23, 7/4/23, 7/6/23, 7/6/23, 7/7/23, 7/10/23, 7/19/2023","FB, FB, FB, FC, FC, FB, FC",,NA,NA,NA,NA,NA,NA,NA,NA,NA,NA,NA,NA,NA
2023,,2711-56781,SST,,06/26/23,,2023,FD,R,,,,,,AHY,3,.,.,.,"JM, UE, IC",.,.,.,.,.,.,,,,,,,,,,,NA,NA,NA,NA,NA,NA,NA,NA,NA,NA,NA,NA,NA
2023,"VERIFY AND MAYBE CHANGE BANDS. First verify bands of birds in hand and write that down (metal and color),  and re-band if actually is PBW, as that would be a repeat band combo, and needs totally new combo. NOTE HOW YOU FIXED THIS ON THE PAPER DATA SHEET ",3011-89354,PBWorPWB,F,06/28/23,,2023,FG,N,,,,,,HY,1,1,21.1,71.0,"JM, MH",Y,.,.,.,15.7,01103FE63F,,,,,,Very little black on crest,band combo needs to be verified (BW or WB),,,,NA,NA,NA,NA,NA,NA,NA,NA,NA,NA,NA,NA,NA
2023,,3011-89355,PWR,,06/28/23,,2023,FE,N,,,,,,AHY,3,2,20.9,75.0,"JM, MH",Y,.,.,.,19.15,01103FE094,,,,,,"Very angry, Sighted in fountain at Don Bergquist's property  ~9/15/23; 29.6794251927621 -98.3322636053931. and again seen at their fountain 05_31_24",,,,,NA,NA,NA,NA,NA,NA,NA,NA,NA,NA,NA,NA,NA
2023,,3011-89356,PWL,,06/28/23,,2023,FI,N,,,,,,AHY,3,2,20.6,76.0,"JM, MH",Y,.,.,.,18.7,01103FDA2E,,,,,,"7/6/23: Fighting in trap with CBS,",,7/6/23,FI,,NA,NA,NA,NA,NA,NA,NA,NA,NA,NA,NA,NA,NA
2023,,2691-21869,CRL,,06/30/23,,2023,FH,R,,,,,,AHY,3,2,.,71.0,"OS, UE, AS",.,.,.,.,.,.,,,,,,,,,,,NA,NA,NA,NA,NA,NA,NA,NA,NA,NA,NA,NA,NA
2023,,3011-89373,PWY,,06/30/23,,2023,FU,N,,,,,,AHY,3,2,19.6,75.0,OS,Y,.,.,.,17.7,01103FDFF1,,,,,,,,,,,NA,NA,NA,NA,NA,NA,NA,NA,NA,NA,NA,NA,NA
2023,,2711-56888,GDW (was GYW),M,06/30/23,,2023,FL,R,,,,,,AHY,3,3,20.7,72.0,AS,Y,.,.,.,20.4,01103FB6DC,,,,,,Took blood 7/3/23,"Originally marked as ""P"" but caught a couple days ago",,,,NA,NA,NA,NA,NA,NA,NA,NA,NA,NA,NA,NA,NA
2023,,3011-89374,PWW,,06/30/23,,2023,FI,N,,,,,,HY,1,1,20.4,71.1,UE,Y,.,.,.,18.2,01103FD952,,,,,,7/30: same trap as CBS. 7/7/23: Caught with PNO,"7/4/23: Technically did not get band number for 7/4 capture, but there is only one PWW so we are confident its this guy.","7/3/23, 7/3/23, 7/4/23, 7/6/23, 7/7/23, 7/10/23, 7/19/2023, 09/10/23","FJ, FH, FH, FJ, FI, FH, FH, FJ",,NA,NA,NA,NA,NA,NA,NA,NA,NA,NA,NA,NA,NA
2023,,3011-89270,GRS,F,06/30/23,,2023,FK,R,,,,,,.,.,.,.,.,IC ,.,.,.,.,.,.,,,,,,,,,,,NA,NA,NA,NA,NA,NA,NA,NA,NA,NA,NA,NA,NA
2023,,2711-56781,SST,,06/30/23,,2023,FK,R,,,,,,ASY,3,3,20.6,77.5,IC,.,.,.,.,19.3,.,,,,,,,"Recorded as ""P"" but was caught a couple days ago",,,,NA,NA,NA,NA,NA,NA,NA,NA,NA,NA,NA,NA,NA
2023,,3011-89357,PNN,F,06/30/23,,2023,FM,N,,,,,,HY,1,1,19.4,73.1,"IC, MH",Y,.,.,.,16.0,01103FE019,,,,,,Crest is on the darker side of a 1,,7/3/23,,,NA,NA,NA,NA,NA,NA,NA,NA,NA,NA,NA,NA,NA
2023,,3011-89358,PNS,M,06/30/23,,2023,FI,N,,,,,,HY,1,1,19.7,79.0,"IC, MH",Y,.,.,.,18.3,01103F8AE9,,,,,,7/29/23: Caught with PNO,Rebadned sky becuase it faded to white.,"7/7/23, 7/29/23, 09/10/23, 10/29/23","FI, FI, FI, FI",,NA,NA,NA,NA,NA,NA,NA,NA,NA,NA,NA,NA,NA
2023,,3011-89359,PNO,,06/30/23,,2023,FK,N,,,,,,HY,1,1,19.4,78.0,"IC, MH",Y,.,.,.,16.9,01103FE75C,,,,,,7/7/23: Caught with PWW. 7/29: Caught with PNS.,,"7/7/23, 7/29/23, 09/10/23","FI, FI, FJ",,NA,NA,NA,NA,NA,NA,NA,NA,NA,NA,NA,NA,NA
2023,,3011-89375,PWT,F,07/03/23,,2023,FH,N,,,,,,HY,1,1,19.9,71.3,OS,Y,.,.,.,16.4,01103FE6B6,,,,,,Was with another unbanded bird in the trap (it escaped),"Update: Crest 3, LM 1 9/24/23, ""super hard to get out of trap!""","7/6/23, 7/7/23, 7/10/23, 7/19/2023, 7/29/23, 09,10,23, 9/24/23, 10/1/23, 6/24/24","FG, FH, FG, FH, FD, FH, FF, FG,FG",,NA,NA,NA,NA,NA,NA,NA,NA,NA,NA,NA,NA,NA
2023,,2711-56888,GDW (wasGYW),M,07/03/23,,2023,FM,R,,,,,,.,.,.,.,.,"OS, JM, UE",Y,.,.,.,.,.,,,,,,"Just needed blood, now all measurements are complete as of Summer 2023","Repeat band combo, changed from GYW to GDW 05/29/25",,,,NA,NA,NA,NA,NA,NA,NA,NA,NA,NA,NA,NA,NA
2023,,3011-89376,PWO,F,07/03/23,,2023,FO,N,,,,,,HY,1,1,20.7,75.0,JM,Y,.,.,.,17.4,01103FE152,,,,,,,,9/17/23,FO,,NA,NA,NA,NA,NA,NA,NA,NA,NA,NA,NA,NA,NA
2023,,3011-89377,PWS,F,07/03/23,,2023,FL,N,,,,,,HY,1,1,20.0,70.0,OS,Y,.,.,.,16.2,01103FD947,,,,,,7/10/23: Caught with PWN,,"7/4/23, 7/10/23","FM, FM",,NA,NA,NA,NA,NA,NA,NA,NA,NA,NA,NA,NA,NA
2023,,3011-89378,PWN,,07/03/23,,2023,FL,N,,,,,,HY,1,1,20.1,79.0,JM,Y,.,.,.,18.8,01103FD9ED,,,,,,"Poor bleeder, and was shaking. After many attemts, we decided to not take the blood. 7/10/23: Took blood and caught with PWS",7/10/23: Took blood (IC),7/10/23,"FM, FM",,NA,NA,NA,NA,NA,NA,NA,NA,NA,NA,NA,NA,NA
2023,repeat color bands… NOTE HOW YOU FIXED THIS THIS ON THE PAPER DATA SHEET ,2691-21867,CBW,M,07/04/23,,2023,FF,P,,,,,,AHY,2,2,22.8,80.0,IC,Y,.,.,.,18.7,3B00187000,,,,,,"Technically an R, but the last measurements needed to be redone.",,7/4/23,FH,,NA,NA,NA,NA,NA,NA,NA,NA,NA,NA,NA,NA,NA
2023,,3011-89379,PNW,,07/04/23,,2023,FE,N,,,,,,HY,1,1,20.0,74.9,IC,Y,.,.,.,16.3,01103FD948,,,,,,Caught with PNT. 7/6/23: Saw another adult on the trap.,,"7/6/23, 7/7/23, 7/7/23, 7/10/23, 7/19/2023, 7/29/23","FE, FH, FE, FE, FE, FE",,NA,NA,NA,NA,NA,NA,NA,NA,NA,NA,NA,NA,NA
2023,,3011-89363,PNT,F,07/04/23,,2023,FE,N,,,,,,HY,2,1,19.2,71.4,"OS, JM",Y,.,.,.,17.4,01103FE3A5,,,,,,"Escaped before wing or blood was taken, caught with PNW. Caught again 7/7/23 and the blood and mass were collected. Caught with PYY and PYW",,7/7/23,FD,,NA,NA,NA,NA,NA,NA,NA,NA,NA,NA,NA,NA,NA
2023,,3011-89360,PNY,,07/04/23,,2023,FC,N,,,,,,HY,1,1,21.2,73.0,IC,Y,.,.,.,16.4,01103FDDC0,,,,,,already had metal band (only) when caught. Caught with PYN,"7/6/23 2nd recap: no number recorded, but there is only 1 PNY as of now, so 99% this guy.","7/6/23, 7/6/23, 7/7/23, 7/10/23, 7/10/23, 7/19/2023","FE, FB, FC, FD, FE, FD",,NA,NA,NA,NA,NA,NA,NA,NA,NA,NA,NA,NA,NA
2023,,3011-89361,PTB,M,07/04/23,,2023,FC,N,,,,,,HY,1 (3),1,19.7,75.0,OS,Y,.,.,.,19.2,01103FD7C4,,,,,,"very stressed, captured w/ PYS : Crest is now a 3 (9/10/23)",,"7/6/23, 7/10/23, 7/29/23, 9/10/23, 9/10/23, 9/24/23","FC, FC, FB, FB, FC,FB",,NA,NA,NA,NA,NA,NA,NA,NA,NA,NA,NA,NA,NA
2023,,2691-21985,GTY,M,07/04/23,,2023,FE,P,IA,nestling,,NB04,,HY,1,1,20.5,78.1,OS,.,.,.,.,18.3,3B00193C2B,,,,,,"Technically an R, but the last measurements needed to be redone. Already have blood.",,,,,NA,NA,NA,NA,NA,NA,NA,NA,NA,NA,NA,NA,NA
2023,,3011-89362,PTR,M,07/04/23,,2023,FB,N,,,,,,AHY,2,2,20.4,74.0,OS,Y,.,.,.,20.7,01103FD80D,,,,,,Caught w/ PYN,,,,,NA,NA,NA,NA,NA,NA,NA,NA,NA,NA,NA,NA,NA
2023,GET BLOOD,3011-89364,PBB,,07/04/23,,2023,FK,N,,,,,,HY,1,1,19.6,73.0,OS,.,.,.,.,.,01103FE1D6,,,,,,"Needs bloos and mass, was shaking/panting. Also, it was caught with GYW",,,,,NA,NA,NA,NA,NA,NA,NA,NA,NA,NA,NA,NA,NA
2023,"VERIFY AND MAYBE CHANGE BANDS. First verify bands of birds in hand and write that down (metal and color),  and re-band if actually is PBW, as that would be a repeat band combo, and needs totally new combo. NOTE HOW YOU FIXED THIS ON THE PAPER DATA SHEET ",3011-89354,PBWorPWB,F,07/04/23,,2023,FG,P,,,,,,HY,1,1,19.6,71.5,OS,.,.,.,.,16.3,01103FE6AC,,,,,,"Technically R, but needed new measurements. Blood already in hand","INNACCURATE DATA. RFID in this row was copied from another row of a bird with combo PBW but different gov't id. This bird, based on gov't id and RFID, is PWB and mislabelled here and on the physical sheet (possibly read bands backwards on bird). **physical sheet for this bird was a recapture and had no RFID sticker so the other two entries of missmatched birds in this case were determined to be accurate over this one** -- AL & TM",,,,NA,NA,NA,NA,NA,NA,NA,NA,NA,NA,NA,NA,NA
2023,,3011-89386,PTY,M,07/06/23,,2023,FF,N,,,,,,AHY,2,2,20.2,75.0,MH,Y,.,.,.,18.3,01103FE151,,,,,,,,,,,NA,NA,NA,NA,NA,NA,NA,NA,NA,NA,NA,NA,NA
2023,,3011-89387,POB,,07/06/23,,2023,FF,N,,,,,,AHY,3,2,20.9,74.2,OS,Y,.,.,.,19.9,01103FE59D,,,,,,,,,,,NA,NA,NA,NA,NA,NA,NA,NA,NA,NA,NA,NA,NA
2023,,3011-89389,PTW,,07/07/23,,2023,FH,N,,,,,,AHY,3,2,21.8,73.0,IC,Y,.,.,.,18.5,01103FE0AF,,,,,,7/7/23: Caught with PRR,,7/10/23,FG,,NA,NA,NA,NA,NA,NA,NA,NA,NA,NA,NA,NA,NA
2023,,3011-89233,GOR (was GYO),M,07/10/23,,2023,FM,P,,,,,,HY,1,1,21.3,77.1,IC,Y,.,.,.,17.4,3B00188DDA,,,,,,"Blood taken as nestling, not as adult.",Nestling info above. Recapture data here.,,,,NA,NA,NA,NA,NA,NA,NA,NA,NA,NA,NA,NA,NA
2023,,3011-89366,PNL,F,07/10/23,,2023,FP,N,,,,,,HY,2,1,20.1,71.0,JM,Y,.,.,.,16.8,01103FD98F,,,,,,crest updated as of 10/1/23,,"9/17/23, 10/1/23, 10/22/23","FQ, FP, FP",,NA,NA,NA,NA,NA,NA,NA,NA,NA,NA,NA,NA,NA
2023,repeat color bands… NOTE HOW YOU FIXED THIS THIS ON THE PAPER DATA SHEET ,2441-60948,SYW,,07/10/23,,2023,FR,P,,,,,,AHY,2,1,20.1,77.0,IC,Y,.,.,.,18.8,01103FA1F9,,,,,,Blood already in hand.,,,,,NA,NA,NA,NA,NA,NA,NA,NA,NA,NA,NA,NA,NA
2023,,3011-89371,PNR,,07/10/23,,2023,FQ,N,,,,,,HY,1,1,19.4,72.0,JM,Y,.,.,.,17.2,01103FDFF4,,,,,,Aggressive,,"9/17/2023, 10/22/23","FQ, FP",,NA,NA,NA,NA,NA,NA,NA,NA,NA,NA,NA,NA,NA
2023,,3011-89388,RWL,,07/10/23,,2023,FI,N,,,,,,HY,1,1,17.5,75.0,UE,Y,.,.,.,20.0,3B0018BBFA,,,,,,"Flew away before mass taken. ""Huge feet small legs"". 7/29/23: Flew away before mass was taken again, and was caught with RBW",Mass was taken 9/10/23,"7/29/23, 9/10/23, 6/24/24","FJ, FJ, FJ",,NA,NA,NA,NA,NA,NA,NA,NA,NA,NA,NA,NA,NA
2023,,3011-89217,GOY,F,07/10/23,,2023,FC,P,,,,,,HY,1,1,19.5,71.0,UE,.,.,.,.,16.4,3B0018F987,,,,,,Nestling from NB81 (info above),Blood already in hand!,9/10/23,FC,,NA,NA,NA,NA,NA,NA,NA,NA,NA,NA,NA,NA,NA
2023,,3011-89390,RNL,M,07/10/23,,2023,FK,N,,,,,,HY,1,1,20.2,75.5,OS,Y,.,.,.,19.2,3B0018EB55,,,,,,"7/10: captured with GWT, has spots on head",,,,,NA,NA,NA,NA,NA,NA,NA,NA,NA,NA,NA,NA,NA
2023,,3011-89365,RNN,,07/19/23,,2023,FH,N,,,,,,HY,1,1,19.6,71.8,OS,Y,.,.,.,15.6,3B0018BF15,,,,,,,,,,,NA,NA,NA,NA,NA,NA,NA,NA,NA,NA,NA,NA,NA
2023,repeat color bands… NOTE HOW YOU FIXED THIS THIS ON THE PAPER DATA SHEET ,3011-89367,RNS,,07/19/23,,2023,FB,N,,,,,,HY,1 (2),1,20.2,70.1,MH,Y,.,.,.,18.2,3B0019084F,,,,,,Crest is now a 2 (9/10/23),,9/10/23,FB,,NA,NA,NA,NA,NA,NA,NA,NA,NA,NA,NA,NA,NA
2023,,2691-21880,CTS,F,07/19/23,,2023,FG,P,,,,,,AHY,2,2,19.7,73.0,MH,Y,.,.,.,16.6,3B001840DE,,,,,,,,,,,NA,NA,NA,NA,NA,NA,NA,NA,NA,NA,NA,NA,NA
2023,repeat color bands… NOTE HOW YOU FIXED THIS THIS ON THE PAPER DATA SHEET ,3011-89368,RBB,M,07/29/23,,2023,FC,N,,,,,,HY,1,1,19.8,77.0,JM,Y,.,.,.,18.9,3B0018FFDF,,,,,,"Update: Crest 3, LM 2 9/24/23",,9/24/23,FB,,NA,NA,NA,NA,NA,NA,NA,NA,NA,NA,NA,NA,NA
2023,,3011-89391,RBR,,07/29/23,,2023,FI,N,,,,,,HY,1,1,21.2,76.0,IC,Y,.,.,.,18.4,3B0018BE3B,,,,,,,,,,,NA,NA,NA,NA,NA,NA,NA,NA,NA,NA,NA,NA,NA
2023,,3011-89392,RBW,M,07/29/23,,2023,FJ,N,,,,,,HY,1,1,20.8,78.0,JM,Y,.,.,.,18.5,3B001936F6,,,,,,Caught with RWL,,,,,NA,NA,NA,NA,NA,NA,NA,NA,NA,NA,NA,NA,NA
2023,,3011-89369,RBL,,07/29/23,,2023,FB,N,,,,,,HY,1,1,18.9,72.0,IC,Y,.,.,.,.,3B0018960C,,,,,,"Panting very heavily and wasn't moving much, so chose to let go before mass was taken for the bird's safety. Also caught with RBY.",,,,,NA,NA,NA,NA,NA,NA,NA,NA,NA,NA,NA,NA,NA
2023,,3011-89370,RBY,M,07/29/23,,2023,FB,N,,,,,,HY,1,1,21.7,78.0,JM,Y,.,.,.,18.9,3B001916B8,,,,,,Caught with RBL.,,,,,NA,NA,NA,NA,NA,NA,NA,NA,NA,NA,NA,NA,NA
2023,NEED BLOOD,3011-89346,PYR,,07/29/23,,2023,FE,P,,,,,,HY,2,1,22.1,79.0,IC,.,.,.,.,19.9,01103FD9B8,,,,,,"Already have blood from nestling, was a nestling this season (Summer 23). Also caught with PBO.",,,,,NA,NA,NA,NA,NA,NA,NA,NA,NA,NA,NA,NA,NA
2023,,3011-89393,RBT,M,07/29/23,,2023,FC,N,,,,,,AHY,3,2,20.8,76.0,JM,Y,.,.,.,19.4,3B004C93C0,,,,,,,,"9/10/2023,9/24/23,6/18/24, 3/30/25","FB,FA,FB",,NA,NA,NA,NA,NA,NA,NA,NA,NA,NA,NA,NA,NA
2023,,3011-89343,PLS,M,09/10/23,,2023,FE,P,,,,,,HY,2,1,21.5,79.0,JM,.,.,.,.,20.5,01103FE2F4,,,,,,Caught with another bird (did not identify combo),,,,,NA,NA,NA,NA,NA,NA,NA,NA,NA,NA,NA,NA,NA
2023,,3011-89395,RRY,F,09/10/23,,2023,FA,N,,,,,,HY,1,1,21.5,74.5,IC,Y,.,.,.,17.8,3B00181EC1,,,,,,,,,,,NA,NA,NA,NA,NA,NA,NA,NA,NA,NA,NA,NA,NA
2023,,3011-89396,RRW,,09/10/23,,2023,FI,N,,,,,,HY,2,1,21.2,74.0,JM,Y,.,.,.,17.2,3B00183788,,,,,,,,,,,NA,NA,NA,NA,NA,NA,NA,NA,NA,NA,NA,NA,NA
2023,,3011-89345,PYB,M,09/10/23,,2023,FE,P,,,,,,HY,2,1,24.2,75.0,JM,Y,.,.,.,19.4,01103FD9B8,,,,,,Tip of beak was broken off,,"9/24/23, 10/8/23, 10/29/23","FE, FE, FE",,NA,NA,NA,NA,NA,NA,NA,NA,NA,NA,NA,NA,NA
2023,,3011-89394,RRR,M,09/10/23,,2023,FA,N,,,,,,HY,2,1,20.5,73.5,IC,Y,.,.,.,18.9,3B001923F9,,,,,,,,9/24/23,FA,,NA,NA,NA,NA,NA,NA,NA,NA,NA,NA,NA,NA,NA
2023,,2711-56888,GDW (was GYW),M,09/17/23,,2023,FM,R,,,,,,.,3,2,23.0,76.0,AS,.,.,.,.,20.3,01103FB6DC,,,,,,"Band combo is on 4 different birds, enter recapture in original entry by gov't ID # (no hyphon)",Changed from GYW to GDW 05/29/25,,,,NA,NA,NA,NA,NA,NA,NA,NA,NA,NA,NA,NA,NA
2023,,3011-89257,GLS,M,09/17/23,,2023,FM,P,IA,nestling,,NB13,,HY,2,1,22.2,72.0,IC,.,.,.,.,19.8,3B00192D13,,,,,,,,,,,NA,NA,NA,NA,NA,NA,NA,NA,NA,NA,NA,NA,NA
2023,,3011-89338,PLL,M,09/17/23,,2023,FO,P,IA,nestling,,NB52,,HY,2,.,20.5,71.0,AS,.,.,.,.,25.1,01103FDC4E,,,,,,,,,,,NA,NA,NA,NA,NA,NA,NA,NA,NA,NA,NA,NA,NA
2023,,3011-89399,RTB,M,09/17/23,,2023,FS,N,,,,,,.,.,.,20.5,75.5,OS,Y,.,.,.,19.9,3B00194B02,,,,,,Bird flew away before age & color were assessed,"Band combo was wrong in sheet and actual band combo was a duplicate; was RBG on sheet but actually banded RBT, both physical bands and sheet changed to RTB",10/22/23,FU,,NA,NA,NA,NA,NA,NA,NA,NA,NA,NA,NA,NA,NA
2023,,3011-89398,RBO,,09/17/23,,2023,FU,N,,,,,,AHY,3,2,21.3,75.5,IC,Y,.,.,.,20.2,3B0018EB57,,,,,,,,10/22/23,FU,,NA,NA,NA,NA,NA,NA,NA,NA,NA,NA,NA,NA,NA
2023,,3011-89339,PLY,,09/17/23,,2023,FO,P,IA,nestling,,NB52,,HY,2,1,20.7,77.0,OS,Y,.,.,.,17.3,01103FE581,,,,,,"measurements updated on 10/1, old measurements retained in scans & physical copies",,10/1/23,FQ,,NA,NA,NA,NA,NA,NA,NA,NA,NA,NA,NA,NA,NA
2023,,3011-89259,GNR,M,09/17/23,,2023,FL,P,IA,nestling,,NB13,,HY,2,2,20.9,72.5,OS,Y,.,.,.,18.9,3B00190C0A,,,,,,data error in banding sheet  89258 --> 9,,,,,NA,NA,NA,NA,NA,NA,NA,NA,NA,NA,NA,NA,NA
2023,,3011-89315,SYB,,09/17/23,,2023,FL,P,IA,nestling,,NB14,,HY,2,2,20.0,79.5,IC,Y,.,.,.,19.4,3B00186857,,,,,,,,,,,NA,NA,NA,NA,NA,NA,NA,NA,NA,NA,NA,NA,NA
2023,,3011-89397,RBS,,09/17/23,,2023,FQ,N,,,,,,AHY,3,2,20.9,73.0,AS,Y,.,.,.,25.5,3B0018BF09,,,,,,,,,,,NA,NA,NA,NA,NA,NA,NA,NA,NA,NA,NA,NA,NA
2023,,2691-21957,WRT,M,09/17/23,,2023,FS,P,IA,nestling,,NB17,,HY,2,2,20.0,78.0,IC,Y,.,.,.,19.6,3B001820DB,,,,,,only one band when caught changed from WRG to WRT,"previous note is on the sheet but idk what was actually changed, the only other time this gov't ID was used it was a WRT",04/13/25,NB17,,NA,NA,NA,NA,NA,NA,NA,NA,NA,NA,NA,NA,NA
2023,,3011-89400,RBN,,09/24/23,,2023,FB,N,,,,,,HY,2,1,19.8,74.0,KS,Y,.,.,.,17.8,3B004937B6,,,,,,,,,,,NA,NA,NA,NA,NA,NA,NA,NA,NA,NA,NA,NA,NA
2023,,3011-89501,RRB,M,09/24/23,,2023,FF,N,,,,,,.,2,2,21.0,72.0,OS,N,.,.,.,18.0,3B0018D1AF,,,,,,"OS & MS tried to bleed, tried both wings, bad bleeder","did take some blood but probably not enough to use; TM 03/28/26: decided this must have been mis-transcribed onto paper (see other N birds at this time). this was listed as 89507, but must be 89501 (I changed it to 89501 to reflect this)",,,,NA,NA,NA,NA,NA,NA,NA,NA,NA,NA,NA,NA,NA
2023,,3011-89502,RRS,M,09/24/23,,2023,FA,N,,,,,,HY,2,1,19.1,71.5,"MS,OS",Y,.,.,.,16.8,3B00185AC6,,,,,,,,,,,NA,NA,NA,NA,NA,NA,NA,NA,NA,NA,NA,NA,NA
2023,"VERIFY AND MAYBE CHANGE BANDS. First verify bands of birds in hand and write that down (metal and color),  and re-band if actually is PBW, as that would be a repeat band combo, and needs totally new combo. NOTE HOW YOU FIXED THIS ON THE PAPER DATA SHEET ",3011-89322,PBW,,10/01/23,,2023,FQ,P,IA,nestling,,NB18,,HY,.,1,20.5,71.0,MS,N,.,.,.,19.0,01103FE6AC,,,,,,,,,,,NA,NA,NA,NA,NA,NA,NA,NA,NA,NA,NA,NA,NA
2023,,2691-21998,GNS,M,10/01/23,,2023,FQ,P,IA,nestling,,NB62,,HY,3,2,.,.,KS,N,.,.,.,.,3B0018F6E6,,,,,,,,,,,NA,NA,NA,NA,NA,NA,NA,NA,NA,NA,NA,NA,NA
2023,,3011-89318,PBP (was PBB),M,10/01/23,,2023,FP,P,IA,nestling,,NB18 2023,,HY,2,1,20.1,77.0,KS,N,.,.,.,20.3,01103FE44F,,,,,,,Color bands changed from PBB to PBP 04/22/26,,,,NA,NA,NA,NA,NA,NA,NA,NA,NA,NA,NA,NA,NA
2023,repeat color bands… NOTE HOW YOU FIXED THIS THIS ON THE PAPER DATA SHEET ,3011-89599,RRT,M,10/08/23,,2023,FJ,N,,,,,,AHY,3,2,20.0,80.0,"JM, IC",Y,.,.,.,18.0,3B00190106,,,,,,,,,,,NA,NA,NA,NA,NA,NA,NA,NA,NA,NA,NA,NA,NA
2023,repeat color bands… NOTE HOW YOU FIXED THIS THIS ON THE PAPER DATA SHEET ,3011-89505,RYY,,10/22/23,,2023,FU,N,,,,,,HY,1,1,19.0,74.5,OS,Y,.,.,.,17.8,3B0018B6B9,,,,,,,,,,,NA,NA,NA,NA,NA,NA,NA,NA,NA,NA,NA,NA,NA
2023,repeat color bands… NOTE HOW YOU FIXED THIS THIS ON THE PAPER DATA SHEET ,3011-89506,RLR,F,10/29/23,,2023,FB,N,,,,,,HY,2,1,19.5,72.0,"KS, JM",Y,.,.,.,15.5,3B00182E2D,,,,,,,,,,,NA,NA,NA,NA,NA,NA,NA,NA,NA,NA,NA,NA,NA
2023,repeat color bands… NOTE HOW YOU FIXED THIS THIS ON THE PAPER DATA SHEET ,3011-89503,RRN,M,10/22/23,,2023,FU,N,,,,,,AHY,3,2,20.3,79.0,AL,Y,.,.,.,18.4,3B00190598,,,,,,,,,,,NA,NA,NA,NA,NA,NA,NA,NA,NA,NA,NA,NA,NA
2023,,2691-21960,WRY,M,10/22/23,,2023,FQ,P,IA,nestling,2023,NB17,1,HY,2,1,20.2,76.5,OS,N,.,.,.,17.5,3B0018B76E,,,,,,,,,,,NA,NA,NA,NA,NA,NA,NA,NA,NA,NA,NA,NA,NA
2023,,3011-89598,RRP,M,10/22/23,,2023,FQ,N,,,,,,AHY,3,3,21.0,76.0,OS,Y,.,.,.,18.5,3B001A2826,,,,,,,Changed from RRO to RRP on 07/08/24,06/13/24,"FR, FQ",,NA,NA,NA,NA,NA,NA,NA,NA,NA,NA,NA,NA,NA
2023,,3011-89504,RSR,M,10/22/23,,2023,FN,N,,,,,,HY,2,1,20.2,76.5,AL,Y,.,.,.,17.8,3B00498E11,,,,,,,Band combo changed from RYR to RSR 05/22/25,,,,NA,NA,NA,NA,NA,NA,NA,NA,NA,NA,NA,NA,NA
2024,repeat color bands… NOTE HOW YOU FIXED THIS THIS ON THE PAPER DATA SHEET ,3011-89519,RNS,,03/24/24,,2024,NB15B,N,,,,,,AHY,2,.,.,.,JNM,.,.,.,.,.,3B0018C94C,,,,,,Parent at NB 15B,,,,,NA,NA,NA,NA,NA,NA,NA,NA,NA,NA,NA,NA,NA
2024,,3011-89521,RRL,,04/07/24,,2024,NB13,N,,,,,,Nestling,.,.,19.6,.,"IC, AL",Y,.,.,.,22.1,3B00193E27,,,,,,,,,,,NA,NA,NA,NA,NA,NA,NA,NA,NA,NA,NA,NA,NA
2024,repeat color bands… NOTE HOW YOU FIXED THIS THIS ON THE PAPER DATA SHEET ,3011-89522,RRT,F,04/07/24,,2024,NB19,N,,,,,,Nestling,.,.,18.6,.,AL,Y,.,.,.,16.8,3B0049C49C,,,,,,,,,,,NA,NA,NA,NA,NA,NA,NA,NA,NA,NA,NA,NA,NA
2024,,3011-89523,RRO,M,04/07/24,,2024,NB19,N,,,,,,Nestling,.,.,19.8,.,MH,Y,.,.,.,17.2,3B0018D998,,,,,,,,07/01/24,FI,,NA,NA,NA,NA,NA,NA,NA,NA,NA,NA,NA,NA,NA
2024,repeat color bands… NOTE HOW YOU FIXED THIS THIS ON THE PAPER DATA SHEET ,3011-89525,RRN,M,04/07/24,,2024,NB19,N,,,,,,Nestling,.,.,18.7,.,AL,Y,.,.,.,16.0,3B0018C968,,,,,,"Too small, missing RFID",,,,,NA,NA,NA,NA,NA,NA,NA,NA,NA,NA,NA,NA,NA
2024,,3011-89318,PBP (was PBB),M,04/07/24,,2024,NB16A,P,IA,nestling,,NB18 2023,,AHY,2,3,20.3,75.0,AL,Y,.,.,.,19.5,01103FE44F,,,,,,"""in sheet as PBB"" but in this day's sheet it was LBB -- pretty sure it is PBB becuase its recorded multiple times and we don't have L RFID bands","Changed to P, BG from PBB, dupe combo (tgmnote 03_17_26: but this bird caught in 2 following years and ID'd as PBB), Color bands changed from PBB to PBP 04/22/26","06/26/24, 11/17/2024, 04/13/25","FP, FP, ",,NA,NA,NA,NA,NA,NA,NA,NA,NA,NA,NA,NA,NA
2024,,3011-89526,RLB,F,04/07/24,,2024,NB15C,N,,,,,,AHY,1,1,18.7,66.0,AL,Y,.,.,.,17.3,3B001945B9,,,,,,Other parent unbanded,Written as 3011-389526 but I am sure it is supposed to be 3011-89526 (how it is in this sheet),,,,NA,NA,NA,NA,NA,NA,NA,NA,NA,NA,NA,NA,NA
2024,missing color bands?,3011-89527,???,F,04/10/24,,2024,NB16B,N,,,,,,AHY,1,2,20.2,71.0,OS,Y,.,.,.,21.9,3B004CE5B6,,,,,,Parent at NB 16B,Reused band combo,,,,NA,NA,NA,NA,NA,NA,NA,NA,NA,NA,NA,NA,NA
2024,,3011-89528,RYB,F,04/10/24,,2024,NB16A,N,,,,,,Nestling,.,.,17.6,.,JNM,Y,.,.,.,20.4,3B0018B82B,,,,,,,,,,,NA,NA,NA,NA,NA,NA,NA,NA,NA,NA,NA,NA,NA
2024,,3011-89529,RYR,,04/10/24,,2024,NB16A,N,,,,,,Nestling,.,.,19.9,.,JNM,Y,.,.,.,16.0,3B0018B253,,,,,,,,,,,NA,NA,NA,NA,NA,NA,NA,NA,NA,NA,NA,NA,NA
2024,,3011-89530,RYL,F,04/10/24,,2024,NB16A,N,,,,,,Nestling,.,.,19.3,.,JNM,Y,.,.,.,16.1,3B00185B92,,,,,,,,,,,NA,NA,NA,NA,NA,NA,NA,NA,NA,NA,NA,NA,NA
2024,repeat color bands… NOTE HOW YOU FIXED THIS THIS ON THE PAPER DATA SHEET ,3011-89531,RYY,F,04/10/24,,2024,NB16A,N,,,,,,Nestling,.,.,18.8,.,JNM,Y,.,.,.,15.9,3B0018DC30,,,,,,,,,,,NA,NA,NA,NA,NA,NA,NA,NA,NA,NA,NA,NA,NA
2024,,3011-89532,RYW,F,04/10/24,,2024,NB16A,N,,,,,,Nestling,.,.,19.2,.,JNM,Y,.,.,.,15.6,3B0018D167,,,,,,,,,,,NA,NA,NA,NA,NA,NA,NA,NA,NA,NA,NA,NA,NA
2024,,3011-89533,RYT,F,04/10/24,,2024,NB16A,N,,,,,,Nestling,.,.,19.8,.,JNM,Y,.,.,.,16.6,3B00193BC7,,,,,,,,,,,NA,NA,NA,NA,NA,NA,NA,NA,NA,NA,NA,NA,NA
2024,,3011-89534,RYO,F,04/10/24,,2024,NB16A,N,,,,,,Nestling,.,.,16.6,.,JNM,Y,.,.,.,15.6,3B00193544,,,,,,l,,,,,NA,NA,NA,NA,NA,NA,NA,NA,NA,NA,NA,NA,NA
2024,,3011-89535,RYS,F,04/10/24,,2024,NB19,N,,,,,,Nestling,.,.,18.6,.,KS,Y,.,.,.,18.3,3B00190792,,,,,,,,,,,NA,NA,NA,NA,NA,NA,NA,NA,NA,NA,NA,NA,NA
2024,,3011-89536,RYN,M,04/10/24,,2024,NB19,N,,,,,,Nestling,.,.,21.8,.,OS,Y,.,.,.,20.0,3B00192D9C,,,,,,,,,,,NA,NA,NA,NA,NA,NA,NA,NA,NA,NA,NA,NA,NA
2024,,3011-89537,RWB,F,04/10/24,,2024,NB19,N,,,,,,Nestling,.,.,18.6,.,OS,Y,.,.,.,18.0,3B00192975,,,,,,,,,,,NA,NA,NA,NA,NA,NA,NA,NA,NA,NA,NA,NA,NA
2024,,3011-89542,RWR,M,04/10/24,,2024,NB19,N,,,,,,Nestling,.,.,20.5,.,KS,Y,.,.,.,19.0,3B00183B3C,,,,,,,,,,,NA,NA,NA,NA,NA,NA,NA,NA,NA,NA,NA,NA,NA
2024,,3011-89538,RWY,F,04/10/24,,2024,NB03 ,N,,,,,,Nestling,.,.,18.5,.,KS,Y,.,.,.,17.0,3B0018771D,,,,,,,,,,,NA,NA,NA,NA,NA,NA,NA,NA,NA,NA,NA,NA,NA
2024,,3011-89539,RWW,M,04/10/24,,2024,NB03 ,N,,,,,,Nestling,.,.,20.2,.,OS,Y,.,.,.,19.2,3B00183443,,,,,,,,,,,NA,NA,NA,NA,NA,NA,NA,NA,NA,NA,NA,NA,NA
2024,,3011-89540,RWT,M,04/10/24,,2024,NB03 ,N,,,,,,Nestling,.,.,19.4,.,.,Y,.,.,.,17.4,3B0018CF4D,,,,,,,,,,,NA,NA,NA,NA,NA,NA,NA,NA,NA,NA,NA,NA,NA
2024,,3011-89541,RWS,M,04/10/24,,2024,NB13,N,,,,,,AHY,2,1,19.9,72.0,OS,Y,.,.,.,16.9,3B00194CDB,,,,,,Parent,,,,,NA,NA,NA,NA,NA,NA,NA,NA,NA,NA,NA,NA,NA
2024,,3011-89543,RWN,M,04/10/24,,2024,NB13,N,,,,,,Nestling,.,.,19.9,.,.,Y,.,.,.,16.4,3B0019389F,,,,,,,,,,,NA,NA,NA,NA,NA,NA,NA,NA,NA,NA,NA,NA,NA
2024,repeat color bands… NOTE HOW YOU FIXED THIS THIS ON THE PAPER DATA SHEET ,3011-89544,RTB,M,04/10/24,,2024,NB13,N,,,,,,Nestling,.,.,18.8,.,.,Y,.,.,.,18.1,3B00493F23,,,,,,,,,,,NA,NA,NA,NA,NA,NA,NA,NA,NA,NA,NA,NA,NA
2024,,3011-89545,RTR,M,04/10/24,,2024,NB13,N,,,,,,Nestling,.,.,19.5,.,.,Y,.,.,.,17.9,3B00193251,,,,,,,,,,,NA,NA,NA,NA,NA,NA,NA,NA,NA,NA,NA,NA,NA
2024,,3011-89546,RTL,M,04/10/24,,2024,NB13,N,,,,,,Nestling,.,.,19.8,.,.,Y,.,.,.,17.9,3B00192105,,,,,,,,,,,NA,NA,NA,NA,NA,NA,NA,NA,NA,NA,NA,NA,NA
2024,,3011-89547,RTY,M,04/10/24,,2024,NB13,N,,,,,,Nestling,.,.,20.0,.,.,Y,.,.,.,18.3,3B00189E41,,,,,,,,,,,NA,NA,NA,NA,NA,NA,NA,NA,NA,NA,NA,NA,NA
2024,,3011-89520,RWO,M,04/10/24,,2024,NB13,N,,,,,,Nestling,.,.,19.8,.,IC,Y,.,.,.,18.0,3B0018C8EB,,,,,,"(4/7) Too small, missing all bands except the gov. band. Rest of data taken 4/10","Some data recorded 4/10 (given colored bands, blood, mass, and tarsus)",,,,NA,NA,NA,NA,NA,NA,NA,NA,NA,NA,NA,NA,NA
2024,repeat color bands… NOTE HOW YOU FIXED THIS THIS ON THE PAPER DATA SHEET ,3011-89507,RLR,M,04/13/24,,2024,NB15C,N,,,,,,AHY,3,3,19.4,74.0,JNM,Y,.,.,.,18.5,3B001949A4,NB15C,,,,,Parent at NB15C,,,,,NA,NA,NA,NA,NA,NA,NA,NA,NA,NA,NA,NA,NA
2024,,3011-89284,GTR,F,04/13/24,,2024,NB17,P,IA,nestling,2023,NB50,2,SY,2,2,.,.,OS,.,.,.,.,.,3B00188B4E,,,,,,Escaped before measurements; parent at NB17,,,,,NA,NA,NA,NA,NA,NA,NA,NA,NA,NA,NA,NA,NA
2024,,3011-89360,PNY,,04/13/24,,2024,NB03 ,P,,,,,,AHY,2,1,21.2,73.0,JNM,Y,.,.,.,16.4,01103FDDC0,,,,,,Parent at NB03,Blood and measurements from 7/4/23,,,,NA,NA,NA,NA,NA,NA,NA,NA,NA,NA,NA,NA,NA
2024,,3011-89548,YBB,F,04/13/24,,2024,NB22,N,,,,,,AHY,3,2,19.7,75.0,AL,Y,.,.,.,17.8,3B004CA3B1,,,,,,biter,,,,,NA,NA,NA,NA,NA,NA,NA,NA,NA,NA,NA,NA,NA
2024,,3011-89549,YBR,F,04/13/24,,2024,NB12,N,,,,,,AHY,2,1,20.0,71.0,AL,.,.,.,.,17.8,3B004CB02F,,,,,,Horrible bleeder; tried both wings,,,,,NA,NA,NA,NA,NA,NA,NA,NA,NA,NA,NA,NA,NA
2024,,3011-89550,YBL,F,04/14/24,,2024,NB15C,N,,,,,,Nestling,.,.,18.5,.,AL,Y,.,.,.,15.4,3B004CB506,,,,,,,,,,,NA,NA,NA,NA,NA,NA,NA,NA,NA,NA,NA,NA,NA
2024,,3011-89551,YBY,M,04/14/24,,2024,NB15C,N,,,,,,Nestling,.,.,19.2,.,OS,Y,.,.,.,17.3,3B00495EB3,,,,,,,,,,,NA,NA,NA,NA,NA,NA,NA,NA,NA,NA,NA,NA,NA
2024,,3011-89552,YBW,F,04/14/24,,2024,NB15C,N,,,,,,Nestling,.,.,18.6,.,AL,Y,.,.,.,15.8,3B001A5791,,,,,,,,,,,NA,NA,NA,NA,NA,NA,NA,NA,NA,NA,NA,NA,NA
2024,,3011-89553,YBG,M,04/14/24,,2024,NB15C,N,,,,,,Nestling,.,.,18.5,.,OS,Y,.,.,.,17.8,3B0019A62F,,,,,,,,,,,NA,NA,NA,NA,NA,NA,NA,NA,NA,NA,NA,NA,NA
2024,,3011-89554,YBT,M,04/14/24,,2024,NB15C,N,,,,,,Nestling,.,.,18.5,.,AL,Y,.,.,.,16.4,3B00194A12,,,,,,,,,,,NA,NA,NA,NA,NA,NA,NA,NA,NA,NA,NA,NA,NA
2024,,3011-89555,YBO,F,04/14/24,,2024,NB15C,N,,,,,,Nestling,.,.,18.7,.,OS,Y,.,.,.,16.5,3B004C3338,,,,,,,,,,,NA,NA,NA,NA,NA,NA,NA,NA,NA,NA,NA,NA,NA
2024,,3011-89556,YBS,F,04/14/24,,2024,NB21,N,,,,,,Nestling,.,.,18.3,.,OS,Y,.,.,.,17.0,3B004ACFE0,,,,,,,,,,,NA,NA,NA,NA,NA,NA,NA,NA,NA,NA,NA,NA,NA
2024,,3011-89557,YBN,M,04/14/24,,2024,NB21,N,,,,,,Nestling,.,.,19.2,.,AL,Y,.,.,.,16.8,3B004BE2AA,,,,,,,,07/01/24,,,NA,NA,NA,NA,NA,NA,NA,NA,NA,NA,NA,NA,NA
2024,,3011-89558,YRB,F,04/14/24,,2024,NB21,N,,,,,,Nestling,.,.,19.5,.,OS,Y,.,.,.,16.2,3B004C9785,,,,,,,,,,,NA,NA,NA,NA,NA,NA,NA,NA,NA,NA,NA,NA,NA
2024,,3011-89559,YRR,M,04/14/24,,2024,NB21,N,,,,,,Nestling,.,.,18.3,.,AL,Y,.,.,.,15.9,3B004BDA63,,,,,,"Top marked with ""3011-89558"" --> should be 3011-89559 (correct number written on the side)",,,,,NA,NA,NA,NA,NA,NA,NA,NA,NA,NA,NA,NA,NA
2024,,3011-89560,YRL,M,04/14/24,,2024,NB21,N,,,,,,Nestling,.,.,18.3,.,OS,Y,.,.,.,16.2,3B004CF4BF,,,,,,,,,,,NA,NA,NA,NA,NA,NA,NA,NA,NA,NA,NA,NA,NA
2024,,3011-89561,YRY,M,04/14/24,,2024,NB21,N,,,,,,Nestling,.,.,18.8,.,AL,Y,.,.,.,16.2,3B00193AA1,,,,,,,,,,,NA,NA,NA,NA,NA,NA,NA,NA,NA,NA,NA,NA,NA
2024,,3011-89562,YRW,M,04/14/24,,2024,NB17,N,,,,,,Nestling,.,.,18.5,.,OS,Y,.,.,.,15.7,3B001A4676,,,,,,,,07/08/24,FT,,NA,NA,NA,NA,NA,NA,NA,NA,NA,NA,NA,NA,NA
2024,,3011-89563,YRG,M,04/14/24,,2024,NB17,N,,,,,,Nestling,.,.,19.1,.,AL,Y,.,.,.,16.1,3B004BE26C,,,,,,,,,,,NA,NA,NA,NA,NA,NA,NA,NA,NA,NA,NA,NA,NA
2024,,3011-89564,YRT,M,04/14/24,,2024,NB17,N,,,,,,Nestling,.,.,17.4,.,OS,Y,.,.,.,14.2,3B001A8125,,,,,,,,,,,NA,NA,NA,NA,NA,NA,NA,NA,NA,NA,NA,NA,NA
2024,,3011-89565,YRO,M,04/14/24,,2024,NB17,N,,,,,,Nestling,.,.,17.8,.,AL,Y,.,.,.,16.1,3B004B2CF6,,,,,,,,,,,NA,NA,NA,NA,NA,NA,NA,NA,NA,NA,NA,NA,NA
2024,,3011-89566,YRS,F,04/14/24,,2024,NB17,N,,,,,,Nestling,.,.,18.4,.,OS,Y,.,.,.,14.8,3B00193030,,,,,,Bad bleeder. Need more blood.,,,,,NA,NA,NA,NA,NA,NA,NA,NA,NA,NA,NA,NA,NA
2024,,3011-89567,YRN,,04/14/24,,2024,NB17,N,,,,,,Nestling,.,.,18.7,.,AL,Y,.,.,.,15.8,3B0048DEF3,,,,,,,,,,,NA,NA,NA,NA,NA,NA,NA,NA,NA,NA,NA,NA,NA
2024,NEED BLOOD,3011-89568,YYB,,04/17/24,,2024,NB06,N,,,,,,Nestling,.,.,19.9,.,TM,.,.,.,.,18.1,3B0049B5EF,,,,,,,,,,,NA,NA,NA,NA,NA,NA,NA,NA,NA,NA,NA,NA,NA
2024,NEED BLOOD,3011-89569,YYR,,04/17/24,,2024,NB06,N,,,,,,Nestling,.,.,20.4,.,TM,.,.,.,.,18.8,3B004A3207,,,,,,,,,,,NA,NA,NA,NA,NA,NA,NA,NA,NA,NA,NA,NA,NA
2024,NEED BLOOD,3011-89570,YYY,,04/17/24,,2024,NB06,N,,,,,,Nestling,.,.,19.9,.,TM,.,.,.,.,18.0,3B00497288,,,,,,,,,,,NA,NA,NA,NA,NA,NA,NA,NA,NA,NA,NA,NA,NA
2024,"2: repeat color bands… NOTE HOW YOU FIXED THIS THIS ON THE PAPER DATA SHEET, AND NEED BLOOD",3011-89571,YYW,,04/17/24,,2024,NB06,N,,,,,,Nestling,.,.,20.0,.,TM,.,.,.,.,17.7,3B004C81A9,,,,,,,,,,,NA,NA,NA,NA,NA,NA,NA,NA,NA,NA,NA,NA,NA
2024,NEED BLOOD,3011-89572,YYG,,04/17/24,,2024,NB06,N,,,,,,Nestling,.,.,19.1,.,TM,.,.,.,.,17.2,3B004C52B6,,,,,,,,,,,NA,NA,NA,NA,NA,NA,NA,NA,NA,NA,NA,NA,NA
2024,NEED BLOOD,3011-89573,YYT,,04/17/24,,2024,NB06,N,,,,,,Nestling,.,.,19.8,.,TM,.,.,.,.,16.6,3B00182A88,,,,,,,,,,,NA,NA,NA,NA,NA,NA,NA,NA,NA,NA,NA,NA,NA
2024,NEED BLOOD,3011-89574,YYO,,04/17/24,,2024,NB06,N,,,,,,Nestling,.,.,18.2,.,TM,.,.,.,.,17.2,3B00188313,,,,,,,,,,,NA,NA,NA,NA,NA,NA,NA,NA,NA,NA,NA,NA,NA
2024,NEED BLOOD,3011-89575,YWB,,04/17/24,,2024,NB18,N,,,,,,Nestling,.,.,19.7,.,TM,.,.,.,.,18.3,3B0048D16E,,,,,,,,,,,NA,NA,NA,NA,NA,NA,NA,NA,NA,NA,NA,NA,NA
2024,NEED BLOOD,3011-89576,YWR,,04/17/24,,2024,NB18,N,,,,,,Nestling,.,.,19.4,.,TM,.,.,.,.,21.0,3B0048C651,,,,,,,,,,,NA,NA,NA,NA,NA,NA,NA,NA,NA,NA,NA,NA,NA
2024,NEED BLOOD,3011-89577,YWY,,04/17/24,,2024,NB18,N,,,,,,Nestling,.,.,19.6,.,TM,.,.,.,.,19.6,3B004893C0,,,,,,,,,,,NA,NA,NA,NA,NA,NA,NA,NA,NA,NA,NA,NA,NA
2024,NEED BLOOD,3011-89578,YWW,,04/17/24,,2024,NB18,N,,,,,,Nestling,.,.,19.8,.,TM,.,.,.,.,19.0,3B004BCA20,,,,,,,,,,,NA,NA,NA,NA,NA,NA,NA,NA,NA,NA,NA,NA,NA
2024,,3011-89579,YWG,M,04/19/24,,2024,NB22,N,,,,,,Nestling,.,.,20.1,.,OS,Y,Y,.,.,18.1,3B004AF19F,,,,,,,,,,,NA,NA,NA,NA,NA,NA,NA,NA,NA,NA,NA,NA,NA
2024,,3011-89580,YWT,F,04/19/24,,2024,NB22,N,,,,,,Nestling,.,.,20.1,.,MS,Y,Y,.,.,17.1,3B00489571,,,,,,Feathers taken,,,,,NA,NA,NA,NA,NA,NA,NA,NA,NA,NA,NA,NA,NA
2024,,3011-89581,YWO,F,04/19/24,,2024,NB22,N,,,,,,Nestling,.,.,19.8,.,OS,Y,Y,.,.,17.5,3B004BD9B1,,,,,,Feathers taken,,,,,NA,NA,NA,NA,NA,NA,NA,NA,NA,NA,NA,NA,NA
2024,,3011-89582,YWS,M,04/19/24,,2024,NB22,N,,,,,,Nestling,.,.,21.0,.,MS,Y,Y,.,.,19.3,3B004A2BC1,,,,,,Feathers taken,,,,,NA,NA,NA,NA,NA,NA,NA,NA,NA,NA,NA,NA,NA
2024,,3011-89583,YWN,F,04/19/24,,2024,NB22,N,,,,,,Nestling,.,.,19.4,.,OS,Y,Y,.,.,17.1,3B004CEB86,,,,,,Feathers taken,,,,,NA,NA,NA,NA,NA,NA,NA,NA,NA,NA,NA,NA,NA
2024,,3011-89584,YGB,M,04/19/24,,2024,NB22,N,,,,,,Nestling,.,.,20.9,.,MS,Y,Y,.,.,19.5,3B00497561,,,,,,Feathers taken,,,,,NA,NA,NA,NA,NA,NA,NA,NA,NA,NA,NA,NA,NA
2024,,3011-89585,YGR,F,04/19/24,,2024,NB22,N,,,,,,Nestling,.,.,18.3,.,OS,Y,Y,.,.,18.5,3B00190287,,,,,,Feathers taken,,,,,NA,NA,NA,NA,NA,NA,NA,NA,NA,NA,NA,NA,NA
2024,,3011-89586,YGY,M,04/19/24,,2024,NB53,N,,,,,,Nestling,.,.,18.9,.,OS,Y,Y,.,.,19.0,3B001A79FF,,,,,,Feathers taken,,,,,NA,NA,NA,NA,NA,NA,NA,NA,NA,NA,NA,NA,NA
2024,,3011-89587,YGG,M,04/19/24,,2024,NB53,N,,,,,,Nestling,.,.,18.7,.,MS,Y,Y,.,.,17.9,3B004C2248,,,,,,Feathers taken,Green fades to yellow,07/08/24,FQ,,NA,NA,NA,NA,NA,NA,NA,NA,NA,NA,NA,NA,NA
2024,,3011-89588,YGT,F,04/19/24,,2024,NB53,N,,,,,,Nestling,.,.,18.5,.,OS,Y,Y,.,.,17.9,3B004C6C56,,,,,,Feathers taken,,,,,NA,NA,NA,NA,NA,NA,NA,NA,NA,NA,NA,NA,NA
2024,,3011-89589,YGO,F,04/19/24,,2024,NB53,N,,,,,,Nestling,.,.,19.2,.,MS,Y,Y,.,.,17.7,3B00495F2A,,,,,,Feathers taken,,,,,NA,NA,NA,NA,NA,NA,NA,NA,NA,NA,NA,NA,NA
2024,,3011-89590,YGS,F,04/19/24,,2024,NB53,N,,,,,,Nestling,.,.,18.6,.,OS,Y,Y,.,.,17.1,3B00196B67,,,,,,Feathers taken,,,,,NA,NA,NA,NA,NA,NA,NA,NA,NA,NA,NA,NA,NA
2024,,3011-89591,YGN,M,04/19/24,,2024,NB52,N,,,,,,Nestling,.,.,20.0,.,TM,Y,Y,.,.,18.5,3B004B3654,,,,,,Feathers taken,,,,,NA,NA,NA,NA,NA,NA,NA,NA,NA,NA,NA,NA,NA
2024,,3011-89592,YTB,F,04/19/24,,2024,NB52,N,,,,,,Nestling,.,.,19.7,.,TM,Y,Y,.,.,17.0,3B0019872C,,,,,,Feathers taken,,,,,NA,NA,NA,NA,NA,NA,NA,NA,NA,NA,NA,NA,NA
2024,,3011-89593,YTR,M,04/19/24,,2024,NB52,N,,,,,,Nestling,.,.,20.9,.,TM,Y,Y,.,.,18.1,3B004985A7,,,,,,Feathers taken,,,,,NA,NA,NA,NA,NA,NA,NA,NA,NA,NA,NA,NA,NA
2024,,3011-89594,YTY,F,04/19/24,,2024,NB52,N,,,,,,Nestling,.,.,19.0,.,TM,Y,Y,.,.,16.7,3B0018FED7,,,,,,Feathers taken,,,,,NA,NA,NA,NA,NA,NA,NA,NA,NA,NA,NA,NA,NA
2024,,3011-89595,YTW,F,04/19/24,,2024,NB52,N,,,,,,Nestling,.,.,20.2,.,TM,Y,Y,.,.,16.7,3B004BA2FB,,,,,,Feathers taken,,,,,NA,NA,NA,NA,NA,NA,NA,NA,NA,NA,NA,NA,NA
2024,,3011-89596,YTG,M,04/19/24,,2024,NB52,N,,,,,,Nestling,.,.,19.9,.,TM,Y,Y,.,.,18.3,3B004BECE8,,,,,,Feathers taken,,,,,NA,NA,NA,NA,NA,NA,NA,NA,NA,NA,NA,NA,NA
2024,,3011-89597,YTT,,04/21/24,,2024,NB16B,N,,,,,,Nestling,.,.,18.7,.,OS,Y,Y,.,.,15.9,3B004CCBF0,,,,,,Feathers taken,,,,,NA,NA,NA,NA,NA,NA,NA,NA,NA,NA,NA,NA,NA
2024,,3011-89600,YTO,,04/21/24,,2024,NB16B,N,,,,,,Nestling,.,.,20.2,.,MS,Y,Y,.,.,17.0,3B004D82C1,,,,,,Feathers taken,,,,,NA,NA,NA,NA,NA,NA,NA,NA,NA,NA,NA,NA,NA
2024,,3011-89601,YTS,,04/21/24,,2024,NB16B,N,,,,,,Nestling,.,.,17.3,.,OS,Y,Y,.,.,13.4,3B00189665,,,,,,Feathers taken,,,,,NA,NA,NA,NA,NA,NA,NA,NA,NA,NA,NA,NA,NA
2024,,3011-89602,YTN,,04/21/24,,2024,NB16B,N,,,,,,Nestling,.,.,18.6,.,MS,Y,Y,.,.,15.6,3B004C0EE4,,,,,," RFID did not turn, redo RFID",,,,,NA,NA,NA,NA,NA,NA,NA,NA,NA,NA,NA,NA,NA
2024,,3011-89603,YOB,,04/21/24,,2024,NB16B,N,,,,,,Nestling,.,.,19.8,.,OS,Y,Y,.,.,15.7,3B004C3424,,,,,,,,,,,NA,NA,NA,NA,NA,NA,NA,NA,NA,NA,NA,NA,NA
2024,,3011-89604,YOR,F,04/21/24,,2024,NB46,N,,,,,,Nestling,.,.,.,.,OS,Y,Y,.,.,.,3B00184B0B,,,,,," too small for RFID, mass, tarsus",,,,,NA,NA,NA,NA,NA,NA,NA,NA,NA,NA,NA,NA,NA
2024,NEED BLOOD,3011-89605,YOY,,04/21/24,,2024,NB46,N,,,,,,Nestling,.,.,.,.,MS,.,Y,.,.,.,3B00498B19,,,,,," no blood, too small for RFID, mass, and tarsus",,,,,NA,NA,NA,NA,NA,NA,NA,NA,NA,NA,NA,NA,NA
2024,,3011-89606,YOW,F,04/21/24,,2024,NB20,N,,,,,,Nestling,.,.,17.8,.,MS,Y,Y,.,.,15.3,3B00498901,,,,,,,,,,,NA,NA,NA,NA,NA,NA,NA,NA,NA,NA,NA,NA,NA
2024,,3011-89607,YOG,,04/21/24,,2024,NB20,N,,,,,,Nestling,.,.,19.2,.,OS,Y,Y,.,.,17.0,3B001A5C73,,,,,,,,,,,NA,NA,NA,NA,NA,NA,NA,NA,NA,NA,NA,NA,NA
2024,,3011-89608,YOT,,04/21/24,,2024,NB20,N,,,,,,Nestling,.,.,18.1,.,MS,Y,Y,.,.,14.4,3B004B8ED8,,,,,,,,,,,NA,NA,NA,NA,NA,NA,NA,NA,NA,NA,NA,NA,NA
2024,,3011-89609,YOO,,04/21/24,,2024,NB20,N,,,,,,Nestling,.,.,19.3,.,OS,Y,Y,.,.,15.0,3B004AC68E,,,,,,,,,,,NA,NA,NA,NA,NA,NA,NA,NA,NA,NA,NA,NA,NA
2024,,3011-89610,YOS,M,04/21/24,,2024,NB20,N,,,,,,Nestling,.,.,18.8,.,MS,Y,Y,.,.,15.0,3B00493C05,,,,,,,,,,,NA,NA,NA,NA,NA,NA,NA,NA,NA,NA,NA,NA,NA
2024,repeat color bands… NOTE HOW YOU FIXED THIS THIS ON THE PAPER DATA SHEET ,3011-89611,YYS,,04/29/24,,2024,NB01,N,,,,,,Nestling,.,.,19.2,.,JNM,Y,Y,.,.,17.3,3B004B036F,,,,,,,,,,,NA,NA,NA,NA,NA,NA,NA,NA,NA,NA,NA,NA,NA
2024,,3011-89612,YYN,F,04/29/24,,2024,NB01,N,,,,,,Nestling,.,.,19.3,.,OS,Y,Y,.,.,16.2,3B004CA66D,,,,,,,,,,,NA,NA,NA,NA,NA,NA,NA,NA,NA,NA,NA,NA,NA
2024,,3011-89613,YON,,04/29/24,,2024,NB01,N,,,,,,Nestling,.,.,19.1,.,JNM,Y,Y,.,.,15.5,3B004C6661,,,,,,,,,,,NA,NA,NA,NA,NA,NA,NA,NA,NA,NA,NA,NA,NA
2024,,3011-89614,YGW,M,04/29/24,,2024,NB01,N,,,,,,Nestling,.,.,18.7,.,OS,Y,Y,.,.,16.2,3B004CF4ED,,,,,,,,,,,NA,NA,NA,NA,NA,NA,NA,NA,NA,NA,NA,NA,NA
2024,repeat color bands… NOTE HOW YOU FIXED THIS THIS ON THE PAPER DATA SHEET ,3011-89615,YSB,M,05/02/24,,2024,NB09,N,,,,,,Nestling,.,.,18.6,.,OS,Y,Y,.,.,15.3,3B004CD7EB,,,,,,,,,,,NA,NA,NA,NA,NA,NA,NA,NA,NA,NA,NA,NA,NA
2024,repeat color bands… NOTE HOW YOU FIXED THIS THIS ON THE PAPER DATA SHEET ,3011-89616,YSY,M,05/02/24,,2024,NB09,N,,,,,,Nestling,.,.,19.2,.,AL,Y,Y,.,.,17.7,3B00184E8A,,,,,,,,,,,NA,NA,NA,NA,NA,NA,NA,NA,NA,NA,NA,NA,NA
2024,,3011-89617,YSW,F,05/02/24,,2024,NB09,N,,,,,,Nestling,.,.,18.8,.,OS,Y,Y,.,.,15.8,3B0048B26D,,,,,,,,,,,NA,NA,NA,NA,NA,NA,NA,NA,NA,NA,NA,NA,NA
2024,,3011-89618,YBD,M,05/02/24,,2024,NB09,N,,,,,,Nestling,.,.,17.9,.,AL,Y,Y,.,.,16.3,3B0019BC66,,,,,,,Leg is too small so metal band in right ans RFID on left. No combo.,"6/24/24, 7/1/24, 7/1/24, 12/8/24","FH, FH, FG, FF",,NA,NA,NA,NA,NA,NA,NA,NA,NA,NA,NA,NA,NA
2024,repeat color bands… NOTE HOW YOU FIXED THIS THIS ON THE PAPER DATA SHEET ,3011-89619,YST,F,05/02/24,,2024,NB09,N,,,,,,Nestling,.,.,18.5,.,OS,Y,Y,.,.,15.3,3B0019A069,,,,,,,,,,,NA,NA,NA,NA,NA,NA,NA,NA,NA,NA,NA,NA,NA
2024,NEED BLOOD,3011-89356,PWL,,05/22/24,,2024,FI,P,,,,,,ASY,3,2,.,.,AL,.,.,.,.,.,01103FDA2E,,,,,,Very jumpy,,"6/4/24,","NB10 (snap trap),",,NA,NA,NA,NA,NA,NA,NA,NA,NA,NA,NA,NA,NA
2024,"2: repeat color bands… NOTE HOW YOU FIXED THIS THIS ON THE PAPER DATA SHEET , and get blood",3011-89599,RRT,M,05/22/24,,2024,FJ,P,,,,,,ASY,2,3,.,.,TM,.,.,.,.,.,3B00190106,,,,,,Bitey,,,,,NA,NA,NA,NA,NA,NA,NA,NA,NA,NA,NA,NA,NA
2024,,2711-56888,GDW (wasGYW),M,05/22/24,,2024,FL,P,,AHY,2023,F7 (GG),3+,ASY.,3,3,.,.,OS,.,Y,.,.,.,01103FB6DC,,,,,,"Repeat band combo, changed from GYW to GDW 05/29/25",,07/08/24,FK,,NA,NA,NA,NA,NA,NA,NA,NA,NA,NA,NA,NA,NA
2024,repeat color bands… NOTE HOW YOU FIXED THIS THIS ON THE PAPER DATA SHEET ,3011-89620,YSB,M,05/28/24,,2024,NB14,N,,,,,,AHY,2,3,20.4,75.3,JNM,Y,Y,.,.,18.9,3B004C047A,,,,,,parent,,6/11/24,FL,,NA,NA,NA,NA,NA,NA,NA,NA,NA,NA,NA,NA,NA
2024,,2691-21903,CRY,M,05/28/24,,2024,NB18,P,IA,nestling,2022,,4+,AHY,2,2,20.8,72.0,AL,.,Y,.,.,20.0,3B0018A9D4,,,,,, parent,,,,,NA,NA,NA,NA,NA,NA,NA,NA,NA,NA,NA,NA,NA
2024,repeat color bands… NOTE HOW YOU FIXED THIS THIS ON THE PAPER DATA SHEET ,3011-89621,YSY,M,05/31/24,,2024,NB18,N,,,,,,Nestling,.,.,19.8,.,OS,Y,.,.,.,18.6,3B0048A163,,,,,,,,,,,NA,NA,NA,NA,NA,NA,NA,NA,NA,NA,NA,NA,NA
2024,,3011-89622,YSD,M,05/31/24,,2024,NB18,N,,,,,,Nestling,.,.,20.1,.,"JM (AL verified), OS",Y,.,.,.,18.7,3B00485B5F,,,,,,"Originally YSW, is now YSD",,11/3/24,FT,,NA,NA,NA,NA,NA,NA,NA,NA,NA,NA,NA,NA,NA
2024,,3011-89623,YSG,F,05/31/24,,2024,NB18,N,,,,,,Nestling,.,.,19.3,.,OS,Y,.,.,.,16.7,3B0018F3BB,,,,,,,,,,,NA,NA,NA,NA,NA,NA,NA,NA,NA,NA,NA,NA,NA
2024,repeat color bands… NOTE HOW YOU FIXED THIS THIS ON THE PAPER DATA SHEET ,3011-89624,YST,,05/31/24,,2024,NB18,N,,,,,,Nestling,.,.,19.4,.,OS,Y,.,.,.,16.7,3B004CC789,,,,,,,,,,,NA,NA,NA,NA,NA,NA,NA,NA,NA,NA,NA,NA,NA
2024,,3011-89625,YSO,,06/04/24,,2024,NB14,N,,,,,,Nestling,.,.,19.7,.,OS,Y,Y,.,.,17.6,3B004858B2,,,,,,,,,,,NA,NA,NA,NA,NA,NA,NA,NA,NA,NA,NA,NA,NA
2024,NEED BLOOD,3011-89626,YSS,,06/04/24,,2024,NB14,N,,,,,,Nestling,.,.,19.8,.,AL,.,Y,.,.,18.7,3B004C7B1E,,,,,,"Bad bleeder, very little blood",,,,,NA,NA,NA,NA,NA,NA,NA,NA,NA,NA,NA,NA,NA
2024,,3011-89627,YSN,F,06/04/24,,2024,NB14,N,,,,,,Nestling,.,.,19.1,.,OS,Y,Y,.,.,15.9,3B0018317B,,,,,,,,,,,NA,NA,NA,NA,NA,NA,NA,NA,NA,NA,NA,NA,NA
2024,,3011-89393,RBT,M,06/05/24,,2024,FC,P,,,,,,ASY,3,3,.,.,AL,.,Y,.,.,.,.,,,,,,,,03/30/25,,,NA,NA,NA,NA,NA,NA,NA,NA,NA,NA,NA,NA,NA
2024,repeat color bands… NOTE HOW YOU FIXED THIS THIS ON THE PAPER DATA SHEET ,3011-89628,SYR,F,06/05/24,,2024,FB,N,,,,,,AHY,2,2,20.1,74.0,AL,Y,Y,.,.,17.0,3B00187685,,,,,,,,,,,NA,NA,NA,NA,NA,NA,NA,NA,NA,NA,NA,NA,NA
2024,,3011-89370,RBY,M,06/05/24,,2024,FB,P,,HY,2023,FB,2,SY,2,2,.,.,OS,.,.,.,.,.,.,,,,,,,,12/8/24,FB,,NA,NA,NA,NA,NA,NA,NA,NA,NA,NA,NA,NA,NA
2024,repeat color bands… NOTE HOW YOU FIXED THIS THIS ON THE PAPER DATA SHEET ,3011-89614,YYW,M,06/05/24,,2024,FB,P,IA,nestling,,NB01,,HY,1,1,19.3,73.7,OS,.,.,.,.,.,.,,,,,,,,,,,NA,NA,NA,NA,NA,NA,NA,NA,NA,NA,NA,NA,NA
2024,,2691-21966,WWB,F,06/06/24,,2024,FH,P,IA,nestling,2023,NB50,2,SY,2,2,20.0,77.0,AL,.,Y,.,.,18.1,.,,,,,,,,"07/01/24, 03/30/25",FH,,NA,NA,NA,NA,NA,NA,NA,NA,NA,NA,NA,NA,NA
2024,"2: repeat color bands… NOTE HOW YOU FIXED THIS THIS ON THE PAPER DATA SHEET , and get blood",3011-89261,GON,,06/06/24,,2024,FI,P,,,,,,ASY,2,2,19.7,71.3,OS,.,Y,.,.,17.8,.,,,,,,,"caught during trapping and recaught during snap trapping by separate team, this row is a compilation of that data from two sheets from the same day",6/6/24,NB10 (snap trap),,NA,NA,NA,NA,NA,NA,NA,NA,NA,NA,NA,NA,NA
2024,NEED BLOOD,3011-89388,RWL,,06/06/24,,2024,FJ,P,,,,,,AHY,2,2,.,.,AL,.,.,.,.,.,3B0018BBFA,,,,,,Flew away before feathers where taken,,6/6/24,FJ,,NA,NA,NA,NA,NA,NA,NA,NA,NA,NA,NA,NA,NA
2024,NEED BLOOD,2691-21817,CRT,,06/06/24,,2024,FG,P,IA,nestling,,NB20,,ASY,3,2,20.2,73.0,JM,.,Y,.,.,18.7,.,,,,,,,,,,,NA,NA,NA,NA,NA,NA,NA,NA,NA,NA,NA,NA,NA
2024,,3011-89501,RRB,M,06/06/24,,2024,FF,P,,,,,,AHY,2,2,.,.,AL,.,Y,.,.,.,3B0018D1AF,,,,,,"In master RFID sheet as 3011-89507, but it already exists on a different bird",,,,,NA,NA,NA,NA,NA,NA,NA,NA,NA,NA,NA,NA,NA
2024,,3011-89557,YBN,M,06/06/24,,2024,FG,P,IA,nestling,,NB21 2024,,HY,1,1,20.1,78.0,JM,.,Y,.,.,18.0,.,,,,,,,,"12/08/24, 1/26/25",FG,,NA,NA,NA,NA,NA,NA,NA,NA,NA,NA,NA,NA,NA
2024,repeat color bands… NOTE HOW YOU FIXED THIS THIS ON THE PAPER DATA SHEET ,3011-89629,SYR,M,06/06/24,,2024,FH,N,,,,,,HY,1,1,20.0,72.0,JM,Y,Y,.,.,17.0,3B001937F8,,,,,,Changed from SYR to SYN (Dup combo),"Seemed unable to fly away, held right wing weird","6/24/24, 6/24/24","FH,FH",,NA,NA,NA,NA,NA,NA,NA,NA,NA,NA,NA,NA,NA
2024,,3011-89630,SYY,F,06/06/24,,2024,FG,N,,,,,,HY,1,1,19.9,73.0,AL,Y,Y,.,.,18.1,3B00188C6C,,,,,,,,,,,NA,NA,NA,NA,NA,NA,NA,NA,NA,NA,NA,NA,NA
2024,NEED BLOOD,3011-89375,PWT,F,06/06/24,,2024,FG,P,,,,,,AHY,2,2,20.0,70.0,JM,.,Y,.,.,17.0,.,,,,,,,,07/01/24,FF,,NA,NA,NA,NA,NA,NA,NA,NA,NA,NA,NA,NA,NA
2024,,3011-89523,RRO,M,06/06/24,,2024,FI,P,IA,nestling,2024,NB19,1,HY,1,1,19.8,77.0,OS,.,.,.,.,18.9,.,,,,,,,,,,,NA,NA,NA,NA,NA,NA,NA,NA,NA,NA,NA,NA,NA
2024,NEED BLOOD,3011-89508,RTW,,06/06/24,,2024,FI,N,,,,,,HY,1,1,19.0,72.0,OS,.,Y,.,.,17.4,3B001895F2,,,,,,"No blood, bad bleeder",,,,,NA,NA,NA,NA,NA,NA,NA,NA,NA,NA,NA,NA,NA
2024,,3011-89596,YTG,M,06/11/24,,2024,FO,P,IA,nestling,,NB52,,HY,1,1,20.1,75.0,OS,.,.,.,.,17.4,.,,,,,,was missing TG bands on leg,,,,,NA,NA,NA,NA,NA,NA,NA,NA,NA,NA,NA,NA,NA
2024,,3011-89631,STD,,06/11/24,,2024,FN,N,,,,,,HY,1,1,18.2,70,JM,Y,Y,.,.,16.4,3B004D9DE8,,,,,,Missing part of crest ,,06/26/24,FO,,NA,NA,NA,NA,NA,NA,NA,NA,NA,NA,NA,NA,NA
2024,,3011-89270,GRS,F,06/11/24,,2024,FM,P,,,,,,AHY,2,2,18.8,73.0,OS,.,Y,.,.,17.0,.,,,,,,,,,,,NA,NA,NA,NA,NA,NA,NA,NA,NA,NA,NA,NA,NA
2024,,3011-89551,YBY,M,06/11/24,,2024,FO,P,IA,nestling,2024,NB15C,1,HY,1,1,20.5,74.0,OS,.,Y,.,.,17.9,.,,,,,,,,,,,NA,NA,NA,NA,NA,NA,NA,NA,NA,NA,NA,NA,NA
2024,,3011-89632,STT,M,06/11/24,,2024,FR,N,,,,,,HY,1,1,21.0,72.0,JM,Y,Y,.,.,19.2,3B0018533D,,,,,,"Captured with SBP, replaced green band (faded)",Rebanded from SBG to STT 09/21/25 ,"06/13/24, 11/17/2024","FR,FR, FQ",,NA,NA,NA,NA,NA,NA,NA,NA,NA,NA,NA,NA,NA
2024,,3011-89633,SBP,M,06/11/24,,2024,FR,N,,,,,,HY,1,1,20.9,74.0,OS,Y,Y,.,.,19.4,3B0018D5CA,,,,,,Captured with SBG,,"06/13/24, 07/08/24","FR,FR",,NA,NA,NA,NA,NA,NA,NA,NA,NA,NA,NA,NA,NA
2024,,3011-89634,SRG,M,06/11/24,,2024,FQ,N,,,,,,HY,1,1,19.1,70.0,JM,Y,Y,.,.,17.2,3B00186F37,,,,,,,,,,,NA,NA,NA,NA,NA,NA,NA,NA,NA,NA,NA,NA,NA
2024,,3011-89635,SRP,F,06/11/24,,2024,FQ,N,,,,,,AHY,2,1,20.1,69.5,"OS, OS",Y,Y,.,.,17.6,3B0018EC83,,,,,,"Pink band missing, replaced",,"07/08/24,   11/03/24",FQ,,NA,NA,NA,NA,NA,NA,NA,NA,NA,NA,NA,NA,NA
2024,,3011-89636,YPB,,06/11/24,,2024,NB10,N,,,,,,Nestling,.,.,17.6,.,JM,Y,Y,.,.,.,3B004E43F0,,,,,,mass of 12.7 recorderd but not logically sound,,,,,NA,NA,NA,NA,NA,NA,NA,NA,NA,NA,NA,NA,NA
2024,,3011-89637,YSR,M,06/11/24,,2024,NB10,N,,,,,,Nestling,.,.,18.5,.,JM,Y,Y,.,.,15.5,3B004B383D,,,,,,,rebanded from YRP to ysr 05/10/25,,,,NA,NA,NA,NA,NA,NA,NA,NA,NA,NA,NA,NA,NA
2024,,3011-89638,YRD,,06/11/24,,2024,NB10,N,,,,,,Nestling,.,.,20.7,.,AL,Y,Y,.,.,18.1,3B004866A9,,,,,,,,,,,NA,NA,NA,NA,NA,NA,NA,NA,NA,NA,NA,NA,NA
2024,,3011-89639,YYP,M,06/11/24,,2024,NB10,N,,,,,,Nestling,.,.,18.3,.,JM,Y,Y,.,.,15.3,3B004935DF,,,,,,,,,,,NA,NA,NA,NA,NA,NA,NA,NA,NA,NA,NA,NA,NA
2024,,3011-89640,YYD,M,06/11/24,,2024,NB10,N,,,,,,Nestling,.,.,19.5,.,AL,Y,Y,.,.,18.3,3B004C19F0,,,,,,,,,,,NA,NA,NA,NA,NA,NA,NA,NA,NA,NA,NA,NA,NA
2024,,3011-89233,GOR (was GYO),M,06/11/24,,2024,FN,P,,,,,,AHY,2,2,20.3,75.0,AL,.,Y,.,.,18.2,3B00188DDA,,,,,,"had a duplicate combo GYO, changed to GOR",,,,,NA,NA,NA,NA,NA,NA,NA,NA,NA,NA,NA,NA,NA
2024,NEED BLOOD,3011-89357,PNN,F,06/11/24,,2024,FN,P,,,,,,AHY,2,2,.,.,AL,.,.,.,.,.,.,,,,,,"found in trap beat up, presumed dead",,,,,NA,NA,NA,NA,NA,NA,NA,NA,NA,NA,NA,NA,NA
2024,repeat color bands… NOTE HOW YOU FIXED THIS THIS ON THE PAPER DATA SHEET ,3011-89641,SYW,,06/13/24,,2024,FT,N,,,,,,HY,1,1,20.3,74.0,"OS, OS",Y,Y,.,.,17.6,3B00183E70,,,,,,Trapped with SYG,,"06/26/24, 06/26/24, 07/08/24,  11/03/24","FT, FT, FT",,NA,NA,NA,NA,NA,NA,NA,NA,NA,NA,NA,NA,NA
2024,,3011-89642,SYG,,06/13/24,,2024,FT,N,,,,,,HY,1,1,19.5,71.0,JM,Y,Y,.,.,17.0,3B001936C7,,,,,,Trapped with SYW,,,,,NA,NA,NA,NA,NA,NA,NA,NA,NA,NA,NA,NA,NA
2024,,3011-89562,YRW,M,06/13/24,,2024,FS,P,IA,nestling,,NB17,,HY,1,1,20.5,75.0,JM,.,Y,.,.,17.8,.,,,,,,,,,,,NA,NA,NA,NA,NA,NA,NA,NA,NA,NA,NA,NA,NA
2024,,3011-89463,SBD,,06/13/24,,2024,FR,N,,,,,,HY,1,1,19.9,74.5,OS,Y,Y,.,.,18.1,3B004DA78D,,,,,,Trapped with SBG,,,,,NA,NA,NA,NA,NA,NA,NA,NA,NA,NA,NA,NA,NA
2024,,3011-89366,PNL,F,06/13/24,,2024,FP,P,,HY,2023,FP,2,SY,2,2,19.1,69.0,JM,.,Y,.,.,18.5,.,,,,,,,,07/08/24,FP,,NA,NA,NA,NA,NA,NA,NA,NA,NA,NA,NA,NA,NA
2024,repeat color bands… NOTE HOW YOU FIXED THIS THIS ON THE PAPER DATA SHEET ,3011-89399,RTB,M,06/13/24,,2024,FR,P,,,,,,ASY,3,2,19.3,75.0,JM,.,Y,.,.,20.5,.,,,,,,,,,,,NA,NA,NA,NA,NA,NA,NA,NA,NA,NA,NA,NA,NA
2024,,3011-89644,SRD,,06/13/24,,2024,FT,N,,,,,,HY,1,1,20.2,72.0,JM,Y,Y,.,.,18.3,3B004996DD,,,,,,,,07/08/24,FT,,NA,NA,NA,NA,NA,NA,NA,NA,NA,NA,NA,NA,NA
2024,,3011-89558,YRB,F,06/13/24,,2024,FP,P,IA,nestling,,,,HY,1,1,19.7,74.0,OS,.,Y,.,.,16.3,.,,,,,,,,,,,NA,NA,NA,NA,NA,NA,NA,NA,NA,NA,NA,NA,NA
2024,,3011-89509,RRG,,06/13/24,,2024,NB04,N,,,,,,AHY,3,2,20.2,75.5,AL,Y,Y,.,.,18.3,3B004B4A30,,,,,,NB04 parent ,,,,,NA,NA,NA,NA,NA,NA,NA,NA,NA,NA,NA,NA,NA
2024,,2691-21985,GTY,M,06/18/24,,2024,FE,P,,,,,,SY,?,2,20.2,77.2,TM,.,.,.,.,19.7,.,,,,,,,,,,,NA,NA,NA,NA,NA,NA,NA,NA,NA,NA,NA,NA,NA
2024,,3011-89699,SYT,F,06/18/24,,2024,FD,N,,,,,,HY,1,1,19.7,74.2,TM,Y,.,.,.,21.2,3B001830DC,,,,,,Lost a few tail feathers,,7/1/24,FC,,NA,NA,NA,NA,NA,NA,NA,NA,NA,NA,NA,NA,NA
2024,,3011-89645,SYO,M,06/18/24,,2024,FA,N,,,,,,HY,1,1,21.0,78.3,TM,Y,.,.,.,19.5,3B00182DEE,,,,,,,,,,,NA,NA,NA,NA,NA,NA,NA,NA,NA,NA,NA,NA,NA
2024,,3011-89394,RRR,M,06/18/24,,2024,FA,P,,,,,,SY,2,2,20.1,78.0,TM,.,.,.,.,19.5,.,,,,,,"missing color band, put new R band",,,,,NA,NA,NA,NA,NA,NA,NA,NA,NA,NA,NA,NA,NA
2024,repeat color bands… NOTE HOW YOU FIXED THIS THIS ON THE PAPER DATA SHEET ,3011-89646,SSY,,06/18/24,,2024,FE,N,,,,,,HY,1,1,18.7,70.0,TM,Y,.,.,.,16.1,3B004A9FC6,,,,,,,,,,,NA,NA,NA,NA,NA,NA,NA,NA,NA,NA,NA,NA,NA
2024,,3011-89647,SYS,,06/18/24,,2024,FC,N,,,,,,HY,1,1,20.2,75.0,TM,Y,.,.,.,17.9,3B0018DCC1,,,,,,,,07/01/24,FB,,NA,NA,NA,NA,NA,NA,NA,NA,NA,NA,NA,NA,NA
2024,,3011-89648,SWB,M,06/19/24,,2024,NB04,N,,,,,,Nestling,1,1,19.2,.,TM,Y,.,.,.,19.3,3B00181213,,,,,,,,,,,NA,NA,NA,NA,NA,NA,NA,NA,NA,NA,NA,NA,NA
2024,2: misssing metal band AND needs new combo,,S RFID (on left),,06/19/24,,2024,NB04,N,,,,,,Nestling,1,1,18.2 (left),.,TM,Y,.,.,.,16.5,3B0048E275,,,,,,"Right tarsus broken in half, so ony put on RFID on left",,,,,NA,NA,NA,NA,NA,NA,NA,NA,NA,NA,NA,NA,NA
2024,needs new combo,3011-89649,"S (left), Metal and O right",,06/19/24,,2024,NB04,N,,,,,,Nestling,1,1,17.6 (left),.,TM,Y,.,.,.,15.6,3B004BB460,,,,,,Missing center toes on right foot and tarsus is too small for RFID and band,,,,,NA,NA,NA,NA,NA,NA,NA,NA,NA,NA,NA,NA,NA
2024,,2691-21880,CTS,F,06/24/24,,2024,FG,P,,,,,,AHY,2,2,19.8,74.0,AL,.,.,.,.,16.6,.,,,,,,,,,,,NA,NA,NA,NA,NA,NA,NA,NA,NA,NA,NA,NA,NA
2024,,3011-89618,YBD,M,06/24/24,,2024,FH,P,IA,nestling,,,,HY,2,1,20.1,75.0,JM,.,.,.,.,17.8,.,,,,,,"Too small for combo as nestling, established as YBD today",,1/26/25,FF,,NA,NA,NA,NA,NA,NA,NA,NA,NA,NA,NA,NA,NA
2024,,3011-89650,SYP,F,06/24/24,,2024,FK,N,,,,,,HY,1,1,19.0,71.5,AL,Y,.,.,.,16.8,3B00184944,,,,,,,,,,,NA,NA,NA,NA,NA,NA,NA,NA,NA,NA,NA,NA,NA
2024,,3011-89651,SWY,M,06/24/24,,2024,FG,N,,,,,,AHY,2,2,19.0,73.0,JM,Y,.,.,.,17.6,3B00184FB3,,,,,,Caught with YRL,,,,,NA,NA,NA,NA,NA,NA,NA,NA,NA,NA,NA,NA,NA
2024,,3011-89560,YRL,M,06/24/24,,2024,FG,P,IA,nestling,,,,HY,1,1,19.6,75.5,AL,.,.,.,.,18.3,.,,,,,,Caught with SWY,,,,,NA,NA,NA,NA,NA,NA,NA,NA,NA,NA,NA,NA,NA
2024,NEED BLOOD,3011-89371,PNR,,06/26/24,,2024,FP,P,,,,,,AHY,2,2,19.6,69.5,OS,.,.,.,.,16.9,.,,,,,,,,07/08/24,FQ,,NA,NA,NA,NA,NA,NA,NA,NA,NA,NA,NA,NA,NA
2024,,3011-89652,SYD,M,06/26/24,,2024,FT,N,,,,,,HY,1,1,20.5,76.0,AL,Y,.,.,.,17.4,3B001825BD,,,,,,Caught with RRN and SYW,,,,,NA,NA,NA,NA,NA,NA,NA,NA,NA,NA,NA,NA,NA
2024,repeat color bands… NOTE HOW YOU FIXED THIS THIS ON THE PAPER DATA SHEET ,3011-89503,RRN,M,06/26/24,,2024,FT,P,,AHY,2023,FU,3+,ASY.,2,2,19.5,72.0,"JM, OS",.,.,.,.,18.5,.,,,,,,Caught with SYD and SYW; caught with SWG ,,"O6/26/24, 11/03/24",FT,,NA,NA,NA,NA,NA,NA,NA,NA,NA,NA,NA,NA,NA
2024,,3011-89693,SWW,,06/26/24,,2024,FQ,N,,,,,,HY,1,1,19.6,71.0,AL,Y,.,.,.,16.4,3B00193E9F,,,,,,,,,,,NA,NA,NA,NA,NA,NA,NA,NA,NA,NA,NA,NA,NA
2024,,3011-89257,GLS,M,06/26/24,,2024,FK,P,,,,,,AHY,3,2,21.0,72.5,AL,.,.,.,.,19.5,.,,,,,,,,,,,NA,NA,NA,NA,NA,NA,NA,NA,NA,NA,NA,NA,NA
2024,,3011-89654,SWG,F,06/26/24,,2024,FT,N,,,,,,AHY,2,2,19.8,69.0,AL,Y,.,.,.,17.3,3B00185AF7,,,,,,Caught with RRN and SYW,,,,,NA,NA,NA,NA,NA,NA,NA,NA,NA,NA,NA,NA,NA
2024,,3011-89655,SWT,F,07/01/24,,2024,FA,N,,,,,,HY,1,1,19.5,69.5,OS,Y,.,.,.,17.5,3B001895C2,,,,,,,,,,,NA,NA,NA,NA,NA,NA,NA,NA,NA,NA,NA,NA,NA
2024,,3011-89616,YSP,M,07/01/24,,2024,FH,P,IA,nestling,,NB09,,HY,1,1,20.8,77.0,OS,.,.,.,.,18.5,.,,,,,,"Dup combo, changed from YSY to YSP; Caught with WWB and YBD",,,,,NA,NA,NA,NA,NA,NA,NA,NA,NA,NA,NA,NA,NA
2024,,3011-89656,SWO,M,07/01/24,,2024,FA,N,,,,,,HY,1,1,20.2,77.0,OS,Y,.,.,.,19.1,3B00191D2A,,,,,,,,,,,NA,NA,NA,NA,NA,NA,NA,NA,NA,NA,NA,NA,NA
2024,,3011-89657,SWS,F,07/08/24,,2024,FN,N,,,,,,HY,1,1,19.5,71.0,OS,Y,.,.,.,17.4,3B001861A5,,,,,,,,"10/27/24, 4/6/25","FN, FN",,NA,NA,NA,NA,NA,NA,NA,NA,NA,NA,NA,NA,NA
2024,,3011-89598,RRP,M,07/08/24,,2024,FQ,P,,,,,,ASY,3,3,20.6,74.0,OS,.,.,.,.,19.0,.,,,,,,"Dup combo, RRO to RRP",,07/08/24,FQ,,NA,NA,NA,NA,NA,NA,NA,NA,NA,NA,NA,NA,NA
2024,,3011-89587,YGG,M,07/08/24,,2024,FQ,P,IA,nestling,,,,HY,2,1,19.5,71.0,JM,.,.,.,.,17.8,.,,,,,,Green fades to yellow,,,,,NA,NA,NA,NA,NA,NA,NA,NA,NA,NA,NA,NA,NA
2024,repeat color bands… NOTE HOW YOU FIXED THIS THIS ON THE PAPER DATA SHEET ,3011-89658,SSY,F,10/06/24,,2024,FC,N,,,,,,AHY,2,1,20.1,74.5,OS,Y,.,.,.,18.1,3B0018670B,,,,,,,,"12/08/24, 1/26/25","FC, FC",,NA,NA,NA,NA,NA,NA,NA,NA,NA,NA,NA,NA,NA
2024,,3011-89664,SWN,F,10/27/24,,2024,FL,N,,,,,,HY,2,1,19.7,72.5,OS,Y,.,.,.,17.0,3B00186C9F,,,,,,,,,,,NA,NA,NA,NA,NA,NA,NA,NA,NA,NA,NA,NA,NA
2024,,3011-89665,SWP,F,10/27/24,,2024,FM,N,,,,,,AHY,2,2,18.8,73.5,OS,Y,.,.,.,15.4,3B00184610,,,,,,,,,,,NA,NA,NA,NA,NA,NA,NA,NA,NA,NA,NA,NA,NA
2024,,3011-89666,SWD,M,10/27/24,,2024,FK,N,,,,,,AHY,2,1,20.0,77.0,OS,Y,.,.,.,18.0,3B00192BBC,,,,,,,,,,,NA,NA,NA,NA,NA,NA,NA,NA,NA,NA,NA,NA,NA
2024,,3011-89667,SOB,M,10/27/24,,2024,FN,N,,,,,,AHY,3,2,20.3,81.5,OS,Y,.,.,.,19.2,3B004B30E7,,,,,,,,,,,NA,NA,NA,NA,NA,NA,NA,NA,NA,NA,NA,NA,NA
2024,repeat color bands… NOTE HOW YOU FIXED THIS THIS ON THE PAPER DATA SHEET ,3011-89668,SOR,M,11/03/24,,2024,FQ,N,,,,,,HY,2,1,19.3,72.5,OS,Y,.,.,.,17.9,3B0019000A,,,,,,,,,,,NA,NA,NA,NA,NA,NA,NA,NA,NA,NA,NA,NA,NA
2024,NEED BLOOD,3011-89504,RSR,M,11/17/24,,2024,FR,P,,,,,,AHY,3,3,19.8,76.5,AL,.,.,.,.,16.8,.,,,,,,,Band combo changed from RYR to RSR 05/22/25,,,,NA,NA,NA,NA,NA,NA,NA,NA,NA,NA,NA,NA,NA
2025,,3011-89669,RBP,M,1/26/25,,2025,FC,N,,,,,,AHY,3,3,20.3,74.0,AL,Y,.,.,.,20.0,3B004ABFEC,,,,,,,,05/28/25,FC,,NA,NA,NA,NA,NA,NA,NA,NA,NA,NA,NA,NA,NA
2025,,3011-89670,RPB,M,01/26/25,,2025,FC,N,,,,,,AHY,2,3,20.4,77.0,AL,.,.,.,.,18.9,3B0049E4A1,,,,,,,,,,,NA,NA,NA,NA,NA,NA,NA,NA,NA,NA,NA,NA,NA
2025,,3011-89671,YWP,F,02/09/25,,2025,FR,N,,,,,,AHY,2,3,19.7,73.1,TM,Y,.,.,.,17.9,3B00484725,,,,,,,,,,,NA,NA,NA,NA,NA,NA,NA,NA,NA,NA,NA,NA,NA
2025,repeat color bands… NOTE HOW YOU FIXED THIS THIS ON THE PAPER DATA SHEET ,3011-89440,RPP,F,04/06/25,,2025,FL,N,,,,,,AHY,4,5,19.3,72.0,OS,Y,.,.,.,17.3,3B00193384,,,,,,"Recaptured on 04/23/25 at NB14, given measurements and band combo. RRD changed to RPP",,,NB14,,NA,NA,NA,NA,NA,NA,NA,NA,NA,NA,NA,NA,NA
2025,2: rfid AND NEED BLOOD,3011-89343,PLS,M,04/13/25,,2025,NB05,P,,,,,,ASY,4,.,.,.,.,N,.,.,.,.,.,,,,,,Parent snap trapped,sky band replaced 09/14/25,"07/01/25, 09/14/25","MN-FF, MN-NB06",,NA,NA,NA,NA,NA,NA,NA,NA,NA,NA,NA,NA,NA
2025,,3011-89510,WBT,M,04/13/25,,2025,NB03,N,,,,,,AHY,5,3,20.2,79.0,KK,Y,.,.,.,19.3,3B0018E4BF,,,,,,Parent snap trapped,,,,,NA,NA,NA,NA,NA,NA,NA,NA,NA,NA,NA,NA,NA
2025,,3011-89511,WBO,M,04/13/25,,2025,NB15a,N,,,,,,AHY,5,3,20.6,75.0,CA,Y,.,.,.,17.7,3B0049B659,,,,,,Parent snap trapped,,,,,NA,NA,NA,NA,NA,NA,NA,NA,NA,NA,NA,NA,NA
2025,,3011-89401,RBD,F,04/13/25,,2025,NB24,N,,,,,,AHY,3,2,19.4,69.5,AS,Y,.,.,.,17.0,3B00198FA2,,,,,,Parent snap trapped,,04/18/25,NB24,,NA,NA,NA,NA,NA,NA,NA,NA,NA,NA,NA,NA,NA
2025,,3011-89402,RRD,F,04/13/25,,2025,NB01,N,,,,,,AHY,3,3,19.7,75.0,AL,Y,.,.,.,17.0,3B00199599,,,,,,Parent snap trapped,,,,,NA,NA,NA,NA,NA,NA,NA,NA,NA,NA,NA,NA,NA
2025,,3011-89403,RYP,F,04/13/25,,2025,NB12,N,,,,,,AHY,2,2,20.1,78.0,CG,Y,.,.,.,17.6,3B004C8DF4,,,,,,Parent snap trapped,,05/29/25,FK,,NA,NA,NA,NA,NA,NA,NA,NA,NA,NA,NA,NA,NA
2025,,3011-89404,RYD,F,04/13/25,,2025,NB53,N,,,,,,AHY,3,2,18.9,70.0,AL,Y,.,.,.,17.8,3B00497941,,,,,,Parent snap trapped,,,,,NA,NA,NA,NA,NA,NA,NA,NA,NA,NA,NA,NA,NA
2025,,3011-89318,PBP (was PBB),M,04/13/25,,2025,NB16a,P,IA,nestling,,NB18 2023,,AHY,4,3,.,.,OS,.,.,.,.,.,.,,,,,,Parent snap trapped,Color bands changed from PBB to PBP 04/22/26,"05/22/25, 06/10/25, 09/21/25","FP, FP, FQ",,NA,NA,NA,NA,NA,NA,NA,NA,NA,NA,NA,NA,NA
2025,,2691-21957,WRT,M,04/13/25,,2025,NB17,P,,,,,,AHY,4,2,19.8,77.0,JH,.,.,.,.,18.4,.,,,,,,Parent snap trapped,no data collected on 4/13/25. Measurements taken 05/31/25,05/31/25,NB17,,NA,NA,NA,NA,NA,NA,NA,NA,NA,NA,NA,NA,NA
2025,2: missing metal band AND NEED  BLOOD,-,YSB,,04/14/25,,2025,NB13,P,,,,,,.,.,.,.,.,AL,.,.,.,.,.,.,,,,,,"Escaped before metal band was read, YSB is a duplicate combo so is either bird: 3011-89620 OR 3011-89615",,,,,NA,NA,NA,NA,NA,NA,NA,NA,NA,NA,NA,NA,NA
2025,missing color bands?,3011-89512,???,F,04/15/25,,2025,NB12,N,,,,,,Nestling,.,.,19.5,.,OS,Y,.,.,.,17.3,3B0018B448,,,,,,,,,,,NA,NA,NA,NA,NA,NA,NA,NA,NA,NA,NA,NA,NA
2025,,3011-89513,WBN,M,04/15/25,,2025,NB12,N,,,,,,Nestling,.,.,19.2,.,OS,Y,.,.,.,17.3,3B00182D43,,,,,,,,,,,NA,NA,NA,NA,NA,NA,NA,NA,NA,NA,NA,NA,NA
2025,,3011-89514,WBP,F,04/15/25,,2025,NB12,N,,,,,,Nestling,.,.,19.4,.,TS,Y,.,.,.,17.1,3B0018439F,,,,,,,,,,,NA,NA,NA,NA,NA,NA,NA,NA,NA,NA,NA,NA,NA
2025,,3011-89515,WBD,F,04/15/25,,2025,NB12,N,,,,,,Nestling,.,.,19.5,.,OS,Y,.,.,.,16.5,3B0018B557,,,,,,,,,,,NA,NA,NA,NA,NA,NA,NA,NA,NA,NA,NA,NA,NA
2025,,3011-89516,WRB,M,04/15/25,,2025,NB12,N,,,,,,Nestling,.,.,19.8,.,TS,Y,.,.,.,17.8,3B00187EF4,,,,,,,,,,,NA,NA,NA,NA,NA,NA,NA,NA,NA,NA,NA,NA,NA
2025,,3011-89405,WRO,F,04/17/25,,2025,NB17,N,,,,,,Nestling,.,.,19.7,.,OS,Y,.,.,.,17.4,3B0018A67F,,,,,,,,,,,NA,NA,NA,NA,NA,NA,NA,NA,NA,NA,NA,NA,NA
2025,,3011-89406,WRS,F,04/17/25,,2025,NB17,N,,,,,,Nestling,.,.,19.5,.,OS,Y,.,.,.,17.4,3B001895A5,,,,,,,,,,,NA,NA,NA,NA,NA,NA,NA,NA,NA,NA,NA,NA,NA
2025,,3011-89407,WRN,M,04/17/25,,2025,NB17,N,,,,,,Nestling,.,.,19.0,.,BR,Y,.,.,.,16.3,3B00185734,,,,,,,,,,,NA,NA,NA,NA,NA,NA,NA,NA,NA,NA,NA,NA,NA
2025,,3011-89408,WNW,M,04/17/25,,2025,NB24,N,,,,,,Nestling,.,.,19.2,.,OS,Y,.,.,.,14.2,3B00486F24,,,,,,,,,,,NA,NA,NA,NA,NA,NA,NA,NA,NA,NA,NA,NA,NA
2025,,3011-89409,WNT,F,04/17/25,,2025,NB24,N,,,,,,Nestling,.,.,17.8,.,BR,Y,.,.,.,13.5,3B0018BFAF,,,,,,,,,,,NA,NA,NA,NA,NA,NA,NA,NA,NA,NA,NA,NA,NA
2025,,3011-89410,WNO,M,04/17/25,,2025,NB24,N,,,,,,Nestling,.,.,19.8,.,OS,Y,.,.,.,15.3,3B004B6236,,,,,,,,,,,NA,NA,NA,NA,NA,NA,NA,NA,NA,NA,NA,NA,NA
2025,,3011-89411,RNY,M,04/17/25,,2025,NB24,N,,,,,,Nestling,.,.,19.2,.,BR,Y,.,.,.,15.0,3B004CB72D,,,,,,,,,,,NA,NA,NA,NA,NA,NA,NA,NA,NA,NA,NA,NA,NA
2025,,3011-89412,RNW,M,04/17/25,,2025,NB24,N,,,,,,Nestling,.,.,18.5,.,YBP,.,.,.,.,13.0,3B0049AF98,,,,,,,,,,,NA,NA,NA,NA,NA,NA,NA,NA,NA,NA,NA,NA,NA
2025,,3241-58001,YWD,F,04/17/25,,2025,NB3,N,,,,,,AHY,2,1/2,20.0,74.1,TM,Y,.,.,.,24.2,3B004C7D1E,,,,,,Snap trapped,,,,,NA,NA,NA,NA,NA,NA,NA,NA,NA,NA,NA,NA,NA
2025,,3241-58002,RTO,M,04/17/25,,2025,NB3,N,,,,,,Nestling,.,.,19.2,.,TM,Y,.,.,.,23.8,3B00497844,,,,,,,,,,,NA,NA,NA,NA,NA,NA,NA,NA,NA,NA,NA,NA,NA
2025,,3241-58003,RTS,M,04/17/25,,2025,NB3,N,,,,,,Nestling,.,.,19.3,.,TM,Y,.,.,.,16.7,3B00487CB0,,,,,,,,,,,NA,NA,NA,NA,NA,NA,NA,NA,NA,NA,NA,NA,NA
2025,,3241-58004,YTD,M,04/17/25,,2025,NB5,N,,,,,,AHY,2,2,19.9,76.0,TM,Y,.,.,.,17.2,3B0049F828,,,,,,Snap Trapped,,,,,NA,NA,NA,NA,NA,NA,NA,NA,NA,NA,NA,NA,NA
2025,,3241-58005,ROB,M,04/17/25,,2025,NB15a,N,,,,,,Nestling,.,.,20.5,.,TM,Y,.,.,.,18.7,3B004C12FF,,,,,,,,,,,NA,NA,NA,NA,NA,NA,NA,NA,NA,NA,NA,NA,NA
2025,,3241-58006,ROR,M,04/17/25,,2025,NB15a,N,,,,,,Nestling,.,.,19.6,.,TM,Y,.,.,.,17.7,3B004CF9FE,,,,,,,,,,,NA,NA,NA,NA,NA,NA,NA,NA,NA,NA,NA,NA,NA
2025,,3241-58007,ROY,M,04/17/25,,2025,NB15a,N,,,,,,Nestling,.,.,20.2,.,TM,Y,.,.,.,17.8,3B00188A87,,,,,,,,,,,NA,NA,NA,NA,NA,NA,NA,NA,NA,NA,NA,NA,NA
2025,,3011-89421,YOD,M,04/18/25,,2025,NB13,N,,,,,,Nestling,.,.,19.0,.,AL,Y,.,.,.,15.2,3B00495D98,,,,,,,,,,,NA,NA,NA,NA,NA,NA,NA,NA,NA,NA,NA,NA,NA
2025,,3011-89422,YNB,M,04/18/25,,2025,NB13,N,,,,,,Nestling,.,.,18.8,.,AL,Y,.,.,.,15.3,3B0048DE49,,,,,,,,,,,NA,NA,NA,NA,NA,NA,NA,NA,NA,NA,NA,NA,NA
2025,,3011-89423,YNR,F,04/18/25,,2025,NB13,N,,,,,,Nestling,.,.,19.2,.,AL,Y,.,.,.,16.1,3B004CC271,,,,,,,,,,,NA,NA,NA,NA,NA,NA,NA,NA,NA,NA,NA,NA,NA
2025,,3011-89424,YNY,F,04/18/25,,2025,NB16a,N,,,,,,Nestling,.,.,19.2,.,AL,Y,.,.,.,18.7,3B004C0BEB,,,,,,,,,,,NA,NA,NA,NA,NA,NA,NA,NA,NA,NA,NA,NA,NA
2025,,3011-89425,YNW,F,04/18/25,,2025,NB16a,N,,,,,,Nestling,.,.,20.2,.,AL,Y,.,.,.,18.2,3B004C2899,,,,,,,,,,,NA,NA,NA,NA,NA,NA,NA,NA,NA,NA,NA,NA,NA
2025,,3011-89426,YNT,M,04/18/25,,2025,NB16a,N,,,,,,Nestling,.,.,20.6,.,AL,Y,.,.,.,16.3,3B001A35AB,,,,,,,,,,,NA,NA,NA,NA,NA,NA,NA,NA,NA,NA,NA,NA,NA
2025,,3011-89428,STB,M,04/18/25,,2025,NB16a,N,,,,,,Nestling,.,.,18.2,.,AL,Y,.,.,.,18.1,3B00182777,,,,,,,,,,,NA,NA,NA,NA,NA,NA,NA,NA,NA,NA,NA,NA,NA
2025,,3011-89413,RWP,M,04/18/25,,2025,NB5,N,,,,,,Nestling,.,.,19.6,.,AL,Y,.,.,.,17.9,3B004A3224,,,,,,,,,,,NA,NA,NA,NA,NA,NA,NA,NA,NA,NA,NA,NA,NA
2025,,3011-89414,RWD,M,04/18/25,,2025,NB5,N,,,,,,Nestling,.,.,19.9,.,AL,Y,.,.,.,15.7,3B004C61F3,,,,,,,,,,,NA,NA,NA,NA,NA,NA,NA,NA,NA,NA,NA,NA,NA
2025,,3011-89415,RTT,F,04/18/25,,2025,NB5,N,,,,,,Nestling,.,.,19.3,.,AL,Y,.,.,.,14.2,3B004AB1C5,,,,,,,,,,,NA,NA,NA,NA,NA,NA,NA,NA,NA,NA,NA,NA,NA
2025,,3011-89416,RTN,M,04/18/25,,2025,NB5,N,,,,,,Nestling,.,.,19.5,.,AL,Y,.,.,.,15.0,3B004BE1FA,,,,,,Very bleedy,,,,,NA,NA,NA,NA,NA,NA,NA,NA,NA,NA,NA,NA,NA
2025,,3011-89417,RTP,M,04/18/25,,2025,NB5,N,,,,,,Nestling,.,.,19.6,.,AL,Y,.,.,.,16.8,3B004BD399,,,,,,,,,,,NA,NA,NA,NA,NA,NA,NA,NA,NA,NA,NA,NA,NA
2025,,3011-89418,RTD,M,04/18/25,,2025,NB13,N,,,,,,Nestling,.,.,19.5,.,AL,Y,.,.,.,17.2,3B004C0D15,,,,,,,,,,,NA,NA,NA,NA,NA,NA,NA,NA,NA,NA,NA,NA,NA
2025,,3011-89419,YTP,F,04/18/25,,2025,NB13,N,,,,,,Nestling,.,.,19.3,.,AL,Y,.,.,.,15.3,3B004CBC8B,,,,,,,,,,,NA,NA,NA,NA,NA,NA,NA,NA,NA,NA,NA,NA,NA
2025,,3011-89420,YOP,M,04/18/25,,2025,NB13,N,,,,,,Nestling,.,.,19.5,.,AL,Y,.,.,.,16.0,3B004903AB,,,,,,,,,,,NA,NA,NA,NA,NA,NA,NA,NA,NA,NA,NA,NA,NA
2025,,3011-89664,SWN,F,04/19/25,,2025,NB13,P,,,,,,AHY,2,2,.,.,.,.,.,.,.,.,.,,,,,,Parent at NB13 for Spring 2025,,"4/21/2025, 05/22/25, 05/29/25","NB13, FL, FM",,NA,NA,NA,NA,NA,NA,NA,NA,NA,NA,NA,NA,NA
2025,,3011-89517,WSY,F,04/19/25,,2025,NB8,N,,,,,,AHY,2,1,19.4,70.0,OS,Y,.,.,.,17.3,3B0018C80F,,,,,,,,,,,NA,NA,NA,NA,NA,NA,NA,NA,NA,NA,NA,NA,NA
2025,,3011-89429,GOT,M,04/21/25,,2025,NB1,N,,,,,,Nestling,.,.,18.9,.,OS,.,.,.,.,19.1,3B004BEE86,,,,,,"Seemed sickly, too small, placed metal band on right and rfid on left, finished processing 04/24/25, updated weight and tarsus on spreadsheet. Band combo GOT",,,,,NA,NA,NA,NA,NA,NA,NA,NA,NA,NA,NA,NA,NA
2025,,3011-89430,GOS,M,04/21/25,,2025,NB1,N,,,,,,Nestling,.,.,19.3,.,OS,.,.,.,.,19.6,3B004C6B9D,,,,,,"Seemed sickly, too small, placed metal band on right and rfid on left, finished processing 04/24/25, updated weight and tarsus on spreadsheet. Band combo GOS",,,,,NA,NA,NA,NA,NA,NA,NA,NA,NA,NA,NA,NA,NA
2025,,3011-89431,GRP,F,04/21/25,,2025,NB53,N,,,,,,Nestling,.,.,18.5,.,OS,Y,.,.,.,18.0,3B004BA847,,,,,,,,,,,NA,NA,NA,NA,NA,NA,NA,NA,NA,NA,NA,NA,NA
2025,,3011-89432,GRD,M,04/21/25,,2025,NB53,N,,,,,,Nestling,.,.,19.8,.,CR,Y,.,.,.,18.6,3B004BF51E,,,,,,,,,,,NA,NA,NA,NA,NA,NA,NA,NA,NA,NA,NA,NA,NA
2025,,3011-89433,GYP,M,04/21/25,,2025,NB53,N,,,,,,Nestling,.,.,19.6,.,OS,Y,.,.,.,17.5,3B00493A24,,,,,,,,,,,NA,NA,NA,NA,NA,NA,NA,NA,NA,NA,NA,NA,NA
2025,,3011-89434,GYD,F,04/21/25,,2025,NB53,N,,,,,,Nestling,.,.,17.7,.,CR,Y,.,.,.,16.9,3B004E4114,,,,,,,,,,,NA,NA,NA,NA,NA,NA,NA,NA,NA,NA,NA,NA,NA
2025,,3011-89435,GWP,F,04/21/25,,2025,NB53,N,,,,,,Nestling,.,.,19.2,.,OS,Y,.,.,.,17.4,3B0047F50E,,,,,,,,,,,NA,NA,NA,NA,NA,NA,NA,NA,NA,NA,NA,NA,NA
2025,,3011-89436,GWD,F,04/21/25,,2025,NB53,N,,,,,,Nestling,.,.,17.7,.,CR,Y,.,.,.,16.6,3B0049CD3A,,,,,,,,,,,NA,NA,NA,NA,NA,NA,NA,NA,NA,NA,NA,NA,NA
2025,,3011-89437,GOP,M,04/24/25,,2025,NBEB2,N,,,,,,Nestling,.,.,20.3,.,OS,Y,.,.,.,19.3,3B00490039,,,,,,"seen at Edith&Don's fountain 5/21/25 , 8/18/25",,,,,NA,NA,NA,NA,NA,NA,NA,NA,NA,NA,NA,NA,NA
2025,,3011-89438,GOO,M,04/24/25,,2025,NBEB2,N,,,,,,Nestling,.,.,19.4,.,CR,Y,.,.,.,19.3,3B004C5198,,,,,,,,,,,NA,NA,NA,NA,NA,NA,NA,NA,NA,NA,NA,NA,NA
2025,,3011-89439,GOD,M,04/24/25,,2025,NBEB2,N,,,,,,Nestling,.,.,19.0,.,OS,Y,.,.,.,18.6,3B004CC702,,,,,,seen at Edith&Don's fountain 5/21 /25,,,,,NA,NA,NA,NA,NA,NA,NA,NA,NA,NA,NA,NA,NA
2025,,3011-89687,SOO,F,04/27/25,,2025,NBEB1,N,,,,,,Nestling,.,.,18.4,.,CR,Y,.,.,.,15.0,3B0018B84B,,,,,,RFID placed 4/30/25,,,,,NA,NA,NA,NA,NA,NA,NA,NA,NA,NA,NA,NA,NA
2025,,3011-89688,SOY,M,04/27/25,,2025,NBEB1,N,,,,,,Nestling,.,.,18.1,.,OK,Y,.,.,.,15.5,3B0018FF63,,,,,,RFID placed 4/30/25,,,,,NA,NA,NA,NA,NA,NA,NA,NA,NA,NA,NA,NA,NA
2025,,3011-89689,SOG,M,04/27/25,,2025,NBEB1,N,,,,,,Nestling,.,.,20.3,.,CR,Y,.,.,.,17.6,3B0049A289,,,,,,seen at Edith&Don's fountain 8/22/25,,,,,NA,NA,NA,NA,NA,NA,NA,NA,NA,NA,NA,NA,NA
2025,,3011-89690,SOT,M,04/27/25,,2025,NBEB1,N,,,,,,Nestling,.,.,19.2,.,CR,Y,.,.,.,17.1,3B004A6285,,,,,,RFID placed 4/30/25; seen at Edith&Don's fountain 8/22/25,,,,,NA,NA,NA,NA,NA,NA,NA,NA,NA,NA,NA,NA,NA
2025,,3011-89691,SOS,F,04/27/25,,2025,NBEB1,N,,,,,,Nestling,.,.,19.0,.,CR,Y,.,.,.,16.3,3B0018F460,,,,,,RFID placed 4/30/25,,,,,NA,NA,NA,NA,NA,NA,NA,NA,NA,NA,NA,NA,NA
2025,,3011-89582,YWS,M,04/27/25,,2025,NB22,P,IA,nestling,,NB22,,AHY,2,3,21.2,75.0,TS,N,.,.,.,19.7,.,,,,,,Snap trapepd parent in NB22,,6/25/2025,FG,,NA,NA,NA,NA,NA,NA,NA,NA,NA,NA,NA,NA,NA
2025,,3011-89692,YNP,F,04/30/25,,2025,NB14,N,,,,,,Nestling,.,.,17.8,.,.,N,.,.,.,10.3,3B004CC35F,,,,,,"Runt, given combo and RFID 05/03/25, mass & tarsus retaken. FOUND DEAD IN NESTBOX",,,,,NA,NA,NA,NA,NA,NA,NA,NA,NA,NA,NA,NA,NA
2025,,3011-89693,PNP,M,04/30/25,,2025,NB14,N,,,,,,Nestling,.,.,18.4,.,CR,Y,.,.,.,18.1,3B0018EB1F,,,,,,"WAS SNR, given new combo and RFID 05/03/25",,,,,NA,NA,NA,NA,NA,NA,NA,NA,NA,NA,NA,NA,NA
2025,,3011-89694,PND,M,04/30/25,,2025,NB14,N,,,,,,Nestling,.,.,18.9,.,CR,Y,.,.,.,17.3,3B001928F5,,,,,,"WAS SNO, given replacement combo 05/03/25. Also given an RFID 05/03/25",,,,,NA,NA,NA,NA,NA,NA,NA,NA,NA,NA,NA,NA,NA
2025,,3011-89695,SNY,M,04/30/25,,2025,NB14,N,,,,,,Nestling,.,.,18.5,.,CR,Y,.,.,.,16.1,3B001929E3,,,,,,RFID placed 05/03/25,,,,,NA,NA,NA,NA,NA,NA,NA,NA,NA,NA,NA,NA,NA
2025,,3011-89696,PNG,M,04/30/25,,2025,NB14,N,,,,,,Nestling,.,.,19.1,.,CR,Y,.,.,.,17.9,3B001A603F,,,,,,"WAS SNG, given new combo and RFID 05/03/25",,,,,NA,NA,NA,NA,NA,NA,NA,NA,NA,NA,NA,NA,NA
2025,,3011-89697,YNO,F,04/30/25,,2025,NB14,N,,,,,,Nestling,.,.,18.0,.,CR,Y,.,.,.,16.4,3B00196F4E,,,,,,"WAS RNR, given new combo and RFID 05/03/25",,,,,NA,NA,NA,NA,NA,NA,NA,NA,NA,NA,NA,NA,NA
2025,repeat color bands… NOTE HOW YOU FIXED THIS THIS ON THE PAPER DATA SHEET ,3011-89698,YNN,M,04/30/25,,2025,NB14,N,,,,,,Nestling,.,.,18.1,.,CR,Y,.,.,.,16.5,3B00497FF7,,,,,,"WAS RNO, given new combo and RFID 05/03/25",,,,,NA,NA,NA,NA,NA,NA,NA,NA,NA,NA,NA,NA,NA
2025,,3011-89586,YGY,M,05/03/25,,2025,NB15B,P,IA,nestling,,NB53,,AHY,3,3,19.6,17.3,CA,.,.,.,.,19.4,.,,,,,,,"possibly missing G band, seen visiting NB53 06/12/26",05/29/25,FN,,NA,NA,NA,NA,NA,NA,NA,NA,NA,NA,NA,NA,NA
2025,,3011-89441,YDS,F,05/07/25,,2025,NB22,N,,,,,,Nestling,.,.,16.0,.,CR,Y,.,.,.,15.2,3B00499825,,,,,,"rebanded from YDP to YDS, RFID placed 05/10/25",,,,,NA,NA,NA,NA,NA,NA,NA,NA,NA,NA,NA,NA,NA
2025,,3011-89442,YDR,M,05/07/25,,2025,NB22,N,,,,,,Nestling,.,.,15.3,.,CR,Y,.,.,.,13.9,3B0049B41C,,,,,,RFID placed 05/10/25,,,,,NA,NA,NA,NA,NA,NA,NA,NA,NA,NA,NA,NA,NA
2025,,3011-89443,YDO,F,05/07/25,,2025,NB22,N,,,,,,Nestling,.,.,15.8,.,CR,Y,.,.,.,14.8,3B004C31BF,,,,,,RFID placed 05/10/25,,,,,NA,NA,NA,NA,NA,NA,NA,NA,NA,NA,NA,NA,NA
2025,,3011-89444,YDY,M,05/07/25,,2025,NB22,N,,,,,,Nestling,.,.,16.4,.,CR,Y,.,.,.,16.4,3B0048A924,,,,,,RFID placed 05/10/25,,,,,NA,NA,NA,NA,NA,NA,NA,NA,NA,NA,NA,NA,NA
2025,,3011-89445,YDT,M,05/07/25,,2025,NB22,N,,,,,,Nestling,.,.,15.9,.,CR,Y,.,.,.,14.5,3B001A8B04,,,,,,RFID placed 05/10/25,,06/25/25,FG,,NA,NA,NA,NA,NA,NA,NA,NA,NA,NA,NA,NA,NA
2025,repeat color bands… NOTE HOW YOU FIXED THIS THIS ON THE PAPER DATA SHEET ,2711-56791,SYR,M,05/07/25,,2025,NB15B,P,,,,,,ASY,5,5,19.3,77.0,CR,.,.,.,.,19.0,.,,,,,,Old bird! Parent snaptrapped at NB15B,,,,,NA,NA,NA,NA,NA,NA,NA,NA,NA,NA,NA,NA,NA
2025,,3011-89549,YBR,F,05/07/25,,2025,NB19,P,,,,,,ASY,3,3,19.5,70.0,CR,Y,.,.,.,18.7,.,,,,,,Crazy bleeder! ,,,,,NA,NA,NA,NA,NA,NA,NA,NA,NA,NA,NA,NA,NA
2025,,3011-89446,GDR,M,05/10/25,,2025,NB15B,N,,,,,,Nestling,.,.,17.8,.,SC,Y,.,.,.,16.3,3B00495001,,,,,,"Bad, weak bleed",,,,,NA,NA,NA,NA,NA,NA,NA,NA,NA,NA,NA,NA,NA
2025,,3011-89447,GDO,M,05/10/25,,2025,NB15B,N,,,,,,Nestling,.,.,18.5,.,CR,Y,.,.,.,15.8,3B0048E6CA,,,,,,,,,,,NA,NA,NA,NA,NA,NA,NA,NA,NA,NA,NA,NA,NA
2025,,3011-89448,GDY,F,05/10/25,,2025,NB15B,N,,,,,,Nestling,.,.,17.9,.,CR,Y,.,.,.,15.4,3B004D5D72,,,,,,,,,,,NA,NA,NA,NA,NA,NA,NA,NA,NA,NA,NA,NA,NA
2025,,3011-89449,GDT,F,05/10/25,,2025,NB15B,N,,,,,,Nestling,.,.,17.4,.,CR,Y,.,.,.,13.5,3B004BD572,,,,,,,,,,,NA,NA,NA,NA,NA,NA,NA,NA,NA,NA,NA,NA,NA
2025,,3011-89450,GDS,F,05/10/25,,2025,NB15B,N,,,,,,Nestling,.,.,17.9,.,CR,Y,.,.,.,14.5,3B001960F5,,,,,,,,,,,NA,NA,NA,NA,NA,NA,NA,NA,NA,NA,NA,NA,NA
2025,,3011-89451,GDB,M,05/10/25,,2025,NB15B,N,,,,,,Nestling,.,.,16.9,.,CR,Y,.,.,.,15.4,.,,,,,,"No RFID, tarsus too small",,,,,NA,NA,NA,NA,NA,NA,NA,NA,NA,NA,NA,NA,NA
2025,,3011-89637,YSR,M,05/10/25,,2025,NB19,P,IA,nestling,,NB10,,AHY,3,3,19.1,75.0,CR,Y,.,.,.,19.3,.,,,,,,.,super agressive and very long crest,"05/21/25, 05/29/25, 11/02/25","FI, FI, FI",,NA,NA,NA,NA,NA,NA,NA,NA,NA,NA,NA,NA,NA
2025,,3011-89452,YDB,M,05/21/25,,2025,FB,N,,,,,,AHY,2,2,20.7,77.6,TM,Y,.,.,.,17.5,3B0018C873,,,,,,,,,,,NA,NA,NA,NA,NA,NA,NA,NA,NA,NA,NA,NA,NA
2025,,3241-58101,YGD,M,05/21/25,,2025,FH,N,,,,,,AHY,4,3,20.2,75.5,CA,Y,.,.,.,18.2,3B004CFD93,,,,,,,,"05/28/25, 11/02/25","FH, FI",,NA,NA,NA,NA,NA,NA,NA,NA,NA,NA,NA,NA,NA
2025,,3011-89354,PBWorPWB,F,05/21/25,,2025,FC,P,,,,,,ASY,4,3,19.6,75.2,SC,.,.,.,.,16.6,.,,,,,,Spreadsheet says PWB but bands are PBW,,,,,NA,NA,NA,NA,NA,NA,NA,NA,NA,NA,NA,NA,NA
2025,,3011-89393,RBT,M,05/21/25,,2025,FC,P,,,,,,ASY,5,3,20.7,77.3,SC,.,.,.,.,19.4,.,,,,,,,,"06/18/25, 11/22/25","FC, FC",,NA,NA,NA,NA,NA,NA,NA,NA,NA,NA,NA,NA,NA
2025,,3011-89557,YBN,M,05/21/25,,2025,FG,P,IA,nestling,,NB21 2024,,SY,4,3,19.4,73.0,CA,.,.,.,.,18.3,.,,,,,,Flew away before mass,Mass collected 05/28/25,05/28/25,FG,,NA,NA,NA,NA,NA,NA,NA,NA,NA,NA,NA,NA,NA
2025,NEED BLOOD,3011-89504,RSR,M,05/22/25,,2025,FK,P,,,,,,ASY,5,3,20.0,79.0,TM,.,.,.,.,16.7,.,,,,,,Band combo changed from RYR to RSR 05/22/25,,05/31/25,FR,,NA,NA,NA,NA,NA,NA,NA,NA,NA,NA,NA,NA,NA
2025,,3011-89635,SRP,F,05/22/25,,2025,FQ,P,,,,,,AHY,3,2,19.8,77.0,CA,.,.,.,.,17.8,.,,,,,,She's hairy! ETOH blood,,"05/31/25, 06/02/25, 06/10/25, 09/21/25, 10/19/25, 10/26/25, 12/07/25","FQ, NB16B, FQ, FQ, FQ, FQ, FQ",,NA,NA,NA,NA,NA,NA,NA,NA,NA,NA,NA,NA,NA
2025,,3241-58102,SGB,F,05/22/25,,2025,FR,N,,,,,,HY,2,1,19.5,77.0,CA,Y,.,.,.,17.5,3B0018CD5D,,,,,,,,"06/20/25, 09/21/25","FR, FR",,NA,NA,NA,NA,NA,NA,NA,NA,NA,NA,NA,NA,NA
2025,,3241-58103,SGR,M,05/22/25,,2025,FQ,N,,,,,,HY,1,1,20.2,74.5,CA,Y,.,.,.,18.7,3B00493B2F,,,,,,,,,,,NA,NA,NA,NA,NA,NA,NA,NA,NA,NA,NA,NA,NA
2025,,3011-89366,PNL,F,05/22/25,,2025,FR,P,,HY,2023,FP,3,ASY.,2,1,19.4,77.3,BR,.,.,.,.,17.7,3B00492B2F,,,,,,,,"09/21/25, 10/26/25","FP, FP ",,NA,NA,NA,NA,NA,NA,NA,NA,NA,NA,NA,NA,NA
2025,,2691-21960,XRY,M,05/22/25,,2025,FP,P,IA,nestling,2023,NB17,3,ASY.,.,.,.,.,.,.,.,.,.,.,.,,,,,,DEAD,"Missing leg below metal band, no RFID",,,,NA,NA,NA,NA,NA,NA,NA,NA,NA,NA,NA,NA,NA
2025,,3011-89284,GTR,F,05/27/25,,2025,NB17,P,IA,nestling,2023,NB50,3,ASY.,5,2,19.9,70.2,CG,.,.,.,.,.,.,,,,,,Flew before mass,,,,,NA,NA,NA,NA,NA,NA,NA,NA,NA,NA,NA,NA,NA
2025,,3011-89541,RWS,M,05/27/25,,2025,NB11,P,,AHY,2024,NB13,3+,ASY.,5,1,19.7,71.0,BR,.,.,.,.,17.2,.,,,,,,,,,,,NA,NA,NA,NA,NA,NA,NA,NA,NA,NA,NA,NA,NA
2025,,2691-21995,GNT,M,05/27/25,,2025,NB16B,P,IA,nestling,2023,NB62,3,ASY.,5,2,20.1,70.0,.,.,.,.,.,20.3,.,,,,,,Flew away,"Mass, tarsus, and wing collected 06/10/25",06/10/25,FQ,,NA,NA,NA,NA,NA,NA,NA,NA,NA,NA,NA,NA,NA
2025,,2691-21903,CRY,M,05/27/25,,2025,NB18,P,,AHY,2024,NB18,3+,ASY.,4,2,20.9,73.0,CA,.,.,.,.,19.1,.,,,,,,Bites!,,,,,NA,NA,NA,NA,NA,NA,NA,NA,NA,NA,NA,NA,NA
2025,,3011-89699,SYT,F,05/28/25,,2025,FC,P,,HY,2024,FD,2,SY,4,2,19.1,71.5,CA,.,.,.,.,17.2,.,,,,,,,,06/02/25,FC,,NA,NA,NA,NA,NA,NA,NA,NA,NA,NA,NA,NA,NA
2025,,3011-89453,GBO (was GPT),M,05/28/25,,2025,FH,N,,,,,,AHY,3,2,19.8,71.5,SD,Y,.,.,.,15.3,3B0018E0A3,,,,,,,rebanded from GOO to GPT (actually GPG) to YGD,,,,NA,NA,NA,NA,NA,NA,NA,NA,NA,NA,NA,NA,NA
2025,,3011-89648,SWB,M,05/28/25,,2025,FD,P,IA,nestling,2024,NB04,2,SY,5,2,.,.,.,.,.,.,.,.,.,,,,,,"Very slippery because of rain, got out before measurements. ",,,,,NA,NA,NA,NA,NA,NA,NA,NA,NA,NA,NA,NA,NA
2025,,3011-89370,RBY,M,05/28/25,,2025,FC,P,,HY,2023,FB,3,ASY.,5,1,19.7,76.0,BR,.,.,.,.,17.5,.,,,,,,Very good bird,,,,,NA,NA,NA,NA,NA,NA,NA,NA,NA,NA,NA,NA,NA
2025,,2691-21966,WWB,F,05/28/25,,2025,FH,P,IA,nestling,2023,NB50,3,ASY.,3,1,19.6,73.0,BR,.,.,.,.,17.6,.,,,,,,,,,,,NA,NA,NA,NA,NA,NA,NA,NA,NA,NA,NA,NA,NA
2025,,3011-89657,SWS,F,05/29/25,,2025,FN,P,,HY,2024,FN,2,SY,3,2,19.7,70.5,CA,.,.,.,.,18.1,.,,,,,,,,06/16/25,FN,,NA,NA,NA,NA,NA,NA,NA,NA,NA,NA,NA,NA,NA
2025,,2711-56888,GDW (was GYW),M,05/29/25,,2025,FM,P,,AHY,2023,F7 (GG),4+,ASY.,5,2,20.0,74.5,CA,.,.,.,.,19.8,.,,,,,,repeat band combo changed from GYW -> GDW (caught in trap at FK with son (PNG)),,"06/16/25, 11/02/25, 11/22/25","FK, FL, FK",,NA,NA,NA,NA,NA,NA,NA,NA,NA,NA,NA,NA,NA
2025,,3011-89551,YBY,M,05/29/25,,2025,FP,P,IA,nestling,2024,NB15C,2,SY,4,2,19.8,74.0,BR,.,.,.,.,19.3,.,,,,,,,,06/10/25,FP,,NA,NA,NA,NA,NA,NA,NA,NA,NA,NA,NA,NA,NA
2025,,3011-89526,RLB,F,05/29/25,,2025,FN,P,,AHY,2024,NB15C,3+,ASY.,4,2,19.5,70.1,JH,.,.,.,.,16.3,.,,,,,,,,06/16/25,FM,,NA,NA,NA,NA,NA,NA,NA,NA,NA,NA,NA,NA,NA
2025,,3011-89523,RRO,M,05/29/25,,2025,FK,P,IA,nestling,2024,NB19,2,SY,3,2,.,.,.,.,.,.,.,.,.,,,,,,"flew before metal band was read, likely 3011-89523",,,,,NA,NA,NA,NA,NA,NA,NA,NA,NA,NA,NA,NA,NA
2025,,3011-89654,SWG,F,05/31/25,,2025,NB18,P,,AHY,2024,FT,3+,ASY.,3,2,19.4,72.0,BR,.,.,.,.,17.8,.,,,,,,Missing toe,,,,,NA,NA,NA,NA,NA,NA,NA,NA,NA,NA,NA,NA,NA
2025,,3241-58104,WWD,M,05/31/25,,2025,NB16B,N,,,,,,Nestling,1,1,19.5,.,BR,Y,.,.,.,19.3,3B0018CDF8,,,,,,,,,,,NA,NA,NA,NA,NA,NA,NA,NA,NA,NA,NA,NA,NA
2025,,3241-58105,WDR,F,05/31/25,,2025,NB16B,N,,,,,,Nestling,1,1,19.7,.,JH,Y,.,.,.,17.6,3B001914A6,,,,,,,,,,,NA,NA,NA,NA,NA,NA,NA,NA,NA,NA,NA,NA,NA
2025,,3241-58106,WDN,M,05/31/25,,2025,NB16B,N,,,,,,Nestling,2,1,19.8,.,BR,N,.,.,.,18.1,3B0018865D,,,,,,Not a bleeder,,12/07/25,FQ,,NA,NA,NA,NA,NA,NA,NA,NA,NA,NA,NA,NA,NA
2025,,3241-58107,WDW,M,05/31/25,,2025,NB16B,N,,,,,,Nestling,2,1,20.4,.,JH,Y,.,.,.,19.1,3B0018C3A8,,,,,,,,09/14/25,FQ,,NA,NA,NA,NA,NA,NA,NA,NA,NA,NA,NA,NA,NA
2025,,3241-58108,WDO,F,05/31/25,,2025,NB11,N,,,,,,HY,2,1,19.8,.,JH,Y,.,.,.,16.1,3B0018204C,,,,,,,,,,,NA,NA,NA,NA,NA,NA,NA,NA,NA,NA,NA,NA,NA
2025,,3241-58109,YBP,F,05/31/25,,2025,NB11,N,,,,,,HY,1,1,17.8,.,SD,Y,.,.,.,17.2,3B00490F90,,,,,,,,,,,NA,NA,NA,NA,NA,NA,NA,NA,NA,NA,NA,NA,NA
2025,,3011-89454,YPW,F,05/31/25,,2025,FR,N,,,,,,HY,1,1,19.9,70.0,CA,N,.,.,.,17.0,3B004BE7FF,,,,,,Stuck 4 times and did not bleed (recapture note: crest darkened since og capture),,"06/20/25, 12/07/25","FR, FR",,NA,NA,NA,NA,NA,NA,NA,NA,NA,NA,NA,NA,NA
2025,repeat color bands… NOTE HOW YOU FIXED THIS THIS ON THE PAPER DATA SHEET ,3011-89503,RRN,M,05/31/25,,2025,FT,P,,AHY,2023,FU,4+,ASY.,4,3,19.7,76.5,CA,.,.,.,.,17.6,.,,,,,,,,,,,NA,NA,NA,NA,NA,NA,NA,NA,NA,NA,NA,NA,NA
2025,,3011-89455,YPP,M,05/31/25,,2025,FS,N,,,,,,HY,1,1,19.8,64.1,SD,Y,.,.,.,17.0,3B00487140,,,,,,,,,,,NA,NA,NA,NA,NA,NA,NA,NA,NA,NA,NA,NA,NA
2025,repeat color bands… NOTE HOW YOU FIXED THIS THIS ON THE PAPER DATA SHEET ,3011-89456,YDD,M,05/31/25,,2025,NB11,N,,,,,,HY,2,1,19.8,.,SD,Y,.,.,.,17.5,3B0018377D,,,,,,,,,,,NA,NA,NA,NA,NA,NA,NA,NA,NA,NA,NA,NA,NA
2025,,3011-89429,GOT,M,06/02/25,,2025,FB,P,IA,nestling,2025,NB1,1,HY,2,1,19.8,76.0,BR,Y,.,.,.,18.7,.,,,,,,,,,,,NA,NA,NA,NA,NA,NA,NA,NA,NA,NA,NA,NA,NA
2025,,3241-58110,SDO,M,06/02/25,,2025,FA,N,,,,,,HY,2,1,20.5,78.0,JH,Y,.,.,.,19.0,3B0018F001,,,,,,,,,,,NA,NA,NA,NA,NA,NA,NA,NA,NA,NA,NA,NA,NA
2025,NEED BLOOD,3011-89508,RTW,,06/02/25,,2025,NB11,P,,HY,2024,FI,2,SY,5,3,19.1,68.0,SD,N,.,.,.,18.0,.,,,,,,Awful bleeder,,,,,NA,NA,NA,NA,NA,NA,NA,NA,NA,NA,NA,NA,NA
2025,,3011-89456,GSS,M,06/06/25,,2025,NB18,N,,,,,,Nestling,1,1,19.5,.,SD,N,.,.,.,17.7,3B004C6F93,,,,,,"RFID on left leg. Bad bleeder, hard to get blood. ",,,,,NA,NA,NA,NA,NA,NA,NA,NA,NA,NA,NA,NA,NA
2025,,3011-89458,GSB,M,06/06/25,,2025,NB18,N,,,,,,Nestling,1,1,20.5,.,JH,Y,.,.,.,20.0,3B0048E060,,,,,,,,,,,NA,NA,NA,NA,NA,NA,NA,NA,NA,NA,NA,NA,NA
2025,2: missing RFID; AND repeat color bands… NOTE HOW YOU FIXED THIS THIS ON THE PAPER DATA SHEET ,3011-89459,YYS,M,06/06/25,,2025,NB18,N,,,,,,Nestling,1,1,19.5,.,CG,Y,.,.,.,17.0,.,,,,,,"Needs RFID, likely runt so leg too small to fit currently ",,,,,NA,NA,NA,NA,NA,NA,NA,NA,NA,NA,NA,NA,NA
2025,,3011-89460,YYN (was YNO),M,06/06/25,,2025,NB18,N,,,,,,Nestling,2,1,19.8,.,BR,Y,.,.,.,19.5,3B0018EB29,,,,,,,,,,,NA,NA,NA,NA,NA,NA,NA,NA,NA,NA,NA,NA,NA
2025,,3011-89461,YNP,F,06/06/25,,2025,NB18,N,,,,,,Nestling,1,1,20.0,.,CA,Y,.,.,.,18.4,3B004BE7AB,,,,,,Blood clotted immediately after poking,,,,,NA,NA,NA,NA,NA,NA,NA,NA,NA,NA,NA,NA,NA
2025,,3241-58111,WDG,M,06/10/25,,2025,NB17,N,,,,,,Nestling,1,1,19.7,.,CA,Y,.,.,.,16.5,3B0018F82F,,,,,,"Blood is in new Queen's lysis, jittery",,,,,NA,NA,NA,NA,NA,NA,NA,NA,NA,NA,NA,NA,NA
2025,,3241-58112,SNP,F,06/10/25,,2025,NB17,N,,,,,,Nestling,1,1,19.5,.,CA,Y,.,.,.,15.5,3B0018C1AB,,,,,,Jittery,,,,,NA,NA,NA,NA,NA,NA,NA,NA,NA,NA,NA,NA,NA
2025,,3241-58113,WYD,M,06/10/25,,2025,NB17,N,,,,,,Nestling,1,1,19.4,.,CG,Y,.,.,.,16.7,3B0018DEB4,,,,,,jittery,,,,,NA,NA,NA,NA,NA,NA,NA,NA,NA,NA,NA,NA,NA
2025,,3241-58114,RSP,M,06/10/25,,2025,NB17,N,,,,,,Nestling,1,1,19.7,.,CG,Y,.,.,.,16.3,3B0018A6FD,,,,,,Could only get a little bit of blood (VERY little),,,,,NA,NA,NA,NA,NA,NA,NA,NA,NA,NA,NA,NA,NA
2025,,3011-89632,STT,M,06/10/25,,2025,FR,P,.,HY,2024,FR,2,SY,5,3,19.8,76.0,SD,.,.,.,.,19.5,.,,,,,,,.,09/21/25,FR,,NA,NA,NA,NA,NA,NA,NA,NA,NA,NA,NA,NA,NA
2025,,3011-89554,YBT,M,06/16/25,,2025,FN,P,IA,nestling,2024,NB15C,2,SY,4,2,20.5,75.0,SD,.,.,.,.,18.7,.,,,,,,,,"06/16/25, 09/21/25","FO, FO",,NA,NA,NA,NA,NA,NA,NA,NA,NA,NA,NA,NA,NA
2025,,3241-58116,ROO,M,06/16/25,,2025,FM,N,,,,,1,HY,3,1,19.3,78.0,CA,Y,.,.,.,17.1,3B00185D04,,,,,,,,,,,NA,NA,NA,NA,NA,NA,NA,NA,NA,NA,NA,NA,NA
2025,,3241-58006,ROR,M,06/16/25,,2025,FN,P,IA,nestling,2025,NB15a,1,HY,2,1,20.4,74.1,BR,.,.,.,.,17.5,.,,,,,,,,,,,NA,NA,NA,NA,NA,NA,NA,NA,NA,NA,NA,NA,NA
2025,,3241-58117,RON,M,06/16/25,,2025,FK,N,,,,-,,HY,2,1,19.5,75.0,CG,Y,.,.,.,19.0,3B00199070,,,,,,"Band combo written poorly on side of blood tube, ask Cat for help if u have trouble reading it ",,,,,NA,NA,NA,NA,NA,NA,NA,NA,NA,NA,NA,NA,NA
2025,,3011-89462,YPS,F,06/18/25,,2025,FE,N,,,,,,HY,2,1,19.6,73.0,JH,N,.,.,.,17.1,3B004BE753,,,,,,6 is a little scratched on its metal band. Bad bleeder,got blood 04/22/26,,,,NA,NA,NA,NA,NA,NA,NA,NA,NA,NA,NA,NA,NA
2025,NEED BLOOD,3011-89463,YDP,,06/18/25,,2025,FD,N,,,,,,AHY,4,3,.,.,CG,N,.,.,.,.,3B0048A9FA,,,,,,flew away before measurements,,,,,NA,NA,NA,NA,NA,NA,NA,NA,NA,NA,NA,NA,NA
2025,,3011-89464,RSD,M,06/18/25,,2025,FC,N,,,,,,HY,2,1,20.6,77.5,CA,Y,.,.,.,19.3,3B0019BFB3,,,,,,,,,,,NA,NA,NA,NA,NA,NA,NA,NA,NA,NA,NA,NA,NA
2025,,3241-58115,RGT,M,06/20/25,,2025,FR,N,,,,,,HY,2,1,20.2,78.5,SD,Y,.,.,.,19.1,3B0049D277,,,,,,,,,,,NA,NA,NA,NA,NA,NA,NA,NA,NA,NA,NA,NA,NA
2025,,3241-58118,WBB,F,06/20/25,,2025,FQ,N,,,,,,HY,2,1,19.3,71.9,BR,Y,.,.,.,16.8,3B0048D2CC,,,,,,,,,,,NA,NA,NA,NA,NA,NA,NA,NA,NA,NA,NA,NA,NA
2025,repeat color bands… NOTE HOW YOU FIXED THIS THIS ON THE PAPER DATA SHEET ,3241-58119,YDD,F,06/25/25,,2025,FG,N,,,,,,HY,2,1,20.0,72.1,BR,Y,.,.,.,19.3,3B004C1826,,,,,,Very young,,,,,NA,NA,NA,NA,NA,NA,NA,NA,NA,NA,NA,NA,NA
2025,,3241-58120,YDW,M,06/25/25,,2025,FH,N,,,,,,HY,2,1,21.3,76.5,JH,Y,.,.,.,17.1,3B00199C4C,,,,,,,,,,,NA,NA,NA,NA,NA,NA,NA,NA,NA,NA,NA,NA,NA
2025,,3011-89465,WOG,M,07/01/25,,2025,MN-FF,N,,,,,,HY,1,1,20.2,80.0,TM,Y,.,.,.,18.9,3B004A2DCF,,,,,,,,,,,NA,NA,NA,NA,NA,NA,NA,NA,NA,NA,NA,NA,NA
2025,,3011-89416,RTN,M,09/14/25,,2025,MN-NB6,P,IA,nestling,2025,NB5,1,HY,3,.,.,.,.,N,.,.,.,.,.,,,,,,"LLS Child, stuck in MN, released from stress",,,,,NA,NA,NA,NA,NA,NA,NA,NA,NA,NA,NA,NA,NA
2025,,3011-89466,GNN,F,09/14/25,,2025,MN-NB6,N,,,,,,HY,2,1,19.3,75.5,TM,Y,.,.,.,17.8,3B004CD08A,,,,,,"Molting crest, pins observed, caught 2 hours after others in net",,,,,NA,NA,NA,NA,NA,NA,NA,NA,NA,NA,NA,NA,NA
2025,,3241-58107,WDW,M,09/21/25,,2025,FQ,P,IA,nestling,2025,NB16B,1,HY,2,2,19.4,75.6,SC,Y,.,.,.,20.7,.,,,,,,Retook blood mistakenly,,12/07/25,FQ,,NA,NA,NA,NA,NA,NA,NA,NA,NA,NA,NA,NA,NA
2025,,3241-58113,WYD (was WxD),M,09/21/25,,2025,FS,P,IA,nestling,2025,NB17,1,HY,2,2,20.8,75.0,CR,Y,.,.,.,18.4,.,,,,,,,replaced Y band 10/26/25,10/26/25,FS,,NA,NA,NA,NA,NA,NA,NA,NA,NA,NA,NA,NA,NA
2025,,3011-89499,YND,M,09/21/25,,2025,FO,N,,,,,,AHY,2,2,20.2,75.6,SC,Y,.,.,.,19.6,3B00498105,,,,,,2 birds in trap,,,,,NA,NA,NA,NA,NA,NA,NA,NA,NA,NA,NA,NA,NA
2025,,3241-58106,WDN,M,09/21/25,,2025,FQ,P,IA,nestling,2025,NB16B,,HY,2,3,.,76.5,SC,N,.,.,.,.,.,,,,,,Didn't take other measurements as mistake.,,"10/07/25, 12/07/25","FQ, FQ",,NA,NA,NA,NA,NA,NA,NA,NA,NA,NA,NA,NA,NA
2025,,3011-89467,GDD (was GDR),M,09/21/25,,2025,FS,N,,,,,,HY,3,1,20.1,75.0,CR,Y,.,.,.,19.1,3B004CB6E6,,,,,,"duplicate band combo, changed from GDR to GDD 03/01/26",,,,,NA,NA,NA,NA,NA,NA,NA,NA,NA,NA,NA,NA,NA
2025,,3011-89447,GDO,M,09/21/25,,2025,FO,P,IA,nestling,2025,NB15B,1,HY,2,1,19.5,77.0,CR,N,.,.,.,19.5,.,,,,,,,,,,,NA,NA,NA,NA,NA,NA,NA,NA,NA,NA,NA,NA,NA
2025,repeat color bands… NOTE HOW YOU FIXED THIS THIS ON THE PAPER DATA SHEET ,3241-58121,GDW,M,10/12/25,,2025,FD,N,,,,,,AHY,3,1,21.2,74.6,SC,Y,.,.,.,19.8,3B0049574C,,,,,,duplicate color band combo. ,,11/02/25,FD,,NA,NA,NA,NA,NA,NA,NA,NA,NA,NA,NA,NA,NA
2025,,3241-58125,GDN (was GDY),F,10/26/25,,2025,FS,N,,,,,,AHY,2,2,19.5,74.3,CR,Y,.,.,.,17.6,3B004CC3C9,,,,,,Duplicate color band combo. ,bands changed from GDY to GDN 03/01/26,,,,NA,NA,NA,NA,NA,NA,NA,NA,NA,NA,NA,NA,NA
2025,,3241-58126,WRD,F,10/26/25,,2025,FQ,N,,,,,,AHY,2,2,19.7,73.1,SC,Y,.,.,.,16.3,3B0018796C,,,,,,,,,,,NA,NA,NA,NA,NA,NA,NA,NA,NA,NA,NA,NA,NA
2025,,3011-89415,RTT,F,10/26/25,,2025,FR,P,IA,nestling,2025,NB05,1,HY,2,1,19.3,73.2,CR,N,.,.,.,17.5,.,,,,,,,,,,,NA,NA,NA,NA,NA,NA,NA,NA,NA,NA,NA,NA,NA
2025,repeat color bands… NOTE HOW YOU FIXED THIS THIS ON THE PAPER DATA SHEET ,3241-58124,RPP,F,10/26/25,,2025,FQ,N,,,,,,HY,1,1,20.3,77.5,CA,Y,.,.,.,17.6,3B00496FEE,,,,,,,,,,,NA,NA,NA,NA,NA,NA,NA,NA,NA,NA,NA,NA,NA
2025,,3241-58111,WDG,M,10/26/25,,2025,FT,P,IA,nestling,2025,NB17,1,HY,1,2,20.0,76.0,CA,Y,.,.,.,17.0,.,,,,,,,,,,,NA,NA,NA,NA,NA,NA,NA,NA,NA,NA,NA,NA,NA
2025,repeat color bands… NOTE HOW YOU FIXED THIS THIS ON THE PAPER DATA SHEET ,3241-58122,YNN,M,10/26/25,,2025,FM,N,,,,,,HY,2,1,20.6,76.0,SC,Y,.,.,.,18.4,3B004B5544,,,,,,,,,,,NA,NA,NA,NA,NA,NA,NA,NA,NA,NA,NA,NA,NA
2025,,3241-58104,WWD,M,10/26/25,,2025,FR,P,IA,nestling,2025,NB16B,1,HY,3,2,20.1,77.5,CA,N,.,.,.,20.8,.,,,,,,,,,,,NA,NA,NA,NA,NA,NA,NA,NA,NA,NA,NA,NA,NA
2025,NEED BLOOD,3011-89498,RDD,,11/02/25,,2025,FI,N,,,,,,HY,3,1,21.0,70.5,OK,N,.,.,.,17.8,3B00496D3A,,,,,,"Really bad bleed, stuck several times with no bleed. Super cold out so that may be why? ",,,,,NA,NA,NA,NA,NA,NA,NA,NA,NA,NA,NA,NA,NA
2025,,3011-89421,YOD,M,11/02/25,,2025,FN,P,IA,nestling,2025,NB13,1,HY,3,3,19.5,75.0,CG,N,.,.,.,18.3,.,,,,,,,,12/07/25,FM,,NA,NA,NA,NA,NA,NA,NA,NA,NA,NA,NA,NA,NA
2025,NEED BLOOD,3011-89468,GPS,,11/02/25,,2025,FH,N,,,,,,AHY,3,1,18.5,76.0,OK,N,.,.,.,17.9,3B004C1BC2,,,,,,awful bleed again :/ stuck multiple times and nothing,,,,,NA,NA,NA,NA,NA,NA,NA,NA,NA,NA,NA,NA,NA
2025,,3011-89696,PNG,M,11/02/25,,2025,FK,P,IA,nestling,2025,NB14,1,HY,2,3,19.7,74.3,SC,N,.,.,.,18.8,.,,,,,,beautiful boy <3,Caught in trap with dad (GDW) at FK,11/22/25,FK,,NA,NA,NA,NA,NA,NA,NA,NA,NA,NA,NA,NA,NA
2025,,3241-58127,RDR,F,11/22/25,,2025,FB,N,,,,,,AHY,2,1,19.0,71.5,SC,Y,.,.,.,15.9,3B004BE3F2,,,,,,,,,,,NA,NA,NA,NA,NA,NA,NA,NA,NA,NA,NA,NA,NA
2025,,3241-58128,RDY,M,11/22/25,,2025,FC,N,,,,,,AHY,2,2,20.4,76.1,SC,Y,.,.,.,20.0,3B004CA473,,,,,,SEX CONFIRMED THROUGH DISSECTION AS MALE 06/05/26,,,,,NA,NA,NA,NA,NA,NA,NA,NA,NA,NA,NA,NA,NA
2025,,3241-58129,RDT,F,11/22/25,,2025,FL,N,,,,,,AHY,1,1,19.8,68.9,SC,Y,.,.,.,17.0,3B0049F953,,,,,,"Bad bleeding, small bird",,,,,NA,NA,NA,NA,NA,NA,NA,NA,NA,NA,NA,NA,NA
2025,,3241-58130,RPT,F,12/07/25,,2025,FO,N,,,,,,HY,2,2,19.8,75.3,TM ,Y,.,.,.,17.6,3B0049FCF6,,,,,,,,,,,NA,NA,NA,NA,NA,NA,NA,NA,NA,NA,NA,NA,NA
,,,,,,,NA,,,,,,,,.,.,.,.,.,.,.,.,.,.,.,.,,,,,,,,,,,NA,NA,NA,NA,NA,NA,NA,NA,NA,NA,NA,NA,NA
2026,,3011-89557,YBN,M,02/01/26,,2026,FF,P,IA,nestling,2024,NB21,3,ASY.,3,3,19.8,80.6,TM,.,Y,Y,Y,18.1,.,,,,,,first bird of '26,"Recaptured  05/20/2026, took tail feather, crest photo, and spec","05/20/2026, 05/23/2026, 05/27/26","FG, FF, FG",,NA,NA,NA,NA,NA,NA,NA,NA,NA,NA,NA,NA,NA
2026,,3011-89469,GPO,F,02/01/26,,2026,FF,N,.,.,.,.,.,AHY,1,3,19.7,75.0,TM,Y,N,.,.,N,3B004C3B15,,,,,,dead in hand,,,,,NA,NA,NA,NA,NA,NA,NA,NA,NA,NA,NA,NA,NA
2026,,3011-89470,WPG,M,02/01/26,,2026,FF,N,.,.,.,.,.,AHY,2,3,20.1,78.1,TM,Y,Y,.,.,19.7,3B0018455B,,,,,,,,,,,NA,NA,NA,NA,NA,NA,NA,NA,NA,NA,NA,NA,NA
2026,,3011-89318,PBP (was PBB),M,02/08/26,,2026,FP,P,IA,nestling,2023,NB18,4,ASY.,3,3,20.6,79.8,TM,.,Y,Y,Y,19.9,.,NB16A,"3241-58124, RPP (repeat)",2025,NB16A,,Color bands changed from PBB to PBP 04/22/26,"Pulled tail feather 04/22/26, took spec/crest radio tracker freq 9.036 05/22/26","03/01/26, 04/22/26, 05/22/26","FP, NB16A, MNFP",,NA,NA,NA,NA,NA,NA,NA,NA,NA,NA,NA,NA,NA
2026,,3241-58131,RST,M,02/08/26,,2026,FN,N,.,.,.,.,.,AHY,3,3,20.5,72.1,TM,Y,Y,.,.,18.1,3B004CA470,,,,,,bad bleeder,,03/01/26,FN,,NA,NA,NA,NA,NA,NA,NA,NA,NA,NA,NA,NA,NA
2026,2: (tail AND) repeat color bands… NOTE HOW YOU FIXED THIS THIS ON THE PAPER DATA SHEET ,3241-58124,RPP,F,02/08/26,,2026,FP,P,.,HY,2025,FQ,2,SY,2,2,20.4,73.1,TM,.,N,.,.,17.8,.,,,2025,NB14,,metal band on wrong side ,,,,,NA,NA,NA,NA,NA,NA,NA,NA,NA,NA,NA,NA,NA
2026,,3011-89526,RLB,F,02/08/26,,2026,FL,P,.,AHY,2024,NB15C,3+,ASY.,2,3,18.8,73.1,TM,.,Y,Y,Y,16.7,.,,,2024,NB15C,,,caught with RNT on 02/22/26,"02/22/26, 05/21/26","FM, FM",,NA,NA,NA,NA,NA,NA,NA,NA,NA,NA,NA,NA,NA
2026,,3241-58132,RNT,M,02/08/26,,2026,FL,N,.,.,.,.,.,AHY,3,3,19.4,78.1,TM,Y,Y,Y,Y,17.0,3B004CB10E,,,,,,,caught with RLB on 02/22/26 recapture,"02/22/26, 03/01/26, 05/21/26","FM, FM, FM",,NA,NA,NA,NA,NA,NA,NA,NA,NA,NA,NA,NA,NA
2026,,3241-58113,WYD (was WxD),M,02/08/26,,2026,FS,P,IA,nestling,2025,NB17,2,SY,3,3,20.8,78.8,TM,.,Y,Y,Y,17.8,.,,,,,,,caught with RTT on 06/19/26,"05/21/26, 05/22/26, 06/01/26, 06/19/26","FR, FS, FS, FS",,NA,NA,NA,NA,NA,NA,NA,NA,NA,NA,NA,NA,NA
2026,,3011-89415,RTT,F,02/08/26,,2026,FS,P,IA,nestling,2025,NB05,2,SY,2,3,19.6,74.2,TM,.,Y,Y,Y,17.2,.,,,,,,brood patch 06/19/26,caught with WYD on 06/19/26,"05/03/26, 05/21/26, 06/19/26, 06/25/26","FR, FS, FS, FS",,NA,NA,NA,NA,NA,NA,NA,NA,NA,NA,NA,NA,NA
2026,"spec, crest",3011-89693,PNP (was PNx),M,02/08/26,,2026,FM,P,IA,nestling,2025,NB14,2,SY,3,3,19.8,78.7,TM,.,Y,.,.,18.4,.,,,,,,was missing a band (p),,"03/01/26, 06/17/26","FL, FP",,NA,NA,NA,NA,NA,NA,NA,NA,NA,NA,NA,NA,NA
2026,,3011-89551,YBY,M,02/08/26,,2026,FP,P,IA,nestling,2024,NB15C,3,ASY,3,3,20.4,79.1,TM,.,Y,Y,Y,18.6,.,,,,,,balding on back of head,"on 05/27/26, was caught at mist net by FP, took spec and crest",05/27/26,MNFP,,NA,NA,NA,NA,NA,NA,NA,NA,NA,NA,NA,NA,NA
2026,,3241-58106,WDN,M,02/08/26,,2026,FR,P,IA,nestling,2025,NB16B,2,SY,3,3,20.0,76.8,TM,Y,Y,.,.,19.1,.,,,,,,,Caught with sibling(WDW),02/22/26,FR,,NA,NA,NA,NA,NA,NA,NA,NA,NA,NA,NA,NA,NA
2026,,3011-89421,YOD,M,02/08/26,,2026,FN,P,IA,nestling,2025,NB13,2,SY,2,3,19.3,77.3,TM,.,Y,Y,Y,18.1,.,NB14,"3011-89473, ROW",,,,crest is missing feathers 21 may 2026,"backpacked on 06/01/26 (freq. 9.187), still missing crest/head feathers, backpack looking good 06/19/26","05/21/26, 06/01/26, 06/19/26, 06/24/26","FM, FN, FM, FN",,NA,NA,NA,NA,NA,NA,NA,NA,NA,NA,NA,NA,NA
2026,repeat color bands… NOTE HOW YOU FIXED THIS THIS ON THE PAPER DATA SHEET ,3241-58121,GDW,M,02/15/26,,2026,FD,P,.,AHY,2025,FD,.,AHY,3,3,20.8,77.8,TM,.,Y,Y,Y,19.7,.,,,,,,,,,,,NA,NA,NA,NA,NA,NA,NA,NA,NA,NA,NA,NA,NA
2026,NEED BLOOD,3241-58128,RDY,M,02/15/26,,2026,FC,P,.,AHY,2025,FC,.,ASY,3,3,20.3,79.1,TM,.,Y,Y,Y,19.8,.,,,,,,SEX CONFIRMED THROUGH DISSECTION AS MALE 06/05/26,Found dead in trap FC 04/30/26 with RSD,04/30/26,FC,,NA,NA,NA,NA,NA,NA,NA,NA,NA,NA,NA,NA,NA
2026,,3011-89464,RSD,M,02/15/26,,2026,FD,P,.,HY,2025,FC,.,AHY,3,3,20.5,80.1,TM,.,Y,Y,Y,19.6,.,,,,,,,Found dead in trap FC 04/30/36 with RDY,03/22/26,FC,,NA,NA,NA,NA,NA,NA,NA,NA,NA,NA,NA,NA,NA
2026,,3011-89657,SWS,F,02/22/26,,2026,FN,P,.,HY,2024,FN,2,SY,2,3,20.5,76.0,TM,.,Y,Y,Y,17.7,.,,,2025,NB15A,,,,,,,NA,NA,NA,NA,NA,NA,NA,NA,NA,NA,NA,NA,NA
2026,,3011-89554,YBT,M,02/22/26,,2026,FO,P,IA,nestling,2024,NB15C,3,ASY.,3,3,19.6,76.0,TM,.,Y,Y,Y,18.5,.,,,,,,did not fly away immediately when released,,"03/01/26, 05/22/26, 06/01/26, 06/17/26, 06/26/26","FQ, FN, FO,FN, FO",,NA,NA,NA,NA,NA,NA,NA,NA,NA,NA,NA,NA,NA
2026,,3241-58126,WRD,F,02/22/26,,2026,FQ,P,.,AHY,2025,FQ,.,ASY,2,2,19.8,74.2,TM,.,Y,Y,Y,16.1,.,,,,,,did not fly away immediately when released,,03/01/26,FQ,,NA,NA,NA,NA,NA,NA,NA,NA,NA,NA,NA,NA,NA
2026,,3241-58133,YPR,F,02/22/26,,2026,FK,N,.,.,.,.,.,AHY,3,2,19.9,76.2,TM,Y,Y,Y,Y,17.5,3B00491CFF,,,,,,,,03/01/26,FK,,NA,NA,NA,NA,NA,NA,NA,NA,NA,NA,NA,NA,NA
2026,,3011-89694,PND,M,02/22/26,,2026,FK,P,IA,nestling,2025,NB14,2,SY,3,3,19.7,77.1,TM,.,Y,Y,Y,18.3,.,,,,,,,,"03/01/26, 04/26/26, 05/03/26, 05/21/26, 06/01/26, 06/17/26","FK, FK, FK, FL, FK, FL",,NA,NA,NA,NA,NA,NA,NA,NA,NA,NA,NA,NA,NA
2026,,3011-89499,YND,M,02/22/26,,2026,FN,P,.,AHY,2025,FO,.,ASY,3,3,19.9,78.0,TM,Y,Y,Y,Y,18.9,.,,,,,,,,,,,NA,NA,NA,NA,NA,NA,NA,NA,NA,NA,NA,NA,NA
2026,,3241-58107,WDW,M,02/22/26,,2026,FR,P,IA,nestling,2025,NB16B,2,SY,3,3,19.4,77.6,TM,.,Y,Y,Y,19.8,.,,,,,,,,,,,NA,NA,NA,NA,NA,NA,NA,NA,NA,NA,NA,NA,NA
2026,,3241-58134,YPO,F,02/22/26,,2026,FT,N,.,.,.,.,.,AHY,3,3,19.9,78.0,TM,Y,Y,Y,Y,18.8,3B004C68B9,,,,,,weird feet 05/21/26,,05/21/26,FT,,NA,NA,NA,NA,NA,NA,NA,NA,NA,NA,NA,NA,NA
2026,,3241-58125,GDN (was GDY),F,03/01/26,,2026,FS,P,.,AHY,2025,FS,.,AHY,2,3,19.4,78.0,TM,.,Y,Y,Y,17.3,.,NB18,"3011-89460, YYN",,,,originally was GDY. band changed to GDN,,05/21/26,FS,,NA,NA,NA,NA,NA,NA,NA,NA,NA,NA,NA,NA,NA
2026,,3011-89467,GDD (was GDR),M,03/01/26,,2026,FS,P,.,HY,2025,FS,.,SY,3,3,20.7,80.2,TM,.,Y,Y,Y,18.8,.,,,,,,"originally GDR, changed to GDD . ",,,,,NA,NA,NA,NA,NA,NA,NA,NA,NA,NA,NA,NA,NA
Stopped populating extra info here,,,,,,,NA,,,,,,,,.,.,.,.,.,.,.,.,.,.,.,.,,,,,,,,,,,NA,NA,NA,NA,NA,NA,NA,NA,NA,NA,NA,NA,NA
2026,,3241-58135,RNG,M,03/22/26,07:57,2026,FD,N,.,.,.,.,.,AHY,3,3,20.5,77.7,TM,Y,Y,Y,Y,19.6,3B004C3227,,,,,,"Gov band hard to read, has 2 notches",,,,,NA,NA,NA,NA,NA,NA,NA,NA,NA,NA,NA,NA,NA
2026,,3241-58138,GNG,F,03/22/26,09:49,2026,FB,N,.,.,.,.,.,AHY,2,1,20.0,73.9,TM,Y,Y,Y,Y,20.3,3B0049549A,NB1,"3011-89471, PDN",,,,Swollen cloaca. Pregnant so that effects mass,,05/27/26,FB,,NA,NA,NA,NA,NA,NA,NA,NA,NA,NA,NA,NA,NA
2026,,3011-89669,RBP(also noted as RBX will follow up),M,03/22/26,10:52,2026,FC,P,.,AHY,2025,FC,.,ASY,3,3,19.8,80.3,TM,.,Y,Y,Y,20.1,.,,,,,,replaced blue color band,,,,,NA,NA,NA,NA,NA,NA,NA,NA,NA,NA,NA,NA,NA
2026,,3011-89445,YDT,M,03/22/26,11:10,2026,FG,P,IA,nestling,2025,NB22,2,SY,3,3,19.0,80.6,TM,Y,Y,Y,Y,19.3,.,,,,,,,caught w/ NSS 06/25/26,"06/17/26, 06/25/26","FG, FG",,NA,NA,NA,NA,NA,NA,NA,NA,NA,NA,NA,NA,NA
2026,,3011-89582,YWS,M,03/22/26,11:10,2026,FG,P,IA,nestling,2024,NB22,3,ASY,3,3,20.6,77.8,TM,Y,Y,Y,Y,19.5,.,,,,,,,"caught with NSS on 06/19/26, singing on release",06/19/26,FG,,NA,NA,NA,NA,NA,NA,NA,NA,NA,NA,NA,NA,NA
2026,,3241-58136,YPN,F,03/22/26,10:52,2026,FC,N,.,.,.,.,.,AHY,2,3,19.3,74.5,TM,Y,Y,Y,Y,18.9,3B001A5073,,,,,,Prob didn't get to collect feather bc of missing feathers,,,,,NA,NA,NA,NA,NA,NA,NA,NA,NA,NA,NA,NA,NA
2026,,3241-58101,YGD,M,03/22/26,12:18,2026,FI,P,.,AHY,2025,FH,.,ASY,3,3,20.2,79.2,TM,.,Y,Y,Y,18.7,.,,,,,,,"backpacked 06/25/26, 8.886 freq, last backpack!!!","06/18/26, 06/25/26","FH, FG",,NA,NA,NA,NA,NA,NA,NA,NA,NA,NA,NA,NA,NA
2026,,3241-58137,YGP,F,03/22/26,12:18,2026,FI,N,.,.,.,.,.,.,2,3,20.8,77.1,TM,Y,Y,Y,Y,18.3,3B004D16CA,,,,,,,,,,,NA,NA,NA,NA,NA,NA,NA,NA,NA,NA,NA,NA,NA
2026,Spec and Crest Photo,3241-58199,RPN,M,04/04/26,08:56,2026,EB4,N,.,.,.,.,.,AHY,3,3,20.0,77.1,CR,Y,Y,N,N,19.0,3B0048864D,EB4,"3241-58140, YPT",,,,,"backpacked on 06/23/26, frequency 8.983","06/18/26, 06/23/26","EB3, EB3",,NA,NA,NA,NA,NA,NA,NA,NA,NA,NA,NA,NA,NA
,,,,,,,NA,,,,,,,,,,,,,,,,,,,,,,,,,,,,,,NA,NA,NA,NA,NA,NA,NA,NA,NA,NA,NA,NA,NA
,,,,,,,NA,,,,,,,,,,,,,,,,,,,,,,,,,,,,,,NA,NA,NA,NA,NA,NA,NA,NA,NA,NA,NA,NA,NA
2026,"Mass, Spec, Crest Photo",3241-58140,YPT,F,04/07/26,13:03,2026,EB4,N,.,.,.,.,.,AHY,2,2,19.2,74.5,SC,Y,Y,N,N,-,3B00189490,EB4,"3241-58199, RPN",,,,"Flew away before mass, super super wiggly, took 2 tail feathers unintentionally because of wiggly. Color marked unavailable on new color sheet.",Seen 6/23/26 missing P band,,,,NA,NA,NA,NA,NA,NA,NA,NA,NA,NA,NA,NA,NA
2026,"Spec, crest",3241-58008,WDB,F,04/14/26,13:15,2026,NB15C,N,.,.,.,.,.,AHY,2,2,20.1,74.9,CR,Y,Y,N,N,17.9,3B0019040B,NB15C,,,,,"Bled for a very long time, had to use septic powder",,,,,NA,NA,NA,NA,NA,NA,NA,NA,NA,NA,NA,NA,NA
2026,"Spec, crest, tail",3011-89500,WTD,F,04/14/26,12:45,2026,EB4,N,.,.,.,.,1,Nestling,1,1,19.9,52.0,CA,Y,N,N,N,18.5,3B0018A021,,,,,,"two different blood samples marked with this band combo; labeled ""[gov #] I"" and ""[gov #] II""",,,,,NA,NA,NA,NA,NA,NA,NA,NA,NA,NA,NA,NA,NA
2026,"Spec, crest, tail",3011-89496,GBD,.,04/14/26,12:45,2026,EB4,N,.,.,.,.,1,Nestling,1,1,19.6,57.5,CA,Y,N,N,N,18.6,3B004CDAE1,,,,,,,,,,,NA,NA,NA,NA,NA,NA,NA,NA,NA,NA,NA,NA,NA
2026,"Spec, crest, tail",3011-89497,GNO,M,04/14/26,12:45,2026,EB4,N,.,.,.,.,1,Nestling,1,1,19.4,53.0,OK,Y,N,N,N,18.7,3B0049585C,,,,,,,,,,,NA,NA,NA,NA,NA,NA,NA,NA,NA,NA,NA,NA,NA
2026,"Spec, crest, tail",3011-89494,YNS,F,04/14/26,12:45,2026,EB4,N,.,.,.,.,1,Nestling,1,1,19.3,52.0,EL,Y,N,N,N,17.5,3B004C0E49,,,,,,banding on legs is switched (i texted eva and she said she put gov and rfid on left leg instead of right CR),,,,,NA,NA,NA,NA,NA,NA,NA,NA,NA,NA,NA,NA,NA
2026,"Spec, crest, tail",3011-89474,RSB,F,04/14/26,12:45,2026,EB4,N,.,.,.,.,1,Nestling,1,1,19.4,54.0,OK,Y,N,N,N,18.6,3B00189C8A,,,,,,,,,,,NA,NA,NA,NA,NA,NA,NA,NA,NA,NA,NA,NA,NA
2026,"Spec, crest",3011-89471,PDN,M,04/19/26,07:55,2026,NB01,N,.,.,.,.,.,AHY,3,3,20.7,73.9,CR,Y,Y,Y,Y,19.2,3B004ABAEC,NB1,"3241,-58138, GNG",,,,"didn't get a lot of blood, snaptrap parent from nb1 no spec b/c murphy not here","backpacked, frequency 8.954 05/27/26","05/27/26, 06/26/26","FB, FB",,NA,NA,NA,NA,NA,NA,NA,NA,NA,NA,NA,NA,NA
2026,"Spec, crest",3011-89472,PNB,F,04/19/26,10:05,2026,NB20,N,.,.,.,.,.,AHY,3,2,18.6,72.2,CR,Y,Y,N,N,16.1,3B00187439,NB20,"possibly 3011-89610, YOS",,,,,,,,,NA,NA,NA,NA,NA,NA,NA,NA,NA,NA,NA,NA,NA
2026,Spec,3011-89473,ROW,F,04/19/26,11:03,2026,NB14,N,.,.,.,.,.,AHY,3,2,18.7,69.5,CR,Y,Y,N,Y,15.6,3B004AF251,NB14,"3011-89421, YOD",,,,crest on 06/19/26,,06/19/26,FN,,NA,NA,NA,NA,NA,NA,NA,NA,NA,NA,NA,NA,NA
2026,"Spec, crest, tail",3241-58154,RDB,M,04/19/26,07:58,2026,NB05,N,.,.,.,.,1,Nestling,1,1,20.5,43.2,CA,Y,N,N,N,16.5,3B00494B5C,,,,,,,,,,,NA,NA,NA,NA,NA,NA,NA,NA,NA,NA,NA,NA,NA
2026,"Spec, crest, tail",3241-58155,WPW,F,04/19/26,08:24,2026,NB05,N,.,.,.,.,1,Nestling,1,1,19.2,50,EL,Y,N,N,N,14.8,3B00182D16,,,,,,leg too short for rfid; now big enough for RFID 1st processed 4/19 04/21/26,,,,,NA,NA,NA,NA,NA,NA,NA,NA,NA,NA,NA,NA,NA
2026,"Spec, crest, tail",3241-58156,RSN,M,04/19/26,08:36,2026,NB05,N,.,.,.,.,1,Nestling,1,1,19.2,44.5,TD,Y,N,N,N,15.1,3B0019A99E,,,,,,,,,,,NA,NA,NA,NA,NA,NA,NA,NA,NA,NA,NA,NA,NA
2026,"Spec, crest, tail",3241-58158,YDN,F,04/19/26,08:58,2026,NB05,N,.,.,.,.,1,Nestling,1,1,17.3,42.9,CR,Y,N,N,N,14.4,3B0019C2D8,,,,,,leg too short for rfid; now big enough for RFID 1st processed 4/19 04/21/26,,,,,NA,NA,NA,NA,NA,NA,NA,NA,NA,NA,NA,NA,NA
2026,"Spec, crest, tail",3241-58157,WDT,M,04/19/26,09:10,2026,NB05,N,.,.,.,.,1,Nestling,1,1,19.2,44.2,CA,Y,N,N,N,18.2,3B0018FDD4,,,,,,leg too short for rfid; now big enough for RFID 1st processed 4/19 04/21/26,6/17 accidentally released at pavillion,"06/17/26, 06/24/26","FH, FQ",,NA,NA,NA,NA,NA,NA,NA,NA,NA,NA,NA,NA,NA
2026,"Spec, crest, tail",3241-58159,ROS,M,04/19/26,09:33,2026,NB05,N,.,.,.,.,1,Nestling,1,1,19.7,48.0,EL,Y,N,N,N,15.6,3B00493C9C,,,,,,,,,,,NA,NA,NA,NA,NA,NA,NA,NA,NA,NA,NA,NA,NA
2026,"Spec, crest, tail",3241-58160,WNN,M,04/19/26,10:33,2026,NB16A,N,.,.,.,.,1,Nestling,1,1,19.5,46.3,CA,Y,N,N,N,18.7,3B0019191E,,,,,,,,,,,NA,NA,NA,NA,NA,NA,NA,NA,NA,NA,NA,NA,NA
2026,"Spec, crest, tail",3241-58161,WTW,M,04/19/26,10:43,2026,NB16A,N,.,.,.,.,1,Nestling,1,1,20.2,49.5,TD,Y,N,N,N,19.5,3B00182954,,,,,,very small amount of blood; bright red!,,05/22/26,MNFP,,NA,NA,NA,NA,NA,NA,NA,NA,NA,NA,NA,NA,NA
2026,"Spec, crest, tail",3241-58162,YPP,M,04/19/26,11:00,2026,NB16A,N,.,.,.,.,1,Nestling,2,1,19.8,52.5,EL,Y,N,N,N,18.9,3B004BCA2A,,,,,,,,,,,NA,NA,NA,NA,NA,NA,NA,NA,NA,NA,NA,NA,NA
2026,"Spec, crest, tail",3241-58163,RSS,F,04/19/26,11:16,2026,NB16A,N,.,.,.,.,1,Nestling,1,1,19.7,46.1,CA,Y,N,N,N,18.2,3B0019D211,,,,,,,,,,,NA,NA,NA,NA,NA,NA,NA,NA,NA,NA,NA,NA,NA
2026,"Spec, crest, tail",3241-58164,WOD,.,04/19/26,11:31,2026,NB16A,N,.,.,.,.,1,Nestling,2,1,19.4,47.5,CA,Y,N,N,N,17.4,3B00182044,,,,,,,,,,,NA,NA,NA,NA,NA,NA,NA,NA,NA,NA,NA,NA,NA
2026,"Spec, crest",3241-58165,RSG,F,04/19/26,12:01,2026,NB16B,N,.,.,.,.,.,AHY,2,2,18.8,73,EL,Y,Y,N,N,16.7,3B004BE50D,NB16B,"2691-21995, GNT",,,,,,,,,NA,NA,NA,NA,NA,NA,NA,NA,NA,NA,NA,NA,NA
2026,"Spec, crest, tail",3241-58166,RDN,F,04/21/26,14:39,2026,NB20,N,.,.,.,.,1,Nestling,1,1,17.2,37.3,CR,Y,N,N,N,13.6,3B004BD2A4,,,,,,leg not long enough for RFID,RFID placed 04/26/25,,,,NA,NA,NA,NA,NA,NA,NA,NA,NA,NA,NA,NA,NA
2026,"Spec, crest, tail",3241-58167,RNB,M,04/21/26,14:46,2026,NB20,N,.,.,.,.,1,Nestling,1,1,18.9,37.2,CA,Y,N,N,N,14.9,3B0048DCAB,,,,,,leg not long enough for RFID,RFID placed 04/26/25,,,,NA,NA,NA,NA,NA,NA,NA,NA,NA,NA,NA,NA,NA
2026,"Spec, crest, tail",3241-58168,RPO,M,04/21/26,14:59,2026,NB20,N,.,.,.,.,1,Nestling,1,1,17.8,38.2,CR,Y,N,N,N,15.1,3B004E2D8A,,,,,,leg not long enough for RFID,RFID placed 04/26/25,,,,NA,NA,NA,NA,NA,NA,NA,NA,NA,NA,NA,NA,NA
2026,"Spec, crest, tail",3241-58169,YPN,F,04/21/26,15:06,2026,NB20,N,.,.,.,.,1,Nestling,1,1,18.3,37.5,CA,Y,N,N,N,14.9,3B00190ED5,,,,,,leg not long enough for RFID,"band combo written as ""RPN"" on data sheet, RFID placed 04/26/25",,,,NA,NA,NA,NA,NA,NA,NA,NA,NA,NA,NA,NA,NA
2026,"Spec, crest, tail",3241-58170,YPD,M,04/21/26,15:12,2026,NB20,N,.,.,.,.,1,Nestling,1,1,18.0,34.8,CR,Y,N,N,N,14.4,3B0018546E,,,,,,leg not long enough for RFID,RFID placed 04/26/25,,,,NA,NA,NA,NA,NA,NA,NA,NA,NA,NA,NA,NA,NA
2026,"Spec, crest, tail",3241-58171,YPY,M,04/21/26,15:21,2026,NB20,N,.,.,.,.,1,Nestling,1,1,17.2,28.5,CA,Y,N,N,N,13.7,3B004D82C7,,,,,,leg not long enough for RFID,RFID placed 04/26/25,,,,NA,NA,NA,NA,NA,NA,NA,NA,NA,NA,NA,NA,NA
2026,"Spec, crest",3011-89462,YPS,F,04/22/26,14:20,2026,NB05,P,.,HY,2025,FE,2,SY,2,2,19.6,70.9,SC,Y,Y,N,N,17.6,.,NB5,"3011-89343, PLS",,,,missing P band (replaced) use syptic powder,,,,,NA,NA,NA,NA,NA,NA,NA,NA,NA,NA,NA,NA,NA
2026,,3241-58120,YDW,M,04/26/26,07:54,2026,NB09,P,.,HY,2025,FH,.,SY,3,3,20.8,79.8,TM,.,Y,Y,Y,17.7,.,NB09,.,,,,,,,,,NA,NA,NA,NA,NA,NA,NA,NA,NA,NA,NA,NA,NA
2026,,3011-89475,WDS,F,04/26/26,07:58,2026,NB52,N,.,.,.,.,.,AHY,2,2,19.7,75.1,TM,Y,Y,Y,Y,16.7,3B00192F21,NB52,UNB,,,,,,,,,NA,NA,NA,NA,NA,NA,NA,NA,NA,NA,NA,NA,NA
2026,"Spec, crest, tail",3241-58172,SSB,M,04/26/26,08:14,2026,NB16B,N,.,.,.,.,1,Nestling,2,1,17.8,41.3,SC,Y,N,N,N,11.9,3B00190F24,,,,,,,,,,,NA,NA,NA,NA,NA,NA,NA,NA,NA,NA,NA,NA,NA
2026,"Spec, crest, tail",3241-58173,STW,M,04/26/26,08:14,2026,NB16B,N,.,.,.,.,1,Nestling,2,1,18.5,42.2,CA,Y,N,N,N,15.7,3B0018E8B8,,,,,,,is not logged but likely the dead nestling found in box according to rfid data,,,,NA,NA,NA,NA,NA,NA,NA,NA,NA,NA,NA,NA,NA
2026,"Spec, crest, BLOOD",3241-58174,SDY,M,04/26/26,08:14,2026,NB16B,N,.,.,.,.,1,Nestling,1,1,18.9,43.5,SC,N,Y,N,N,14.4,3B00184E33,,,,,,took back tail feather for sexing ,,,,,NA,NA,NA,NA,NA,NA,NA,NA,NA,NA,NA,NA,NA
2026,"Spec, crest, tail",3241-58175,SNO,M,04/26/26,08:14,2026,NB16B,N,.,.,.,.,1,Nestling,2,1,19.8,46.2,SC,Y,N,N,N,14.6,3B0018ACBA,,,,,,,,,,,NA,NA,NA,NA,NA,NA,NA,NA,NA,NA,NA,NA,NA
2026,"Spec, crest, tail",3241-58176,SWR,.,04/26/26,08:56,2026,NB16B,N,.,.,.,.,1,Nestling,2,1,18.5,39.3,CA,Y,N,N,N,12.1,3B001A813C,,,,,,,,,,,NA,NA,NA,NA,NA,NA,NA,NA,NA,NA,NA,NA,NA
2026,"Spec, crest, tail",3241-58177,SDR,M,04/26/26,09:36,2026,NB01,N,.,.,.,.,1,Nestling,1,1,18.2,46.8,SC,Y,N,N,N,16.1,3B00183213,,,,,,,,"06/24/26, 06/25/26, 06/25/26, 06/25/26, 06/25/26, 06/26/26, 06/26/26, 06/26/26","FB, FB, FB, FB, FB, FC, FB, FB",,NA,NA,NA,NA,NA,NA,NA,NA,NA,NA,NA,NA,NA
2026,"Spec, crest, tail",3241-58178,SSS,M,04/26/26,09:36,2026,NB01,N,.,.,.,.,1,Nestling,2,1,17.6,39.8,CA,Y,N,N,N,15.3,3B00186A45,,,,,,,,06/26/26,FB,,NA,NA,NA,NA,NA,NA,NA,NA,NA,NA,NA,NA,NA
2026,,2691-21995,GNT,M,04/26/26,10:00,2026,NB16B,P,IA,nestling,2023,NB62,4,ASY,2,3,20.1,79.2,TM,.,Y,Y,Y,20.0,.,NB16B,"3241-58165, RSG",,,,,,,,,NA,NA,NA,NA,NA,NA,NA,NA,NA,NA,NA,NA,NA
2026,"Spec, crest, tail",3241-58179,STN,M,04/26/26,10:06,2026,NB14,N,.,.,.,.,1,Nestling,2,1,19.8,52.0,SC,Y,N,N,N,17.9,3B00189699,,,,,,,,,,,NA,NA,NA,NA,NA,NA,NA,NA,NA,NA,NA,NA,NA
2026,"Spec, crest, tail",3241-58180,SSO,F,04/26/26,10:06,2026,NB14,N,.,.,.,.,1,Nestling,1,1,18.6,51.5,CA,Y,N,N,N,15.0,3B004A5AFD,,,,,,,,,,,NA,NA,NA,NA,NA,NA,NA,NA,NA,NA,NA,NA,NA
2026,"Spec, crest, tail",3241-58181,SPP,F,04/26/26,10:06,2026,NB14,N,.,.,.,.,1,Nestling,1,1,18.3,48.1,SC,Y,N,N,N,15.9,3B0048263C,,,,,,,,,,,NA,NA,NA,NA,NA,NA,NA,NA,NA,NA,NA,NA,NA
2026,,3011-89511,WBO,M,04/26/26,10:15,2026,NB15B,P,,AHY,2025,NB15A,2,SY,3,3,20.6,80.4,TM,.,Y,Y,Y,17.8,.,,,,,,,,,,,NA,NA,NA,NA,NA,NA,NA,NA,NA,NA,NA,NA,NA
2026,,3011-89460,YYN (was YNO),M,04/26/26,10:20,2026,FS,P,IA,nestling,2025,NB18,2,SY,3,2,20.7,75.1,SC,.,Y,N,N,19.5,.,NB18,"3241-58125, GDN",,,,"rebanded, used to be YNO 5/20/26",,"05/03/26, 05/20/26, 05/21/26, 06/01/26, 06/19/26","FS, NB18, FS, FT, FS",,NA,NA,NA,NA,NA,NA,NA,NA,NA,NA,NA,NA,NA
2026,DUPLICATE BAND COMBO,3011-89476,ROS,F,04/26/26,10:56,2026,NB59,N,.,.,.,.,.,AHY,2,2,19.2,76.8,TM,Y,Y,Y,Y,17.4,3B001847E6,,,,,,,,,,,NA,NA,NA,NA,NA,NA,NA,NA,NA,NA,NA,NA,NA
2026,,3011-89477,GPN,M,04/26/26,11:08,2026,NB75,N,.,.,.,.,.,AHY,3,3,20.9,82.1,TM,Y,Y,Y,Y,18.8,3B004CBCB7,,,,,,,,,,,NA,NA,NA,NA,NA,NA,NA,NA,NA,NA,NA,NA,NA
2026,,3011-89478,RDP,M,04/26/26,11:21,2026,NB84,N,.,.,.,.,.,AHY,3,3,19.9,80.5,TM,Y,Y,Y,Y,19.5,3B0018C38F,,,,,,,,,,,NA,NA,NA,NA,NA,NA,NA,NA,NA,NA,NA,NA,NA
2026,,3011-89423,YNR,F,04/26/26,11:32,2026,NB68,P,IA,nestling,2025,NB13,2,SY,2,1,19.5,72.5,CA,.,Y,Y,Y,17.2,.,NB67,,,,,,,06/06/26,NB67,,NA,NA,NA,NA,NA,NA,NA,NA,NA,NA,NA,NA,NA
2026,"spec, crest, tail ",3241-58182,WPB,M,04/26/26,13:48,2026,NB15B,N,.,.,.,.,1,Nestling,2,1,19.6,48.2,EL,Y,N,N,N,17.3,3B004C0FE5,,,,,,"Too small, Murphy said only GOV bands ","bands, blood, and RFID placed 04/29/26","06/17/26, 06/18/26, 06/19/26, 06/22/26","FM, FN, FN,FN",,NA,NA,NA,NA,NA,NA,NA,NA,NA,NA,NA,NA,NA
2026,"spec, crest, tail ",3241-58183,SNT,F,04/26/26,13:48,2026,NB15B,N,.,.,.,.,1,Nestling,2,1,18.4,40.9,SC,Y,N,N,N,14.0,3B001856E5,,,,,,"Too small, Murphy said only GOV bands ","bands, blood, and RFID placed 04/29/26",,,,NA,NA,NA,NA,NA,NA,NA,NA,NA,NA,NA,NA,NA
2026,"spec, crest, tail ",3241-58184,GTD,M,04/26/26,13:48,2026,NB15B,N,.,.,.,.,1,Nestling,2,1,18.4,43.2,EL,Y,N,N,N,14.9,3B00193099,,,,,,"Too small, Murphy said only GOV bands ","bands, blood, and RFID placed 04/29/26, collected dead from nestbox 05/18/26, had some kind of head abscess? ",,,,NA,NA,NA,NA,NA,NA,NA,NA,NA,NA,NA,NA,NA
2026,"spec, crest, tail ",3241-58185,SSD,F,04/26/26,13:48,2026,NB15B,N,.,.,.,.,1,Nestling,1,1,19.0,47.5,SC,Y,N,N,N,15.6,3B0018EB2B,,,,,,"Too small, Murphy said only GOV bands ","bands, blood, and RFID placed 04/29/26",,,,NA,NA,NA,NA,NA,NA,NA,NA,NA,NA,NA,NA,NA
2026,"Spec, crest, tail",3241-58186,GND,M,04/29/26,12:41,2026,NB52,N,.,.,.,.,1,Nestling,2,1,18.0,41.9,SC,Y,N,N,N,16.2,3B0049D1D2,,,,,,Too small for RFID ,RFID placed 05/03/26,,,,NA,NA,NA,NA,NA,NA,NA,NA,NA,NA,NA,NA,NA
2026,"Spec, crest, tail",3241-58187,GPB,.,04/29/26,12:51,2026,NB52,N,.,.,.,.,1,Nestling,2,1,17.8,56.4,SC,Y,N,N,N,16.9,3B001936B1,,,,,,,,,,,NA,NA,NA,NA,NA,NA,NA,NA,NA,NA,NA,NA,NA
2026,"spec, crest, tail",3241-58188,SSN,F,04/29/26,12:51,2026,NB52,N,.,.,.,.,1,Nestling,1,1,15.7,37.3,EL,Y,N,N,N,14.2,3B00193478,,,,,,no RFID,,,,,NA,NA,NA,NA,NA,NA,NA,NA,NA,NA,NA,NA,NA
2026,"Spec, crest, tail",3241-58189,SYN,M,04/29/26,12:51,2026,NB52,N,.,.,.,.,1,Nestling,1,1,20.3,48.8,SC,Y,N,N,N,18.5,3B004AB9FC,,,,,,,,,,,NA,NA,NA,NA,NA,NA,NA,NA,NA,NA,NA,NA,NA
2026,"Spec, crest, tail",3241-58190,RSO,F,04/29/26,12:51,2026,NB52,N,.,.,.,.,1,Nestling,2,1,17.5,46.7,SC,Y,N,N,N,16.4,3B0018664E,,,,,,,,,,,NA,NA,NA,NA,NA,NA,NA,NA,NA,NA,NA,NA,NA
2026,"spec, crest, tail",3241-58191,RSW,M,04/29/26,12:51,2026,NB52,N,.,.,.,.,1,Nestling,1,1,15.9,35.1,SC,Y,N,N,N,13.3,3B0018C020,,,,,,No RFID tag,RFID placed 05/03/26,,,,NA,NA,NA,NA,NA,NA,NA,NA,NA,NA,NA,NA,NA
2026,,3241-58116,ROO,M,04/29/26,13:11,2026,NB15B,P,.,HY,2025,FM,2,SY,2,3,19.1,73.5,SC,.,Y,Y,Y,17.0,.,NB15b,,,,,parent snaptrapped at 15b,9.167 freq backpacked 05/21/26,05/21/26,FN,,NA,NA,NA,NA,NA,NA,NA,NA,NA,NA,NA,NA,NA
2026,"Spec, crest, tail",3241-58192,GPD,F,04/29/26,14:54,2026,NB84,N,.,.,.,.,1,Nestling,2,1,18.5,47.8,EL,Y,N,N,N,16.5,3B0018F088,,,,,OS,,,,,,NA,NA,NA,NA,NA,NA,NA,NA,NA,NA,NA,NA,NA
2026,"Spec, crest, tail",3241-58193,SON,M,04/29/26,14:54,2026,NB84,N,.,.,.,.,1,Nestling,2,1,19.7,52.0,SC,Y,N,N,N,19.6,3B0018B147,,,,,,,,,,,NA,NA,NA,NA,NA,NA,NA,NA,NA,NA,NA,NA,NA
2026,"Spec, crest, tail",3241-58194,WSW,F,04/29/26,14:54,2026,NB84,N,.,.,.,.,1,Nestling,2,1,19.4,50.5,SC,Y,N,N,N,18.3,3B004C636A,,,,,,,,,,,NA,NA,NA,NA,NA,NA,NA,NA,NA,NA,NA,NA,NA
2026,"Spec, crest, tail",3241-58195,RSY,F,04/29/26,14:54,2026,NB84,N,.,.,.,.,1,Nestling,2,1,18.5,51.3,EL,Y,N,N,N,16.8,3B00190B0C,,,,,,,,,,,NA,NA,NA,NA,NA,NA,NA,NA,NA,NA,NA,NA,NA
2026,"Spec, crest, tail",3241-58196,SDD,M,04/29/26,14:54,2026,NB84,N,.,.,.,.,1,Nestling,2,1,18.8,48.0,SC,Y,N,N,N,18.2,3B004A6983,,,,,,,,,,,NA,NA,NA,NA,NA,NA,NA,NA,NA,NA,NA,NA,NA
2026,"Spec, crest, tail",3241-58197,RND,F,04/29/26,14:54,2026,NB84,N,.,.,.,.,1,Nestling,2,1,17.6,42.3,EL,Y,N,N,N,15.6,3B00185168,,,,,,,,,,,NA,NA,NA,NA,NA,NA,NA,NA,NA,NA,NA,NA,NA
2026,"spec, crest",3011-89479,WTP,M,04/29/26,15:17,2026,NB59,N,.,.,.,.,.,AHY,3,3,20.4,76.3,SC,Y,Y,N,N,18.0,3B0018DFF6,NB59,"3011-89476, ROS",,,,parent snaptrapped at NB59,,,,,NA,NA,NA,NA,NA,NA,NA,NA,NA,NA,NA,NA,NA
2026,"Spec, crest, tail",3011-89480,GPP,F,04/29/26,16:13,2026,NB68,N,.,.,.,.,1,Nestling,2,1,18.6,42.0,SC,Y,N,N,N,17.6,3B00495E04,,,,,,,,,,,NA,NA,NA,NA,NA,NA,NA,NA,NA,NA,NA,NA,NA
2026,"Spec, crest, tail",3011-89481,SSR,M,04/29/26,16:13,2026,NB68,N,.,.,.,.,1,Nestling,2,1,18.6,42.0,SC,Y,N,N,N,16.9,3B00192B11,,,,,,,,,,,NA,NA,NA,NA,NA,NA,NA,NA,NA,NA,NA,NA,NA
2026,"Spec, crest, tail",3011-89482,ROD,M,04/29/26,16:13,2026,NB68,N,.,.,.,.,1,Nestling,2,1,19.3,45.0,EL,Y,N,N,N,17.6,3B00192C71,,,,,,,,,,,NA,NA,NA,NA,NA,NA,NA,NA,NA,NA,NA,NA,NA
2026,"Spec, crest, tail",3011-89483,WSD,M,04/29/26,16:13,2026,NB68,N,.,.,.,.,1,Nestling,2,1,20.2,52.0,SC,Y,N,N,N,18.6,3B004CF405,,,,,,,,,,,NA,NA,NA,NA,NA,NA,NA,NA,NA,NA,NA,NA,NA
2026,"Spec, crest, tail",3011-89484,SNB,F,04/29/26,16:41,2026,NB68,N,.,.,.,.,1,Nestling,1,1,18.7,44.0,EL,Y,N,N,N,15.4,3B0018C9C6,,,,,,,,,,,NA,NA,NA,NA,NA,NA,NA,NA,NA,NA,NA,NA,NA
2026,"Spec, crest, tail",3011-89485,WTT,M,04/29/26,16:41,2026,NB68,N,.,.,.,.,1,Nestling,2,1,19.2,53.0,SC,Y,N,N,N,16.9,3B004A0B69,,,,,,,,,,,NA,NA,NA,NA,NA,NA,NA,NA,NA,NA,NA,NA,NA
2026,,3011-89487,GSD,M,04/30/26,13:37,2026,NB52,N,.,.,.,.,.,AHY,3,3,20.4,77.1,CR,Y,Y,Y,Y,18.9,3B001816E3,NB52,"3011-89475, WDS",,,,"Very yellow, covered in pollen. Very bitey! ",Spec + crest taken 05/03/26,05/03/26,FP,,NA,NA,NA,NA,NA,NA,NA,NA,NA,NA,NA,NA,NA
2026,"spec, crest, wing, mass",3011-89486,WND,F,04/30/26,14:53,2026,NB84,N,.,.,.,.,.,AHY,2,2,18.5,.,CR,Y,Y,N,N,.,3B004C548A,NB84,"3011-89478, RDP",,,,"flew away before wing and mass, losing many tail feathers in the process",,,,,NA,NA,NA,NA,NA,NA,NA,NA,NA,NA,NA,NA,NA
2026,"Spec, crest",3011-89488,STS,M,04/30/26,15:41,2026,NB68,N,.,.,.,.,.,AHY,3,3,20.7,75.7,CR,Y,Y,N,N,19.1,3B004C9299,,,,,,,,,,,NA,NA,NA,NA,NA,NA,NA,NA,NA,NA,NA,NA,NA
2026,"spec, crest, tail",3011-89490,SOD,F,04/30/26,16:25,2026,NB59,N,.,.,.,.,1,Nestling,1,1,18.6,36.9,CG,Y,N,N,N,16.2,3B00193C1F,,,,,,too small for RFID,RFID placed 05/03/26,,,,NA,NA,NA,NA,NA,NA,NA,NA,NA,NA,NA,NA,NA
2026,"spec, crest, tail",3011-89489,RGB,M,04/30/26,16:25,2026,NB59,N,.,.,.,.,1,Nestling,1,1,17.7,39.9,CR,Y,N,N,N,15.8,3B00192E78,,,,,,too small for RFID,RFID placed 05/03/26,,,,NA,NA,NA,NA,NA,NA,NA,NA,NA,NA,NA,NA,NA
2026,"spec, crest, tail",3011-89491,ROP,M,04/30/26,16:25,2026,NB59,N,.,.,.,.,1,Nestling,1,1,18.3,41.0,CG,Y,N,N,N,16.2,3B00187A65,,,,,,too small for RFID,RFID placed 05/03/26,,,,NA,NA,NA,NA,NA,NA,NA,NA,NA,NA,NA,NA,NA
2026,"spec, crest, tail",3011-89492,WOS,F,04/30/26,16:25,2026,NB59,N,.,.,.,.,1,Nestling,1,1,17.6,34.5,CR,Y,N,N,N,12.3,3B004A7451,,,,,,too small for RFID,RFID placed 05/03/26,,,,NA,NA,NA,NA,NA,NA,NA,NA,NA,NA,NA,NA,NA
2026,"spec, crest, tail",3011-89495,SNO,F,05/03/26,08:20,2026,NB82,N,.,.,.,.,1,Nestling,2,1,18.3,45.0,SC,Y,N,N,N,15.7,3B001856A0,,,,,,duplicate band combo,,,,,NA,NA,NA,NA,NA,NA,NA,NA,NA,NA,NA,NA,NA
2026,"DUPLICATE BAND COMBO, spec, crest, tail",3011-89493,ROP,F,05/03/26,08:20,2026,NB82,N,.,.,.,.,1,Nestling,1,1,17.7,39.9,SC,Y,N,N,N,15.1,3B00192288,,,,,,,,,,,NA,NA,NA,NA,NA,NA,NA,NA,NA,NA,NA,NA,NA
2026,"spec, crest, tail",3241-58201,GPT,F,05/03/26,08:20,2026,NB82,N,.,.,.,.,1,Nestling,2,1,18.1,47.1,EL,,N,N,N,15.7,3B00184A9B,,,,,,,,,,,NA,NA,NA,NA,NA,NA,NA,NA,NA,NA,NA,NA,NA
2026,"spec, crest, tail",3241-58202,WPO,M,05/03/26,08:30,2026,NB82,N,.,.,.,.,1,Nestling,2,1,18.6,43.8,SC,Y,N,N,N,15.4,3B0019A52F,,,,,,,,,,,NA,NA,NA,NA,NA,NA,NA,NA,NA,NA,NA,NA,NA
2026,"spec, crest, tail",3241-58203,SPN,F,05/03/26,08:30,2026,NB82,N,.,.,.,.,1,Nestling,2,1,17.8,44.0,EL,Y,N,N,N,14.2,3B0019182B,,,,,,,,,,,NA,NA,NA,NA,NA,NA,NA,NA,NA,NA,NA,NA,NA
2026,"spec, crest, tail",3241-58204,WPT,F,05/03/26,08:30,2026,NB82,N,.,.,.,.,1,Nestling,2,1,17.8,44.3,EL,Y,N,N,N,14.7,3B004C37E1,,,,,,,,,,,NA,NA,NA,NA,NA,NA,NA,NA,NA,NA,NA,NA,NA
2026,spec,3011-89447,GDO,M,05/03/26,08:43,2026,FO,P,IA,nestling,2025,NB15b,2,SY,2,3,19.6,82.0,TM,.,Y,N,Y,18.5,.,,,,,,spec broke,,06/22/26,FO,,NA,NA,NA,NA,NA,NA,NA,NA,NA,NA,NA,NA,NA
2026,spec,3241-58306,WNS,F,05/03/26,08:45,2026,NB09,N,.,,,,.,AHY,2,1,20.0,74.5,TM,Y,Y,N,Y,16.5,3B004C7A39,,,,,,,"took spec on 05/27/26, caught w/ SNR 6/24/26","05/27/26, 06/17/26, 06/18/26, 06/22/26, 06/24/26, 06/25/26","FH, FH, FH, FH, FH, FH",,NA,NA,NA,NA,NA,NA,NA,NA,NA,NA,NA,NA,NA
2026,"PIT TAG, spec, crest, tail",3241-58305,YPG,M,05/03/26,08:47,2026,NB09,N,.,.,.,.,1,Nestling,1,1,20.8,44.0,TD,Y,N,N,N,17.7,.,,,,,,needs RFID,,,,,NA,NA,NA,NA,NA,NA,NA,NA,NA,NA,NA,NA,NA
2026,"PIT TAG, spec, crest, tail",3241-58301,GWS,F,05/03/26,08:49,2026,NB09,N,.,.,.,.,1,Nestling,1,1,19.0,37.3,BR,Y,N,N,N,14.7,.,,,,,,needs RFID,,,,,NA,NA,NA,NA,NA,NA,NA,NA,NA,NA,NA,NA,NA
2026,"PIT TAG, spec, crest, tail",3241-58302,RPY,F,05/03/26,08:49,2026,NB09,N,.,.,.,.,1,Nestling,1,1,17.5,42.5,TD,Y,N,N,N,16.5,.,,,,,,needs RFID,,,,,NA,NA,NA,NA,NA,NA,NA,NA,NA,NA,NA,NA,NA
2026,"PIT TAG, spec, crest, tail",3241-58303,SDB,F,05/03/26,08:49,2026,NB09,N,.,.,.,.,1,Nestling,1,1,18.6,42.0,TD,Y,N,N,N,17.6,.,,,,,,needs RFID,,,,,NA,NA,NA,NA,NA,NA,NA,NA,NA,NA,NA,NA,NA
2026,"spec, crest, tail",3241-58304,SNR (was SNO),M,05/03/26,08:49,2026,NB09,N,.,.,.,.,1,Nestling,1,1,19.4,46.0,TD,Y,N,N,N,17.5,3B001896DF,,,,,,needs RFID,pit tag placed 06/17/26,"06/17/26, 06/24/26, 06/25/26","FH, FH, FH",,NA,NA,NA,NA,NA,NA,NA,NA,NA,NA,NA,NA,NA
2026,,3011-89696,PNG,M,05/03/26,10:00,2026,FL,P,IA,nestling,2025,NB14,2,SY,3,3,19.9,77.7,TD,.,Y,Y,Y,19.0,.,,,,,,metal band and pit tag put on backwards,,,,,NA,NA,NA,NA,NA,NA,NA,NA,NA,NA,NA,NA,NA
2026,"spec, crest, tail",3241-58206,SSP,F,05/03/26,10:30,2026,NB75,N,.,.,.,.,1,Nestling,2,1,19.1,54.2,EL,Y,N,N,N,18.3,3B004C6468,,,,,,,,,,,NA,NA,NA,NA,NA,NA,NA,NA,NA,NA,NA,NA,NA
2026,"spec, crest, tail",3241-58205,GSN,M,05/03/26,10:30,2026,NB75,N,.,.,.,.,1,Nestling,2,1,18.6,51.1,SC,Y,N,N,N,16.8,3B004A134A,,,,,,,,,,,NA,NA,NA,NA,NA,NA,NA,NA,NA,NA,NA,NA,NA
2026,"spec, crest",3241-58207,STP,M,05/03/26,11:00,2026,NB82,N,.,.,.,.,.,AHY,3,3,19.9,77.0,EL,Y,Y,N,N,17.9,3B001871A9,,,,,,,,,,,NA,NA,NA,NA,NA,NA,NA,NA,NA,NA,NA,NA,NA
2026,"spec, crest",3241-58208,SPD,F,05/03/26,12:14,2026,NB75,N,.,.,.,.,.,AHY,2,2,19.0,75.2,SC,Y,Y,N,N,17.1,3B0019317F,,,,,,,,,,,NA,NA,NA,NA,NA,NA,NA,NA,NA,NA,NA,NA,NA
2026,,3011-89518,RDO,F,05/20/26,08:40,2026,FJ,N,.,.,.,.,.,AHY,2,0,20.0,74.1,TM,Y,Y,Y,Y,17.4,3B00181B42,,,,,,,,"05/27/26, 06/18/26","FJ, FJ",,NA,NA,NA,NA,NA,NA,NA,NA,NA,NA,NA,NA,NA
2026,mass,3011-89648,SWB,M,05/20/26,09:40,2026,NB2,P,IA,nestling,2024,NB4,2,SY,3,3,19.6,80.3,TM,.,Y,Y,Y,.,.,NB2,,,,,"8.775 radio tag frequency, did not get mass",,,,,NA,NA,NA,NA,NA,NA,NA,NA,NA,NA,NA,NA,NA
2026,,3011-89645,SYO,M,05/20/26,10:39,2026,FC,P,,HY,2024,FA,3,ASY,3,3,20.8,79.8,TM,.,Y,Y,Y,20.6,,,,,,,,,,,,NA,NA,NA,NA,NA,NA,NA,NA,NA,NA,NA,NA,NA
2026,"spec, crest, tail",3241-58316,WBS,F,05/22/26,09:05,2026,NB2,N,.,.,.,.,1,Nestling,1,1,18.9,48.7,CR,Y,N,N,N,17.0,3B004CDF5C,,,,,,Needs pit tag placed,Pit tag placed 05/25/26,,,,NA,NA,NA,NA,NA,NA,NA,NA,NA,NA,NA,NA,NA
2026,"spec, crest, tail",3241-58317,SDP,M,05/22/26,09:05,2026,NB2,N,.,.,.,.,1,Nestling,1,1,20.4,47.5,TD,Y,N,N,N,17.5,3B00182447,,,,,,Needs pit tag placed,Pit tag placed 05/25/26,,,,NA,NA,NA,NA,NA,NA,NA,NA,NA,NA,NA,NA,NA
2026,"spec, crest, tail",3241-58318,GDP,M,05/22/26,09:05,2026,NB2,N,.,.,.,.,1,Nestling,1,1,19.5,42.2,CR,Y,N,N,N,17.6,3B0048AA94,,,,,,Needs pit tag placed,Pit tag placed 05/25/26,,,,NA,NA,NA,NA,NA,NA,NA,NA,NA,NA,NA,NA,NA
2026,"spec, crest, tail",3241-58319,SDS,.,05/22/26,09:05,2026,NB2,N,.,.,.,.,1,Nestling,1,1,18.0,43.0,LJ,Y,N,N,N,15.3,3B00185550,,,,,,Needs pit tag placed,Pit tag placed 05/25/26,,,,NA,NA,NA,NA,NA,NA,NA,NA,NA,NA,NA,NA,NA
2026,"spec, crest, tail",3241-58320,ROT,M,05/22/26,09:05,2026,NB2,N,.,.,.,.,1,Nestling,1,1,19.6,45.2,CR,Y,N,N,N,17.6,3B001859E3,,,,,,Needs pit tag placed,Pit tag placed 05/25/26,,,,NA,NA,NA,NA,NA,NA,NA,NA,NA,NA,NA,NA,NA
2026,"spec, crest",3011-89453,GBO (was GPT),M,05/10/26,07:41,2026,NB10,P,.,AHY,2025,FH,.,ASY,2,2,19.7,72.1,BR,.,Y,N,N,16.0,.,NB10,,,,,"changed combo from GOO to GPG, snaptrapped parent NB10","Bird written as GPG but visually confirmed as GPT, however P band fell off, so GxT, dup combo changed to another dupe :( age also written incorrectly on banding sheet CR. Re banded to GBO 06/17/26",06/17/26,FI,,NA,NA,NA,NA,NA,NA,NA,NA,NA,NA,NA,NA,NA
2026,"DUPE, spec, crest",3241-58307,GPW,M,05/10/26,08:49,2026,NB40,N,.,.,.,.,.,AHY,3,2,19.4,76.5,LG,Y,Y,N,N,18.3,3B001835CD,NB40,,,,,,,,,,NA,NA,NA,NA,NA,NA,NA,NA,NA,NA,NA,NA,NA
2026,"spec, crest",3241-58308,RPS,M,05/10/26,08:58,2026,NB38B,N,.,.,.,.,.,AHY,3,3,20.9,77.0,CR,Y,Y,N,N,20.0,3B001908AB,NB38B,,,,,bad bleeder,,,,,NA,NA,NA,NA,NA,NA,NA,NA,NA,NA,NA,NA,NA
2026,spec,2691-21903,CRY,M,05/10/26,10:37,2026,NB18,P,IA,nestling,2022,NB18,5,ASY,3,3,20.2,75.8,BR,M,Y,N,N,20.6,.,NB18,,(2024).(2025),NB18,,,caught with HY YRP on 06/22/26,06/22/26,FS,,NA,NA,NA,NA,NA,NA,NA,NA,NA,NA,NA,NA,NA
2026,"spec, crest, tail",3241-58309,WDD,M,05/18/26,10:20,2026,NB18,N,.,.,.,.,1,Nestling,.,.,19.6,50.5,TM,Y,N,N,Y,19.1,3B00193062,,,,,,,,,,,NA,NA,NA,NA,NA,NA,NA,NA,NA,NA,NA,NA,NA
2026,"spec, crest, tail",3241-58310,GPR,M,05/18/26,10:20,2026,NB18,N,.,.,.,.,1,Nestling,.,.,20.2,50.5,TM,Y,N,N,N,19.7,3B004CD7B5,,,,,,,,,,,NA,NA,NA,NA,NA,NA,NA,NA,NA,NA,NA,NA,NA
2026,"spec, crest, tail",3241-58311,RDW(was RDO),M,05/18/26,11:42,2026,NB10,N,.,.,.,.,1,Nestling,.,.,20.2,47.1,EL,Y,N,N,N,16.5,3B00194A93,,,,,,,"changed band combo on 05/23/26, RDO->RDW",,,,NA,NA,NA,NA,NA,NA,NA,NA,NA,NA,NA,NA,NA
2026,"DUPE, spec, crest, tail",3241-58312,GPW,M,05/18/26,11:42,2026,NB10,N,.,.,.,.,1,Nestling,.,.,19.2,46.1,EL,Y,N,N,N,16.4,3B004C8A6B,,,,,,,,,,,NA,NA,NA,NA,NA,NA,NA,NA,NA,NA,NA,NA,NA
2026,"spec, crest, tail",3241-58313,WDY,M,05/18/26,11:42,2026,NB10,N,.,.,.,.,1,Nestling,.,.,20.1,46.8,EL,Y,N,N,N,15.7,3B004C8446,,,,,,,,,,,NA,NA,NA,NA,NA,NA,NA,NA,NA,NA,NA,NA,NA
2026,"spec, crest, tail",3241-58315,GSN,F,05/18/26,11:42,2026,NB10,N,.,.,.,.,1,Nestling,.,.,18.9,46.5,EL,Y,N,N,N,14.2,3B004C1B36,,,,,,,,,,,NA,NA,NA,NA,NA,NA,NA,NA,NA,NA,NA,NA,NA
2026,"spec, crest, tail",3241-58314,SDB,F,05/18/26,11:42,2026,NB10,N,.,.,.,.,1,Nestling,.,.,18.4,47.5,EL,Y,N,N,N,14.0,3B00189F2C,,,,,,,,,,,NA,NA,NA,NA,NA,NA,NA,NA,NA,NA,NA,NA,NA
2026,"spec, crest, tail",3241-58209,WTS,F,05/10/26,07:22,2026,NB74,N,.,.,.,.,1,Nestling,2,1,19.4,46.3,CA,Y,N,N,N,15.9,3B0019C269,,,,,,,,,,,NA,NA,NA,NA,NA,NA,NA,NA,NA,NA,NA,NA,NA
2026,"spec, crest, tail",3241-58210,GPR,.,05/10/26,07:22,2026,NB74,N,.,.,.,.,1,Nestling,2,1,19.2,52.2,SC,Y,N,N,N,17.5,3B004BC684,,,,,,,,,,,NA,NA,NA,NA,NA,NA,NA,NA,NA,NA,NA,NA,NA
2026,"spec, crest, tail",3241-58211,SOW,M,05/10/26,07:22,2026,NB74,N,.,.,.,.,1,Nestling,2,1,20.0,52.7,CA,Y,N,N,N,17.3,3B0018EF13,,,,,,,,,,,NA,NA,NA,NA,NA,NA,NA,NA,NA,NA,NA,NA,NA
2026,"spec, crest, tail",3241-58212,SND,M,05/10/26,07:22,2026,NB74,N,.,.,.,.,1,Nestling,2,1,18.6,52.0,SD,Y,N,N,N,16.3,3B00189EF3,,,,,,,,,,,NA,NA,NA,NA,NA,NA,NA,NA,NA,NA,NA,NA,NA
2026,"spec, crest, tail",3241-58214,GNP,F,05/10/26,10:47,2026,NB74,N,.,.,.,.,.,AHY,2,2,20.4,72.8,CA,Y,N,N,N,16.8,3B00183D4A,NB74,,,,,,,,,,NA,NA,NA,NA,NA,NA,NA,NA,NA,NA,NA,NA,NA
2026,,3241-58321,GTP,F,05/27/26,07:47,2026,FE,N,.,.,.,.,.,AHY,2,1,20.2,78.9,TM,Y,Y,Y,Y,18.1,3B0018708E,,,,,,,,,,,NA,NA,NA,NA,NA,NA,NA,NA,NA,NA,NA,NA,NA
2026,,3241-58322,SDT,F,05/27/26,10:00,2026,FD,N,.,.,.,.,1,HY,1,1,19.6,73.2,TM,Y,Y,Y,Y,16.0,3B0018DD60,,,,,,first HY caught in trap in 2026!,,"06/24/26, 06/26/26","FF, FD",,NA,NA,NA,NA,NA,NA,NA,NA,NA,NA,NA,NA,NA
2026,"spec, crest",3241-58323,WYP,M,06/01/26,11:25,2026,NB81,N,.,.,.,.,.,AHY,3,2,19.6,78.2,EL,Y,Y,N,N,18.3,3B004CEC94,NB81,,,,,,,,,,NA,NA,NA,NA,NA,NA,NA,NA,NA,NA,NA,NA,NA
2026,,3241-58130,RPT,F,06/01/26,07:30,2026,FL,P,.,HY,2025,FO,2,SY,2,1,19.8,77.0,TM,.,Y,Y,Y,17.6,.,,,,,,,,,,,NA,NA,NA,NA,NA,NA,NA,NA,NA,NA,NA,NA,NA
2026,"spec, crest",3241-58221,WNP,M,06/04/26,09:20,2026,NB53,N,.,.,.,.,.,AHY,3,2,20.2,77.0,LJ,Y,Y,N,N,18.8,3B004D1F21,NB53,"3011-89473, ROW",,,,"feathers were from stress drop, so the pulled feather isn't necessarily the 3rd ","backpacked on 06/11/26, freq. 9.146. also pit tag position swapped to be correct order ",06/11/26,NB53,,NA,NA,NA,NA,NA,NA,NA,NA,NA,NA,NA,NA,NA
2026,"spec, crest",3241-58324,GPY,M,06/06/26,07:10,2026,NB42,N,.,.,.,.,.,AHY,3,3,19.6,78.2,LJ,Y,Y,N,N,17.1,3B0018758C,,,,,,,,,,,NA,NA,NA,NA,NA,NA,NA,NA,NA,NA,NA,NA,NA
2026,"spec, crest, tail",3241-58325,RDS,F,06/06/26,08:00,2026,NB81,N,.,.,.,.,1,Nestling,.,.,19.4,44.2,LJ,Y,N,N,N,17.1,3B0018AF9A,,,,,,,,,,,NA,NA,NA,NA,NA,NA,NA,NA,NA,NA,NA,NA,NA
2026,"spec, crest, tail",3241-58326,SDN,F,06/06/26,08:00,2026,NB81,N,.,.,.,.,1,Nestling,.,.,18.3,41.0,LJ,Y,N,N,N,15.5,3B0019082F,,,,,,"Still needs pittag, was too small",RFID placed 06/08/26,,,,NA,NA,NA,NA,NA,NA,NA,NA,NA,NA,NA,NA,NA
2026,"spec, crest, tail",3241-58327,WDP,F,06/06/26,08:00,2026,NB81,N,.,.,.,.,1,Nestling,.,.,19.3,45.1,LJ,Y,N,N,N,16.9,3B004C04C4,,,,,,,,,,,NA,NA,NA,NA,NA,NA,NA,NA,NA,NA,NA,NA,NA
2026,"spec, crest, tail",3241-58328,GSP,M,06/06/26,08:00,2026,NB81,N,.,.,.,.,1,Nestling,.,.,19.7,46.1,LJ,Y,N,N,N,17.4,3B004D6279,,,,,,,,,,,NA,NA,NA,NA,NA,NA,NA,NA,NA,NA,NA,NA,NA
2026,"spec, crest, tail",3241-58329,RNR,F,06/06/26,08:00,2026,NB81,N,.,.,.,.,1,Nestling,.,.,18.1,43.0,LJ,Y,N,N,N,16.2,3B00192A24,,,,,,"Still needs pittag, was too small",RFID placed 06/08/26,,,,NA,NA,NA,NA,NA,NA,NA,NA,NA,NA,NA,NA,NA
2026,"spec, crest, tail",3241-58330,SDW,M,06/08/26,10:14,2026,NB06,N,.,.,.,.,1,Nestling,.,.,20.0,51.0,CR,Y,N,N,N,18.3,3B00188211,,,,,,,,,,,NA,NA,NA,NA,NA,NA,NA,NA,NA,NA,NA,NA,NA
2026,"spec, crest, tail",3241-58331,WPY,F,06/08/26,10:14,2026,NB06,N,.,.,.,.,1,Nestling,.,.,19.6,49.0,KM,Y,N,N,N,16.2,3B004972BE,,,,,,,,,,,NA,NA,NA,NA,NA,NA,NA,NA,NA,NA,NA,NA,NA
2026,"spec, crest, tail",3241-58332,GTT,M,06/08/26,10:14,2026,NB06,N,.,.,.,.,1,Nestling,.,.,19.5,51.0,DB,Y,N,N,N,18.1,3B00184AD0,,,,,,,,,,,NA,NA,NA,NA,NA,NA,NA,NA,NA,NA,NA,NA,NA
2026,"spec, crest, tail",3241-58333,NOD,M,06/08/26,10:14,2026,NB06,N,.,.,.,.,1,Nestling,.,.,19.4,48.9,KS,Y,N,N,N,18.9,3B00181D16,,,,,,,,,,,NA,NA,NA,NA,NA,NA,NA,NA,NA,NA,NA,NA,NA
2026,"spec, crest, tail",3241-58334,NYY,F,06/08/26,10:14,2026,NB06,N,.,.,.,.,1,Nestling,.,.,18.3,46.2,DB,Y,N,N,N,17.0,01103F900C,,,,,,,,,,,NA,NA,NA,NA,NA,NA,NA,NA,NA,NA,NA,NA,NA
2026,"spec, crest, tail",3241-58222,WOP,M,06/09/26,06:44,2026,NB53,N,.,.,.,.,1,Nestling,.,.,19.0,48.5,CR,Y,N,N,N,17.3,3B001818D1,,,,,,,,,,,NA,NA,NA,NA,NA,NA,NA,NA,NA,NA,NA,NA,NA
2026,"spec, crest, tail",3241-58223,SNS,F,06/09/26,06:44,2026,NB53,N,.,.,.,.,1,Nestling,.,.,18.8,49.6,LJ,Y,N,N,N,16.6,3B00189A28,,,,,,,,,,,NA,NA,NA,NA,NA,NA,NA,NA,NA,NA,NA,NA,NA
2026,"spec, crest, tail",3241-58225,SOP,F,06/09/26,06:44,2026,NB53,N,.,.,.,.,1,Nestling,.,.,18.3,46.0,CR,Y,N,N,N,15.2,3B00187D15,,,,,,,,,,,NA,NA,NA,NA,NA,NA,NA,NA,NA,NA,NA,NA,NA
2026,"spec, crest, tail",3241-58224,RPD,F,06/09/26,06:44,2026,NB53,N,.,.,.,.,1,Nestling,.,.,18.3,45.5,CR,Y,N,N,N,15.4,3B0018AA6A ,,,,,,,,,,,NA,NA,NA,NA,NA,NA,NA,NA,NA,NA,NA,NA,NA
2026,"spec, crest",3011-89343,PLS,M,06/09/26,08:45,2026,NB06,P,IA,nestling,2023,NB06,4,ASY,3,3,20.4,80.9,CR,.,Y,N,N,21.2,.,NB06,3011-89462 YPS ,2025  ,NB05 ,3241-58004 YTD,"backpacked, freq. 9.007 haha double 0 seven ",,,,,NA,NA,NA,NA,NA,NA,NA,NA,NA,NA,NA,NA,NA
2026,"spec, crest",3011-89431,GRP,F,06/09/26,11:30,2026,NB81,P,IA,nestling ,2025,NB53,2,SY,1,1,19.3,73.0,CR,.,Y,N,N,17.0,.,NB81,3241-58323 WYP,,,,replaced P band 06/09/26,,,,,NA,NA,NA,NA,NA,NA,NA,NA,NA,NA,NA,NA,NA
2026,"spec, crest, tail",3011-89700,WPP,F,06/10/26,07:56,2026,NB42,N,.,.,.,.,1,Nestling,.,.,17.7,40.0,CR,Y,N,N,N,13.5,3B00182BA3,,,,,,too small for pit tag ,pit tag placed 06/11/26,,,,NA,NA,NA,NA,NA,NA,NA,NA,NA,NA,NA,NA,NA
2026,"spec, crest, tail",3241-58226,SNW,F,06/10/26,07:56,2026,NB42,N,.,.,.,.,1,Nestling,.,.,19.2,47.0,CR,Y,N,N,N,15.3,3B004BFE5C,,,,,,,,,,,NA,NA,NA,NA,NA,NA,NA,NA,NA,NA,NA,NA,NA
2026,"spec, crest, tail",3241-58227,RPW,M,06/10/26,07:56,2026,NB42,N,.,.,.,.,1,Nestling,.,.,19.1,46.5,CR,Y,N,N,N,16.8,3B001835F9,,,,,,used styptic powder ,,,,,NA,NA,NA,NA,NA,NA,NA,NA,NA,NA,NA,NA,NA
2026,"spec, crest, tail",3241-58228,NOT,F,06/10/26,07:56,2026,NB42,N,.,.,.,.,1,Nestling,.,.,19.4,43.3,CR,Y,N,N,N,14.5,3B00183594,,,,,,,,,,,NA,NA,NA,NA,NA,NA,NA,NA,NA,NA,NA,NA,NA
2026,"spec, crest, tail",3241-58229,NBN,F,06/10/26,07:56,2026,NB42,N,.,.,.,.,1,Nestling,.,.,18.7,47.0,CR,Y,N,N,N,14.8,3B0018ED3F,,,,,,,,,,,NA,NA,NA,NA,NA,NA,NA,NA,NA,NA,NA,NA,NA
2026,"spec, crest, tail",3241-58230,RPR,M,06/10/26,09:43,2026,NB67,N,.,.,.,.,1,Nestling,.,.,18.9,43.0,CR,Y,N,N,N,16.5,3B0018856C,,,,,,used styptic powder,,,,,NA,NA,NA,NA,NA,NA,NA,NA,NA,NA,NA,NA,NA
2026,"spec, crest, tail",3241-58231,SPB,F,06/10/26,09:43,2026,NB67,N,.,.,.,.,1,Nestling,.,.,19.0,45.5,CR,Y,N,N,N,17.0,3B0048B8D5,,,,,,,,,,,NA,NA,NA,NA,NA,NA,NA,NA,NA,NA,NA,NA,NA
2026,"spec, crest, tail",3241-58232,WPN,F,06/10/26,09:43,2026,NB67,N,.,.,.,.,1,Nestling,.,.,18.8,37.8,CR,Y,N,N,N,14.7,3B00192E9A,,,,,,bled ALOT but stopped immediately ,,,,,NA,NA,NA,NA,NA,NA,NA,NA,NA,NA,NA,NA,NA
2026,"spec, crest, tail",3241-58233,WSP,M,06/10/26,09:43,2026,NB67,N,.,.,.,.,1,Nestling,.,.,17.6,35.4,CR,Y,N,N,N,14.0,3B0018F4BB,,,,,,,,,,,NA,NA,NA,NA,NA,NA,NA,NA,NA,NA,NA,NA,NA
2026,"spec, crest, tail",3241-58234,GBP,M,06/10/26,09:43,2026,NB67,N,.,.,.,.,1,Nestling,.,.,20.3,47.5,CR,Y,N,N,N,16.8,3B001A6CBC,,,,,,used styptic powder,,,,,NA,NA,NA,NA,NA,NA,NA,NA,NA,NA,NA,NA,NA
2026,"spec, crest, tail",3241-58235,NTB,F,06/10/26,10:37,2026,NB67,N,.,.,.,.,1,Nestling,.,.,19.3,45.1,CR,Y,N,N,N,16.1,3B0018A141,,,,,,,,,,,NA,NA,NA,NA,NA,NA,NA,NA,NA,NA,NA,NA,NA
2026,"spec, crest",3241-58236,SPO,F,06/17/26,07:20,2026,NB42,N,.,.,.,.,.,AHY,2,1,19.4,76.1,LJ,Y,Y,N,N,16.1,3B00182FF0,NB42,"3241-58324, GPY",,,,brood patch??,,,,,NA,NA,NA,NA,NA,NA,NA,NA,NA,NA,NA,NA,NA
2026,spec,3011-89632,STT,M,06/17/26,07:56,2026,FR,P,.,HY,2024,FR,3,ASY,3,2,20.6,79.0,TD,.,Y,N,Y,19.0,.,,,,,,was going to do missing data on 06/19/26 but escaped trap,"crest and backpacked 06/25/26, 8.948 freq","06/19/26, 06/25/26","FQ, FR",,NA,NA,NA,NA,NA,NA,NA,NA,NA,NA,NA,NA,NA
2026,"spec, crest, tail",3241-58237,RNO,F,06/17/26,08:15,2026,FL,N,.,.,.,.,1,HY,1,1,20.5,71.0,TD,Y,N,N,N,16.8,3B0018844E,,,,,,Slightly heavy bleeder,,"06/19/26, 06/22/26","FK, FK",,NA,NA,NA,NA,NA,NA,NA,NA,NA,NA,NA,NA,NA
2026,"spec, crest, tail",3241-58238,WPD,M,06/17/26,08:32,2026,FG,N,.,.,.,.,1,HY,2,1,20.6,75.1,TD,Y,N,N,N,18.5,3B00188856,,,,,,,,,,,NA,NA,NA,NA,NA,NA,NA,NA,NA,NA,NA,NA,NA
2026,"spec, crest",3241-58239,NRO,F,06/17/26,09:30,2026,FG,N,.,.,.,.,.,AHY,2,2,19.4,74.0,TD,Y,Y,N,N,17.0,3B001892E0,,,,,,beak is kinda skewed ,,,,,NA,NA,NA,NA,NA,NA,NA,NA,NA,NA,NA,NA,NA
2026,"spec, crest, tail",3241-58240,WPS,F,06/17/26,08:40,2026,FO,N,.,.,.,.,1,HY,1,1,19.4,71.1,LJ,Y,N,N,N,16.0,3B00194256,,,,,,,,"06/22/26, 06/26/26","FO, FP",,NA,NA,NA,NA,NA,NA,NA,NA,NA,NA,NA,NA,NA
2026,"spec, crest",3241-58335,SPY,F,06/18/26,07:35,2026,NB38A,N,.,.,.,.,.,AHY,3,2,20.0,77.1,TD,Y,Y,N,N,17.6,3B0018E334,NB38A,,,,,,,,,,NA,NA,NA,NA,NA,NA,NA,NA,NA,NA,NA,NA,NA
2026,"spec, tail",3241-58241,NSS,F,06/18/26,08:59,2026,FG,N,.,.,.,.,1,HY,1,1,19.4,73.5,CR,Y,N,N,Y,17.5,3B00191F08,,,,,,"forgot to write # on crest picture, but it will be an empty tape pic on 06/18/26","caught with YWS on 06/19/26, caught with YDT 06/25/26","06/19/26, 06/24/26, 06/25/26","FG, FG, FG",,NA,NA,NA,NA,NA,NA,NA,NA,NA,NA,NA,NA,NA
2026,spec,3011-89637,YSR,M,06/18/26,10:20,2026,FI,P,.,Nestling,2024,NB10,3,ASY,3,2,18.8,76.0,LJ,Y,Y,N,Y,18.9,.,,,,,,"missing S band, pit tag kind of falling apart",maybe sang on release?? 06/25/26,"06/24/26, 06/25/26","FK, FI",,NA,NA,NA,NA,NA,NA,NA,NA,NA,NA,NA,NA,NA
2026,"spec, tail",3241-58242,SPT,F,06/19/26,09:37,2026,FF,N,.,.,.,.,1,HY,1,1,19.1,75.0,TD,Y,N,N,Y,17.3,3B001926A1,,,,,,,,06/24/26,FF,,NA,NA,NA,NA,NA,NA,NA,NA,NA,NA,NA,NA,NA
2026,,?,XRN,.,06/19/26,09:28,2026,FI,?,.,.,.,.,.,.,.,.,.,79.5,TD,.,Y,.,.,.,.,,,,,,MISSING ITS RIGHT LEG??? possibly RRN? AHY,pulled chest feathers/tail feathers for sexing 6/24,06/24/26,FK,,NA,NA,NA,NA,NA,NA,NA,NA,NA,NA,NA,NA,NA
2026,"spec, crest, tail",3241-58336,RNP,M,06/22/26,10:01,2026,NB38A,N,.,.,.,.,1,Nestling,.,.,18.0,44.0,CR,Y,N,N,N,16.0,3B004BD2C2,,,,,,,,,,,NA,NA,NA,NA,NA,NA,NA,NA,NA,NA,NA,NA,NA
2026,"spec, crest, tail",3241-58337,WWP,F,06/22/26,10:01,2026,NB38A,N,.,.,.,.,1,Nestling,.,.,16.7,40.0,CR,Y,N,N,N,14.1,3B001914D9,,,,,,"Too small for pit tag, Pit tag placed on 06/24/26",,,,,NA,NA,NA,NA,NA,NA,NA,NA,NA,NA,NA,NA,NA
2026,"spec, crest, tail",3241-58244,SPR,.,06/22/26,11:35,2026,EB3,N,.,.,.,.,1,Nestling,1,1,19.4,52.0,TD,Y,N,N,N,16.7,3B00187990,,,,,,,,,,,NA,NA,NA,NA,NA,NA,NA,NA,NA,NA,NA,NA,NA
2026,"spec, crest, tail",3241-58245,SSW,M,06/22/26,11:35,2026,EB3,N,.,.,.,.,1,Nestling,1,1,19.4,50.1,CR,Y,N,N,N,17.8,3B00190FCA,,,,,,,,,,,NA,NA,NA,NA,NA,NA,NA,NA,NA,NA,NA,NA,NA
2026,"spec, crest, tail",3241-58246,WPD,M,06/22/26,11:35,2026,EB3,N,.,.,.,.,1,Nestling,2,1,20.2,55.0,TD,Y,N,N,N,17.8,3B00182A29,,,,,,,,,,,NA,NA,NA,NA,NA,NA,NA,NA,NA,NA,NA,NA,NA
2026,"spec, crest, tail",3241-58247,NTO,F,06/22/26,11:35,2026,EB3,N,.,.,.,.,1,Nestling,1,1,18.9,48.0,CR,Y,N,N,N,16.5,3B0019396A,,,,,,,,,,,NA,NA,NA,NA,NA,NA,NA,NA,NA,NA,NA,NA,NA
2026,"spec, crest, tail",3241-58248,NWY,F,06/22/26,11:35,2026,EB3,N,.,.,.,.,1,Nestling,1,1,19.8,55.5,TD,Y,N,N,N,17.4,3B004A7FDD,,,,,,,,,,,NA,NA,NA,NA,NA,NA,NA,NA,NA,NA,NA,NA,NA
2026,"spec, crest, tail",3241-58243,YRP,F,06/22/26,09:05,2026,FS,N,.,.,.,.,1,HY,2,1,19.6,73.0,LJ,Y,N,N,N,16.5,3B004C3355,,,,,,,Caught together in trap with CRY 06/22/26,"06/24/26, 06/25/26","FS, FS",,NA,NA,NA,NA,NA,NA,NA,NA,NA,NA,NA,NA,NA
2026,"spec, crest, tail",3241-58249,SPW,.,06/26/26,07:55,2026,FN,N,.,.,.,.,1,HY,2,1,19.6,69.0,OK,Y,N,N,N,16.3,3B00185AAF,,,,,,RFID is above gov band in wrong position,,,,,NA,NA,NA,NA,NA,NA,NA,NA,NA,NA,NA,NA,NA
2026,,3011-89556,YYY(was YGY),M,06/26/26,09:47,2026,FO,P,IA,nestling,2024,NB53,3,ASY,3,3,19.8,73.3,OK,.,Y,N,N,.,.,,,,,,"didnt get mass or crest, YYY was an un IA'd 2024 nestling, changed to YYY bc out of G bands (dupe or missing?)",,,,,NA,NA,NA,NA,NA,NA,NA,NA,NA,NA,NA,NA,NA
2026,,,,,,,2026,,,,,,,,,,,,,,,,,,,,,,,,,,,,,,NA,NA,NA,NA,NA,NA,NA,NA,NA,NA,NA,NA,NA
2026,,,,,,,2026,,,,,,,,,,,,,,,,,,,,,,,,,,,,,,NA,NA,NA,NA,NA,NA,NA,NA,NA,NA,NA,NA,NA
,,,,,,,2026,,,,,,,,,,,,,,,,,,,,,,,,,,,,,,NA,NA,NA,NA,NA,NA,NA,NA,NA,NA,NA,NA,NA
,,,,,,,NA,,,,,,,,,,,,,,,,,,,,,,,,,,,,,,NA,NA,NA,NA,NA,NA,NA,NA,NA,NA,NA,NA,NA
,,,,,,,NA,,,,,,,,,,,,,,,,,,,,,,,,,,,,,,NA,NA,NA,NA,NA,NA,NA,NA,NA,NA,NA,NA,NA
,,,,,,,NA,,,,,,,,,,,,,,,,,,,,,,,,,,,,,,NA,NA,NA,NA,NA,NA,NA,NA,NA,NA,NA,NA,NA
,,,,,,,NA,,,,,,,,,,,,,,,,,,,,,,,,,,,,,,NA,NA,NA,NA,NA,NA,NA,NA,NA,NA,NA,NA,NA
,,,,,,,NA,,,,,,,,,,,,,,,,,,,,,,,,,,,,,,NA,NA,NA,NA,NA,NA,NA,NA,NA,NA,NA,NA,NA
,,,,,,,NA,,,,,,,,,,,,,,,,,,,,,,,,,,,,,,NA,NA,NA,NA,NA,NA,NA,NA,NA,NA,NA,NA,NA
,,,,,,,NA,,,,,,,,,,,,,,,,,,,,,,,,,,,,,,NA,NA,NA,NA,NA,NA,NA,NA,NA,NA,NA,NA,NA
,,,,,,,NA,,,,,,,easter egg,,,,,,,,,,,,,,,,,,,,,,,NA,NA,NA,NA,NA,NA,NA,NA,NA,NA,NA,NA,NA
,,,,,,,NA,,,,,,,,,,,,,,,,,,,,,,,,,,,,,,NA,NA,NA,NA,NA,NA,NA,NA,NA,NA,NA,NA,NA
,,,,,,,NA,,,,,,,,,,,,,,,,,,,,,,,,,,,,,,NA,NA,NA,NA,NA,NA,NA,NA,NA,NA,NA,NA,NA
,,,,,,,NA,,,,,,,,,,,,,,,,,,,,,,,,,,,,,,NA,NA,NA,NA,NA,NA,NA,NA,NA,NA,NA,NA,NA
,,,,,,,NA,,,,,,,,,,,,,,,,,,,,,,,,,,,,,,NA,NA,NA,NA,NA,NA,NA,NA,NA,NA,NA,NA,NA
,,,,,,,NA,,,,,,,,,,,,,,,,,,,,,,,,,,,,,,NA,NA,NA,NA,NA,NA,NA,NA,NA,NA,NA,NA,NA
,,,,,,,NA,,,,,,,,,,,,,,,,,,,,,,,,,,,,,,NA,NA,NA,NA,NA,NA,NA,NA,NA,NA,NA,NA,NA
,,,,,,,NA,,,,,,,,,,,,,,,,,,,,,,,,,,,,,,NA,NA,NA,NA,NA,NA,NA,NA,NA,NA,NA,NA,NA
,,,,,,,NA,,,,,,,,,,,,,,,,,,,,,,,,,,,,,,NA,NA,NA,NA,NA,NA,NA,NA,NA,NA,NA,NA,NA
,,,,,,,NA,,,,,,,,,,,,,,,,,,,,,,,,,,,,,,NA,NA,NA,NA,NA,NA,NA,NA,NA,NA,NA,NA,NA
,,,,,,,NA,,,,,,,,,,,,,,,,,,,,,,,,,,,,,,NA,NA,NA,NA,NA,NA,NA,NA,NA,NA,NA,NA,NA
,,,,,,,NA,,,,,,,,,,,,,,,,,,,,,,,,,,,,,,NA,NA,NA,NA,NA,NA,NA,NA,NA,NA,NA,NA,NA
,,,,,,,NA,,,,,,,,,,,,,,,,,,,,,,,,,,,,,,NA,NA,NA,NA,NA,NA,NA,NA,NA,NA,NA,NA,NA
,,,,,,,NA,,,,,,,,,,,,,,,,,,,,,,,,,,,,,,NA,NA,NA,NA,NA,NA,NA,NA,NA,NA,NA,NA,NA
,,,,,,,NA,,,,,,,,,,,,,,,,,,,,,,,,,,,,,,NA,NA,NA,NA,NA,NA,NA,NA,NA,NA,NA,NA,NA
,,,,,,,NA,,,,,,,,,,,,,,,,,,,,,,,,,,,,,,NA,NA,NA,NA,NA,NA,NA,NA,NA,NA,NA,NA,NA
,,,,,,,NA,,,,,,,,,,,,,,,,,,,,,,,,,,,,,,NA,NA,NA,NA,NA,NA,NA,NA,NA,NA,NA,NA,NA
,,,,,,,NA,,,,,,,,,,,,,,,,,,,,,,,,,,,,,,NA,NA,NA,NA,NA,NA,NA,NA,NA,NA,NA,NA,NA
,,,,,,,NA,,,,,,,,,,,,,,,,,,,,,,,,,,,,,,NA,NA,NA,NA,NA,NA,NA,NA,NA,NA,NA,NA,NA
,,,,,,,NA,,,,,,,,,,,,,,,,,,,,,,,,,,,,,,NA,NA,NA,NA,NA,NA,NA,NA,NA,NA,NA,NA,NA
,,,,,,,NA,,,,,,,,,,,,,,,,,,,,,,,,,,,,,,NA,NA,NA,NA,NA,NA,NA,NA,NA,NA,NA,NA,NA
,,,,,,,NA,,,,,,,,,,,,,,,,,,,,,,,,,,,,,,NA,NA,NA,NA,NA,NA,NA,NA,NA,NA,NA,NA,NA
,,,,,,,NA,,,,,,,,,,,,,,,,,,,,,,,,,,,,,,NA,NA,NA,NA,NA,NA,NA,NA,NA,NA,NA,NA,NA
,,,,,,,NA,,,,,,,,,,,,,,,,,,,,,,,,,,,,,,NA,NA,NA,NA,NA,NA,NA,NA,NA,NA,NA,NA,NA
