"Bird1","Bird2","Comm1","Comm2","SameCommunity","Season"
"CGN","RRY",1,2,FALSE,"fall_Communities"
"RRR","RRY",2,2,TRUE,"fall_Communities"
"RRD","RRY",2,2,TRUE,"fall_Communities"
"GOS","RRY",3,2,FALSE,"fall_Communities"
"PBWorPWB","RRY",3,2,FALSE,"fall_Communities"
"RBT","RRY",3,2,FALSE,"fall_Communities"
"RBP","RRY",3,2,FALSE,"fall_Communities"
"PNW","RRY",5,2,FALSE,"fall_Communities"
"PLS","RRY",6,2,FALSE,"fall_Communities"
"GBO (was GPT)","RRY",7,2,FALSE,"fall_Communities"
"GDW (wasGYW)","RRY",11,2,FALSE,"fall_Communities"
"PND","RRY",11,2,FALSE,"fall_Communities"
"PNG","RRY",11,2,FALSE,"fall_Communities"
"PNP","RRY",11,2,FALSE,"fall_Communities"
"ROO","RRY",12,2,FALSE,"fall_Communities"
"RLB","RRY",13,2,FALSE,"fall_Communities"
"ROY","RRY",15,2,FALSE,"fall_Communities"
"ROR","RRY",15,2,FALSE,"fall_Communities"
"GDO","RRY",14,2,FALSE,"fall_Communities"
"PBS","RRY",14,2,FALSE,"fall_Communities"
"PNL","RRY",14,2,FALSE,"fall_Communities"
"PBP (was PBB)","RRY",14,2,FALSE,"fall_Communities"
"GNT","RRY",16,2,FALSE,"fall_Communities"
"RGT","RRY",17,2,FALSE,"fall_Communities"
"CRY","RRY",18,2,FALSE,"fall_Communities"
"GDD (was GDR)","RRY",18,2,FALSE,"fall_Communities"
"GTR","RRY",18,2,FALSE,"fall_Communities"
"CGN","SDO",1,2,FALSE,"fall_Communities"
"RRY","SDO",2,2,TRUE,"fall_Communities"
"RRR","SDO",2,2,TRUE,"fall_Communities"
"RRD","SDO",2,2,TRUE,"fall_Communities"
"GOS","SDO",3,2,FALSE,"fall_Communities"
"RSD","SDO",3,2,FALSE,"fall_Communities"
"PBWorPWB","SDO",3,2,FALSE,"fall_Communities"
"RBT","SDO",3,2,FALSE,"fall_Communities"
"RBP","SDO",3,2,FALSE,"fall_Communities"
"PNW","SDO",5,2,FALSE,"fall_Communities"
"PLS","SDO",6,2,FALSE,"fall_Communities"
"RTP","SDO",6,2,FALSE,"fall_Communities"
"GBO (was GPT)","SDO",7,2,FALSE,"fall_Communities"
"GDW (wasGYW)","SDO",11,2,FALSE,"fall_Communities"
"PND","SDO",11,2,FALSE,"fall_Communities"
"PNG","SDO",11,2,FALSE,"fall_Communities"
"PNP","SDO",11,2,FALSE,"fall_Communities"
"ROO","SDO",12,2,FALSE,"fall_Communities"
"RLB","SDO",13,2,FALSE,"fall_Communities"
"ROY","SDO",15,2,FALSE,"fall_Communities"
"ROR","SDO",15,2,FALSE,"fall_Communities"
"GDO","SDO",14,2,FALSE,"fall_Communities"
"PBS","SDO",14,2,FALSE,"fall_Communities"
"PNL","SDO",14,2,FALSE,"fall_Communities"
"PBP (was PBB)","SDO",14,2,FALSE,"fall_Communities"
"GNT","SDO",16,2,FALSE,"fall_Communities"
"RGT","SDO",17,2,FALSE,"fall_Communities"
"RTT","SDO",18,2,FALSE,"fall_Communities"
"CRY","SDO",18,2,FALSE,"fall_Communities"
"GDD (was GDR)","SDO",18,2,FALSE,"fall_Communities"
"GTR","SDO",18,2,FALSE,"fall_Communities"
"CGN","RRR",1,2,FALSE,"fall_Communities"
"RRD","RRR",2,2,TRUE,"fall_Communities"
"GOS","RRR",3,2,FALSE,"fall_Communities"
"PBWorPWB","RRR",3,2,FALSE,"fall_Communities"
"RBT","RRR",3,2,FALSE,"fall_Communities"
"RBP","RRR",3,2,FALSE,"fall_Communities"
"PNW","RRR",5,2,FALSE,"fall_Communities"
"PLS","RRR",6,2,FALSE,"fall_Communities"
"GBO (was GPT)","RRR",7,2,FALSE,"fall_Communities"
"GDW (wasGYW)","RRR",11,2,FALSE,"fall_Communities"
"PND","RRR",11,2,FALSE,"fall_Communities"
"PNG","RRR",11,2,FALSE,"fall_Communities"
"PNP","RRR",11,2,FALSE,"fall_Communities"
"ROO","RRR",12,2,FALSE,"fall_Communities"
"RLB","RRR",13,2,FALSE,"fall_Communities"
"ROY","RRR",15,2,FALSE,"fall_Communities"
"ROR","RRR",15,2,FALSE,"fall_Communities"
"GDO","RRR",14,2,FALSE,"fall_Communities"
"PBS","RRR",14,2,FALSE,"fall_Communities"
"PNL","RRR",14,2,FALSE,"fall_Communities"
"PBP (was PBB)","RRR",14,2,FALSE,"fall_Communities"
"GNT","RRR",16,2,FALSE,"fall_Communities"
"RGT","RRR",17,2,FALSE,"fall_Communities"
"CRY","RRR",18,2,FALSE,"fall_Communities"
"GDD (was GDR)","RRR",18,2,FALSE,"fall_Communities"
"GTR","RRR",18,2,FALSE,"fall_Communities"
"CGN","RRD",1,2,FALSE,"fall_Communities"
"GOS","RRD",3,2,FALSE,"fall_Communities"
"PBWorPWB","RRD",3,2,FALSE,"fall_Communities"
"RBT","RRD",3,2,FALSE,"fall_Communities"
"RBP","RRD",3,2,FALSE,"fall_Communities"
"PNW","RRD",5,2,FALSE,"fall_Communities"
"PLS","RRD",6,2,FALSE,"fall_Communities"
"GBO (was GPT)","RRD",7,2,FALSE,"fall_Communities"
"GDW (wasGYW)","RRD",11,2,FALSE,"fall_Communities"
"PND","RRD",11,2,FALSE,"fall_Communities"
"PNG","RRD",11,2,FALSE,"fall_Communities"
"PNP","RRD",11,2,FALSE,"fall_Communities"
"ROO","RRD",12,2,FALSE,"fall_Communities"
"RLB","RRD",13,2,FALSE,"fall_Communities"
"ROY","RRD",15,2,FALSE,"fall_Communities"
"ROR","RRD",15,2,FALSE,"fall_Communities"
"GDO","RRD",14,2,FALSE,"fall_Communities"
"PBS","RRD",14,2,FALSE,"fall_Communities"
"PNL","RRD",14,2,FALSE,"fall_Communities"
"PBP (was PBB)","RRD",14,2,FALSE,"fall_Communities"
"GNT","RRD",16,2,FALSE,"fall_Communities"
"RGT","RRD",17,2,FALSE,"fall_Communities"
"CRY","RRD",18,2,FALSE,"fall_Communities"
"GDD (was GDR)","RRD",18,2,FALSE,"fall_Communities"
"GTR","RRD",18,2,FALSE,"fall_Communities"
"CGN","SWT",1,2,FALSE,"fall_Communities"
"RRY","SWT",2,2,TRUE,"fall_Communities"
"SDO","SWT",2,2,TRUE,"fall_Communities"
"RRR","SWT",2,2,TRUE,"fall_Communities"
"RRD","SWT",2,2,TRUE,"fall_Communities"
"GOS","SWT",3,2,FALSE,"fall_Communities"
"RSD","SWT",3,2,FALSE,"fall_Communities"
"PBWorPWB","SWT",3,2,FALSE,"fall_Communities"
"SWB","SWT",3,2,FALSE,"fall_Communities"
"RBT","SWT",3,2,FALSE,"fall_Communities"
"RBP","SWT",3,2,FALSE,"fall_Communities"
"PNW","SWT",5,2,FALSE,"fall_Communities"
"SOT","SWT",5,2,FALSE,"fall_Communities"
"PLS","SWT",6,2,FALSE,"fall_Communities"
"RTP","SWT",6,2,FALSE,"fall_Communities"
"SOG","SWT",5,2,FALSE,"fall_Communities"
"GBO (was GPT)","SWT",7,2,FALSE,"fall_Communities"
"GDW (wasGYW)","SWT",11,2,FALSE,"fall_Communities"
"PND","SWT",11,2,FALSE,"fall_Communities"
"PNG","SWT",11,2,FALSE,"fall_Communities"
"PNP","SWT",11,2,FALSE,"fall_Communities"
"ROO","SWT",12,2,FALSE,"fall_Communities"
"RLB","SWT",13,2,FALSE,"fall_Communities"
"ROY","SWT",15,2,FALSE,"fall_Communities"
"ROR","SWT",15,2,FALSE,"fall_Communities"
"SWS","SWT",15,2,FALSE,"fall_Communities"
"GDO","SWT",14,2,FALSE,"fall_Communities"
"PBS","SWT",14,2,FALSE,"fall_Communities"
"PNL","SWT",14,2,FALSE,"fall_Communities"
"PBP (was PBB)","SWT",14,2,FALSE,"fall_Communities"
"SRP","SWT",16,2,FALSE,"fall_Communities"
"GNT","SWT",16,2,FALSE,"fall_Communities"
"STT","SWT",17,2,FALSE,"fall_Communities"
"SGB","SWT",17,2,FALSE,"fall_Communities"
"RGT","SWT",17,2,FALSE,"fall_Communities"
"RTT","SWT",18,2,FALSE,"fall_Communities"
"CRY","SWT",18,2,FALSE,"fall_Communities"
"GDD (was GDR)","SWT",18,2,FALSE,"fall_Communities"
"GTR","SWT",18,2,FALSE,"fall_Communities"
"CGN","SYO",1,3,FALSE,"fall_Communities"
"RRY","SYO",2,3,FALSE,"fall_Communities"
"SDO","SYO",2,3,FALSE,"fall_Communities"
"RRR","SYO",2,3,FALSE,"fall_Communities"
"RRD","SYO",2,3,FALSE,"fall_Communities"
"SWT","SYO",2,3,FALSE,"fall_Communities"
"GOS","SYO",3,3,TRUE,"fall_Communities"
"RSD","SYO",3,3,TRUE,"fall_Communities"
"PBWorPWB","SYO",3,3,TRUE,"fall_Communities"
"SWB","SYO",3,3,TRUE,"fall_Communities"
"RBT","SYO",3,3,TRUE,"fall_Communities"
"RBP","SYO",3,3,TRUE,"fall_Communities"
"PNW","SYO",5,3,FALSE,"fall_Communities"
"SOT","SYO",5,3,FALSE,"fall_Communities"
"PLS","SYO",6,3,FALSE,"fall_Communities"
"RTP","SYO",6,3,FALSE,"fall_Communities"
"SOG","SYO",5,3,FALSE,"fall_Communities"
"GBO (was GPT)","SYO",7,3,FALSE,"fall_Communities"
"GDW (wasGYW)","SYO",11,3,FALSE,"fall_Communities"
"PND","SYO",11,3,FALSE,"fall_Communities"
"PNG","SYO",11,3,FALSE,"fall_Communities"
"PNP","SYO",11,3,FALSE,"fall_Communities"
"ROO","SYO",12,3,FALSE,"fall_Communities"
"RLB","SYO",13,3,FALSE,"fall_Communities"
"ROY","SYO",15,3,FALSE,"fall_Communities"
"ROR","SYO",15,3,FALSE,"fall_Communities"
"SWS","SYO",15,3,FALSE,"fall_Communities"
"GDO","SYO",14,3,FALSE,"fall_Communities"
"PBS","SYO",14,3,FALSE,"fall_Communities"
"PNL","SYO",14,3,FALSE,"fall_Communities"
"PBP (was PBB)","SYO",14,3,FALSE,"fall_Communities"
"SRP","SYO",16,3,FALSE,"fall_Communities"
"GNT","SYO",16,3,FALSE,"fall_Communities"
"STT","SYO",17,3,FALSE,"fall_Communities"
"SGB","SYO",17,3,FALSE,"fall_Communities"
"RGT","SYO",17,3,FALSE,"fall_Communities"
"RTT","SYO",18,3,FALSE,"fall_Communities"
"CRY","SYO",18,3,FALSE,"fall_Communities"
"GDD (was GDR)","SYO",18,3,FALSE,"fall_Communities"
"GTR","SYO",18,3,FALSE,"fall_Communities"
"CGN","GOS",1,3,FALSE,"fall_Communities"
"GBO (was GPT)","GOS",7,3,FALSE,"fall_Communities"
"GDW (wasGYW)","GOS",11,3,FALSE,"fall_Communities"
"GDO","GOS",14,3,FALSE,"fall_Communities"
"GNT","GOS",16,3,FALSE,"fall_Communities"
"CRY","GOS",18,3,FALSE,"fall_Communities"
"GDD (was GDR)","GOS",18,3,FALSE,"fall_Communities"
"CGN","RSD",1,3,FALSE,"fall_Communities"
"RRY","RSD",2,3,FALSE,"fall_Communities"
"RRR","RSD",2,3,FALSE,"fall_Communities"
"RRD","RSD",2,3,FALSE,"fall_Communities"
"GOS","RSD",3,3,TRUE,"fall_Communities"
"PBWorPWB","RSD",3,3,TRUE,"fall_Communities"
"RBT","RSD",3,3,TRUE,"fall_Communities"
"RBP","RSD",3,3,TRUE,"fall_Communities"
"PNW","RSD",5,3,FALSE,"fall_Communities"
"PLS","RSD",6,3,FALSE,"fall_Communities"
"GBO (was GPT)","RSD",7,3,FALSE,"fall_Communities"
"GDW (wasGYW)","RSD",11,3,FALSE,"fall_Communities"
"PND","RSD",11,3,FALSE,"fall_Communities"
"PNG","RSD",11,3,FALSE,"fall_Communities"
"PNP","RSD",11,3,FALSE,"fall_Communities"
"ROO","RSD",12,3,FALSE,"fall_Communities"
"RLB","RSD",13,3,FALSE,"fall_Communities"
"ROY","RSD",15,3,FALSE,"fall_Communities"
"ROR","RSD",15,3,FALSE,"fall_Communities"
"GDO","RSD",14,3,FALSE,"fall_Communities"
"PBS","RSD",14,3,FALSE,"fall_Communities"
"PNL","RSD",14,3,FALSE,"fall_Communities"
"PBP (was PBB)","RSD",14,3,FALSE,"fall_Communities"
"GNT","RSD",16,3,FALSE,"fall_Communities"
"RGT","RSD",17,3,FALSE,"fall_Communities"
"CRY","RSD",18,3,FALSE,"fall_Communities"
"GDD (was GDR)","RSD",18,3,FALSE,"fall_Communities"
"GTR","RSD",18,3,FALSE,"fall_Communities"
"CGN","SYT",1,3,FALSE,"fall_Communities"
"RRY","SYT",2,3,FALSE,"fall_Communities"
"SDO","SYT",2,3,FALSE,"fall_Communities"
"RRR","SYT",2,3,FALSE,"fall_Communities"
"RRD","SYT",2,3,FALSE,"fall_Communities"
"SWT","SYT",2,3,FALSE,"fall_Communities"
"SYO","SYT",3,3,TRUE,"fall_Communities"
"GOS","SYT",3,3,TRUE,"fall_Communities"
"RSD","SYT",3,3,TRUE,"fall_Communities"
"PBWorPWB","SYT",3,3,TRUE,"fall_Communities"
"SWB","SYT",3,3,TRUE,"fall_Communities"
"RBT","SYT",3,3,TRUE,"fall_Communities"
"SYR","SYT",3,3,TRUE,"fall_Communities"
"RBP","SYT",3,3,TRUE,"fall_Communities"
"PNW","SYT",5,3,FALSE,"fall_Communities"
"SOT","SYT",5,3,FALSE,"fall_Communities"
"PLS","SYT",6,3,FALSE,"fall_Communities"
"RTP","SYT",6,3,FALSE,"fall_Communities"
"SOG","SYT",5,3,FALSE,"fall_Communities"
"GBO (was GPT)","SYT",7,3,FALSE,"fall_Communities"
"GDW (wasGYW)","SYT",11,3,FALSE,"fall_Communities"
"PND","SYT",11,3,FALSE,"fall_Communities"
"PNG","SYT",11,3,FALSE,"fall_Communities"
"PNP","SYT",11,3,FALSE,"fall_Communities"
"ROO","SYT",12,3,FALSE,"fall_Communities"
"RLB","SYT",13,3,FALSE,"fall_Communities"
"ROY","SYT",15,3,FALSE,"fall_Communities"
"ROR","SYT",15,3,FALSE,"fall_Communities"
"SWS","SYT",15,3,FALSE,"fall_Communities"
"GDO","SYT",14,3,FALSE,"fall_Communities"
"PBS","SYT",14,3,FALSE,"fall_Communities"
"PNL","SYT",14,3,FALSE,"fall_Communities"
"PBP (was PBB)","SYT",14,3,FALSE,"fall_Communities"
"SRP","SYT",16,3,FALSE,"fall_Communities"
"GNT","SYT",16,3,FALSE,"fall_Communities"
"STT","SYT",17,3,FALSE,"fall_Communities"
"SGB","SYT",17,3,FALSE,"fall_Communities"
"RGT","SYT",17,3,FALSE,"fall_Communities"
"RTT","SYT",18,3,FALSE,"fall_Communities"
"CRY","SYT",18,3,FALSE,"fall_Communities"
"GDD (was GDR)","SYT",18,3,FALSE,"fall_Communities"
"GTR","SYT",18,3,FALSE,"fall_Communities"
"CGN","PBWorPWB",1,3,FALSE,"fall_Communities"
"GOS","PBWorPWB",3,3,TRUE,"fall_Communities"
"GBO (was GPT)","PBWorPWB",7,3,FALSE,"fall_Communities"
"GDW (wasGYW)","PBWorPWB",11,3,FALSE,"fall_Communities"
"GDO","PBWorPWB",14,3,FALSE,"fall_Communities"
"PBS","PBWorPWB",14,3,FALSE,"fall_Communities"
"PBP (was PBB)","PBWorPWB",14,3,FALSE,"fall_Communities"
"GNT","PBWorPWB",16,3,FALSE,"fall_Communities"
"CRY","PBWorPWB",18,3,FALSE,"fall_Communities"
"GDD (was GDR)","PBWorPWB",18,3,FALSE,"fall_Communities"
"GTR","PBWorPWB",18,3,FALSE,"fall_Communities"
"CGN","SWB",1,3,FALSE,"fall_Communities"
"RRY","SWB",2,3,FALSE,"fall_Communities"
"SDO","SWB",2,3,FALSE,"fall_Communities"
"RRR","SWB",2,3,FALSE,"fall_Communities"
"RRD","SWB",2,3,FALSE,"fall_Communities"
"GOS","SWB",3,3,TRUE,"fall_Communities"
"RSD","SWB",3,3,TRUE,"fall_Communities"
"PBWorPWB","SWB",3,3,TRUE,"fall_Communities"
"RBT","SWB",3,3,TRUE,"fall_Communities"
"RBP","SWB",3,3,TRUE,"fall_Communities"
"PNW","SWB",5,3,FALSE,"fall_Communities"
"SOT","SWB",5,3,FALSE,"fall_Communities"
"PLS","SWB",6,3,FALSE,"fall_Communities"
"RTP","SWB",6,3,FALSE,"fall_Communities"
"SOG","SWB",5,3,FALSE,"fall_Communities"
"GBO (was GPT)","SWB",7,3,FALSE,"fall_Communities"
"GDW (wasGYW)","SWB",11,3,FALSE,"fall_Communities"
"PND","SWB",11,3,FALSE,"fall_Communities"
"PNG","SWB",11,3,FALSE,"fall_Communities"
"PNP","SWB",11,3,FALSE,"fall_Communities"
"ROO","SWB",12,3,FALSE,"fall_Communities"
"RLB","SWB",13,3,FALSE,"fall_Communities"
"ROY","SWB",15,3,FALSE,"fall_Communities"
"ROR","SWB",15,3,FALSE,"fall_Communities"
"GDO","SWB",14,3,FALSE,"fall_Communities"
"PBS","SWB",14,3,FALSE,"fall_Communities"
"PNL","SWB",14,3,FALSE,"fall_Communities"
"PBP (was PBB)","SWB",14,3,FALSE,"fall_Communities"
"SRP","SWB",16,3,FALSE,"fall_Communities"
"GNT","SWB",16,3,FALSE,"fall_Communities"
"STT","SWB",17,3,FALSE,"fall_Communities"
"SGB","SWB",17,3,FALSE,"fall_Communities"
"RGT","SWB",17,3,FALSE,"fall_Communities"
"RTT","SWB",18,3,FALSE,"fall_Communities"
"CRY","SWB",18,3,FALSE,"fall_Communities"
"GDD (was GDR)","SWB",18,3,FALSE,"fall_Communities"
"GTR","SWB",18,3,FALSE,"fall_Communities"
"CGN","RBT",1,3,FALSE,"fall_Communities"
"GOS","RBT",3,3,TRUE,"fall_Communities"
"PBWorPWB","RBT",3,3,TRUE,"fall_Communities"
"RBP","RBT",3,3,TRUE,"fall_Communities"
"PNW","RBT",5,3,FALSE,"fall_Communities"
"PLS","RBT",6,3,FALSE,"fall_Communities"
"GBO (was GPT)","RBT",7,3,FALSE,"fall_Communities"
"GDW (wasGYW)","RBT",11,3,FALSE,"fall_Communities"
"PND","RBT",11,3,FALSE,"fall_Communities"
"PNG","RBT",11,3,FALSE,"fall_Communities"
"PNP","RBT",11,3,FALSE,"fall_Communities"
"GDO","RBT",14,3,FALSE,"fall_Communities"
"PBS","RBT",14,3,FALSE,"fall_Communities"
"PNL","RBT",14,3,FALSE,"fall_Communities"
"PBP (was PBB)","RBT",14,3,FALSE,"fall_Communities"
"GNT","RBT",16,3,FALSE,"fall_Communities"
"CRY","RBT",18,3,FALSE,"fall_Communities"
"GDD (was GDR)","RBT",18,3,FALSE,"fall_Communities"
"GTR","RBT",18,3,FALSE,"fall_Communities"
"CGN","SYR",1,3,FALSE,"fall_Communities"
"RRY","SYR",2,3,FALSE,"fall_Communities"
"SDO","SYR",2,3,FALSE,"fall_Communities"
"RRR","SYR",2,3,FALSE,"fall_Communities"
"RRD","SYR",2,3,FALSE,"fall_Communities"
"SWT","SYR",2,3,FALSE,"fall_Communities"
"SYO","SYR",3,3,TRUE,"fall_Communities"
"GOS","SYR",3,3,TRUE,"fall_Communities"
"RSD","SYR",3,3,TRUE,"fall_Communities"
"PBWorPWB","SYR",3,3,TRUE,"fall_Communities"
"SWB","SYR",3,3,TRUE,"fall_Communities"
"RBT","SYR",3,3,TRUE,"fall_Communities"
"RBP","SYR",3,3,TRUE,"fall_Communities"
"PNW","SYR",5,3,FALSE,"fall_Communities"
"SOT","SYR",5,3,FALSE,"fall_Communities"
"PLS","SYR",6,3,FALSE,"fall_Communities"
"RTP","SYR",6,3,FALSE,"fall_Communities"
"SOG","SYR",5,3,FALSE,"fall_Communities"
"GBO (was GPT)","SYR",7,3,FALSE,"fall_Communities"
"GDW (wasGYW)","SYR",11,3,FALSE,"fall_Communities"
"PND","SYR",11,3,FALSE,"fall_Communities"
"PNG","SYR",11,3,FALSE,"fall_Communities"
"PNP","SYR",11,3,FALSE,"fall_Communities"
"ROO","SYR",12,3,FALSE,"fall_Communities"
"RLB","SYR",13,3,FALSE,"fall_Communities"
"ROY","SYR",15,3,FALSE,"fall_Communities"
"ROR","SYR",15,3,FALSE,"fall_Communities"
"SWS","SYR",15,3,FALSE,"fall_Communities"
"GDO","SYR",14,3,FALSE,"fall_Communities"
"PBS","SYR",14,3,FALSE,"fall_Communities"
"PNL","SYR",14,3,FALSE,"fall_Communities"
"PBP (was PBB)","SYR",14,3,FALSE,"fall_Communities"
"SRP","SYR",16,3,FALSE,"fall_Communities"
"GNT","SYR",16,3,FALSE,"fall_Communities"
"STT","SYR",17,3,FALSE,"fall_Communities"
"SGB","SYR",17,3,FALSE,"fall_Communities"
"RGT","SYR",17,3,FALSE,"fall_Communities"
"RTT","SYR",18,3,FALSE,"fall_Communities"
"CRY","SYR",18,3,FALSE,"fall_Communities"
"GDD (was GDR)","SYR",18,3,FALSE,"fall_Communities"
"GTR","SYR",18,3,FALSE,"fall_Communities"
"CGN","RBP",1,3,FALSE,"fall_Communities"
"GOS","RBP",3,3,TRUE,"fall_Communities"
"PBWorPWB","RBP",3,3,TRUE,"fall_Communities"
"PNW","RBP",5,3,FALSE,"fall_Communities"
"PLS","RBP",6,3,FALSE,"fall_Communities"
"GBO (was GPT)","RBP",7,3,FALSE,"fall_Communities"
"GDW (wasGYW)","RBP",11,3,FALSE,"fall_Communities"
"PND","RBP",11,3,FALSE,"fall_Communities"
"PNG","RBP",11,3,FALSE,"fall_Communities"
"PNP","RBP",11,3,FALSE,"fall_Communities"
"GDO","RBP",14,3,FALSE,"fall_Communities"
"PBS","RBP",14,3,FALSE,"fall_Communities"
"PNL","RBP",14,3,FALSE,"fall_Communities"
"PBP (was PBB)","RBP",14,3,FALSE,"fall_Communities"
"GNT","RBP",16,3,FALSE,"fall_Communities"
"CRY","RBP",18,3,FALSE,"fall_Communities"
"GDD (was GDR)","RBP",18,3,FALSE,"fall_Communities"
"GTR","RBP",18,3,FALSE,"fall_Communities"
"CGN","YWD",1,4,FALSE,"fall_Communities"
"RRY","YWD",2,4,FALSE,"fall_Communities"
"SDO","YWD",2,4,FALSE,"fall_Communities"
"RRR","YWD",2,4,FALSE,"fall_Communities"
"RRD","YWD",2,4,FALSE,"fall_Communities"
"SWT","YWD",2,4,FALSE,"fall_Communities"
"SYO","YWD",3,4,FALSE,"fall_Communities"
"GOS","YWD",3,4,FALSE,"fall_Communities"
"RSD","YWD",3,4,FALSE,"fall_Communities"
"SYT","YWD",3,4,FALSE,"fall_Communities"
"PBWorPWB","YWD",3,4,FALSE,"fall_Communities"
"SWB","YWD",3,4,FALSE,"fall_Communities"
"RBT","YWD",3,4,FALSE,"fall_Communities"
"SYR","YWD",3,4,FALSE,"fall_Communities"
"RBP","YWD",3,4,FALSE,"fall_Communities"
"WBT","YWD",4,4,TRUE,"fall_Communities"
"PNW","YWD",5,4,FALSE,"fall_Communities"
"YDP","YWD",5,4,FALSE,"fall_Communities"
"SOT","YWD",5,4,FALSE,"fall_Communities"
"PLS","YWD",6,4,FALSE,"fall_Communities"
"YPS","YWD",6,4,FALSE,"fall_Communities"
"RTP","YWD",6,4,FALSE,"fall_Communities"
"SOG","YWD",5,4,FALSE,"fall_Communities"
"YBN","YWD",7,4,FALSE,"fall_Communities"
"WOG","YWD",7,4,FALSE,"fall_Communities"
"YDT","YWD",8,4,FALSE,"fall_Communities"
"WSY","YWD",7,4,FALSE,"fall_Communities"
"YDD","YWD",9,4,FALSE,"fall_Communities"
"WWB","YWD",7,4,FALSE,"fall_Communities"
"YGD","YWD",7,4,FALSE,"fall_Communities"
"YDW","YWD",7,4,FALSE,"fall_Communities"
"GBO (was GPT)","YWD",7,4,FALSE,"fall_Communities"
"YSR","YWD",10,4,FALSE,"fall_Communities"
"GDW (wasGYW)","YWD",11,4,FALSE,"fall_Communities"
"PND","YWD",11,4,FALSE,"fall_Communities"
"PNG","YWD",11,4,FALSE,"fall_Communities"
"PNP","YWD",11,4,FALSE,"fall_Communities"
"YOP","YWD",12,4,FALSE,"fall_Communities"
"ROO","YWD",12,4,FALSE,"fall_Communities"
"RLB","YWD",13,4,FALSE,"fall_Communities"
"YBT","YWD",14,4,FALSE,"fall_Communities"
"ROY","YWD",15,4,FALSE,"fall_Communities"
"WBO","YWD",15,4,FALSE,"fall_Communities"
"ROR","YWD",15,4,FALSE,"fall_Communities"
"YBY","YWD",14,4,FALSE,"fall_Communities"
"SWS","YWD",15,4,FALSE,"fall_Communities"
"YGY","YWD",14,4,FALSE,"fall_Communities"
"YND","YWD",14,4,FALSE,"fall_Communities"
"GDO","YWD",14,4,FALSE,"fall_Communities"
"PBS","YWD",14,4,FALSE,"fall_Communities"
"PNL","YWD",14,4,FALSE,"fall_Communities"
"PBP (was PBB)","YWD",14,4,FALSE,"fall_Communities"
"WWD","YWD",16,4,FALSE,"fall_Communities"
"SRP","YWD",16,4,FALSE,"fall_Communities"
"GNT","YWD",16,4,FALSE,"fall_Communities"
"WDN","YWD",16,4,FALSE,"fall_Communities"
"WDW","YWD",16,4,FALSE,"fall_Communities"
"STT","YWD",17,4,FALSE,"fall_Communities"
"SGB","YWD",17,4,FALSE,"fall_Communities"
"RGT","YWD",17,4,FALSE,"fall_Communities"
"YPW","YWD",17,4,FALSE,"fall_Communities"
"RTT","YWD",18,4,FALSE,"fall_Communities"
"WYD","YWD",18,4,FALSE,"fall_Communities"
"CRY","YWD",18,4,FALSE,"fall_Communities"
"GDD (was GDR)","YWD",18,4,FALSE,"fall_Communities"
"WDG","YWD",18,4,FALSE,"fall_Communities"
"GTR","YWD",18,4,FALSE,"fall_Communities"
"CGN","WBT",1,4,FALSE,"fall_Communities"
"RRY","WBT",2,4,FALSE,"fall_Communities"
"SDO","WBT",2,4,FALSE,"fall_Communities"
"RRR","WBT",2,4,FALSE,"fall_Communities"
"RRD","WBT",2,4,FALSE,"fall_Communities"
"SWT","WBT",2,4,FALSE,"fall_Communities"
"SYO","WBT",3,4,FALSE,"fall_Communities"
"GOS","WBT",3,4,FALSE,"fall_Communities"
"RSD","WBT",3,4,FALSE,"fall_Communities"
"SYT","WBT",3,4,FALSE,"fall_Communities"
"PBWorPWB","WBT",3,4,FALSE,"fall_Communities"
"SWB","WBT",3,4,FALSE,"fall_Communities"
"RBT","WBT",3,4,FALSE,"fall_Communities"
"SYR","WBT",3,4,FALSE,"fall_Communities"
"RBP","WBT",3,4,FALSE,"fall_Communities"
"PNW","WBT",5,4,FALSE,"fall_Communities"
"SOT","WBT",5,4,FALSE,"fall_Communities"
"PLS","WBT",6,4,FALSE,"fall_Communities"
"RTP","WBT",6,4,FALSE,"fall_Communities"
"SOG","WBT",5,4,FALSE,"fall_Communities"
"GBO (was GPT)","WBT",7,4,FALSE,"fall_Communities"
"GDW (wasGYW)","WBT",11,4,FALSE,"fall_Communities"
"PND","WBT",11,4,FALSE,"fall_Communities"
"PNG","WBT",11,4,FALSE,"fall_Communities"
"PNP","WBT",11,4,FALSE,"fall_Communities"
"ROO","WBT",12,4,FALSE,"fall_Communities"
"RLB","WBT",13,4,FALSE,"fall_Communities"
"ROY","WBT",15,4,FALSE,"fall_Communities"
"WBO","WBT",15,4,FALSE,"fall_Communities"
"ROR","WBT",15,4,FALSE,"fall_Communities"
"SWS","WBT",15,4,FALSE,"fall_Communities"
"GDO","WBT",14,4,FALSE,"fall_Communities"
"PBS","WBT",14,4,FALSE,"fall_Communities"
"PNL","WBT",14,4,FALSE,"fall_Communities"
"PBP (was PBB)","WBT",14,4,FALSE,"fall_Communities"
"SRP","WBT",16,4,FALSE,"fall_Communities"
"GNT","WBT",16,4,FALSE,"fall_Communities"
"STT","WBT",17,4,FALSE,"fall_Communities"
"SGB","WBT",17,4,FALSE,"fall_Communities"
"RGT","WBT",17,4,FALSE,"fall_Communities"
"RTT","WBT",18,4,FALSE,"fall_Communities"
"CRY","WBT",18,4,FALSE,"fall_Communities"
"GDD (was GDR)","WBT",18,4,FALSE,"fall_Communities"
"GTR","WBT",18,4,FALSE,"fall_Communities"
"CGN","PNW",1,5,FALSE,"fall_Communities"
"GOS","PNW",3,5,FALSE,"fall_Communities"
"PBWorPWB","PNW",3,5,FALSE,"fall_Communities"
"PLS","PNW",6,5,FALSE,"fall_Communities"
"GBO (was GPT)","PNW",7,5,FALSE,"fall_Communities"
"GDW (wasGYW)","PNW",11,5,FALSE,"fall_Communities"
"PND","PNW",11,5,FALSE,"fall_Communities"
"PNG","PNW",11,5,FALSE,"fall_Communities"
"PNP","PNW",11,5,FALSE,"fall_Communities"
"GDO","PNW",14,5,FALSE,"fall_Communities"
"PBS","PNW",14,5,FALSE,"fall_Communities"
"PNL","PNW",14,5,FALSE,"fall_Communities"
"PBP (was PBB)","PNW",14,5,FALSE,"fall_Communities"
"GNT","PNW",16,5,FALSE,"fall_Communities"
"CRY","PNW",18,5,FALSE,"fall_Communities"
"GDD (was GDR)","PNW",18,5,FALSE,"fall_Communities"
"GTR","PNW",18,5,FALSE,"fall_Communities"
"CGN","YDP",1,5,FALSE,"fall_Communities"
"RRY","YDP",2,5,FALSE,"fall_Communities"
"SDO","YDP",2,5,FALSE,"fall_Communities"
"RRR","YDP",2,5,FALSE,"fall_Communities"
"RRD","YDP",2,5,FALSE,"fall_Communities"
"SWT","YDP",2,5,FALSE,"fall_Communities"
"SYO","YDP",3,5,FALSE,"fall_Communities"
"GOS","YDP",3,5,FALSE,"fall_Communities"
"RSD","YDP",3,5,FALSE,"fall_Communities"
"SYT","YDP",3,5,FALSE,"fall_Communities"
"PBWorPWB","YDP",3,5,FALSE,"fall_Communities"
"SWB","YDP",3,5,FALSE,"fall_Communities"
"RBT","YDP",3,5,FALSE,"fall_Communities"
"SYR","YDP",3,5,FALSE,"fall_Communities"
"RBP","YDP",3,5,FALSE,"fall_Communities"
"WBT","YDP",4,5,FALSE,"fall_Communities"
"PNW","YDP",5,5,TRUE,"fall_Communities"
"SOT","YDP",5,5,TRUE,"fall_Communities"
"PLS","YDP",6,5,FALSE,"fall_Communities"
"RTP","YDP",6,5,FALSE,"fall_Communities"
"SOG","YDP",5,5,TRUE,"fall_Communities"
"YBN","YDP",7,5,FALSE,"fall_Communities"
"WOG","YDP",7,5,FALSE,"fall_Communities"
"WSY","YDP",7,5,FALSE,"fall_Communities"
"YDD","YDP",9,5,FALSE,"fall_Communities"
"WWB","YDP",7,5,FALSE,"fall_Communities"
"GBO (was GPT)","YDP",7,5,FALSE,"fall_Communities"
"GDW (wasGYW)","YDP",11,5,FALSE,"fall_Communities"
"PND","YDP",11,5,FALSE,"fall_Communities"
"PNG","YDP",11,5,FALSE,"fall_Communities"
"PNP","YDP",11,5,FALSE,"fall_Communities"
"ROO","YDP",12,5,FALSE,"fall_Communities"
"RLB","YDP",13,5,FALSE,"fall_Communities"
"YBT","YDP",14,5,FALSE,"fall_Communities"
"ROY","YDP",15,5,FALSE,"fall_Communities"
"WBO","YDP",15,5,FALSE,"fall_Communities"
"ROR","YDP",15,5,FALSE,"fall_Communities"
"YBY","YDP",14,5,FALSE,"fall_Communities"
"SWS","YDP",15,5,FALSE,"fall_Communities"
"GDO","YDP",14,5,FALSE,"fall_Communities"
"PBS","YDP",14,5,FALSE,"fall_Communities"
"PNL","YDP",14,5,FALSE,"fall_Communities"
"PBP (was PBB)","YDP",14,5,FALSE,"fall_Communities"
"WWD","YDP",16,5,FALSE,"fall_Communities"
"SRP","YDP",16,5,FALSE,"fall_Communities"
"GNT","YDP",16,5,FALSE,"fall_Communities"
"WDN","YDP",16,5,FALSE,"fall_Communities"
"WDW","YDP",16,5,FALSE,"fall_Communities"
"STT","YDP",17,5,FALSE,"fall_Communities"
"SGB","YDP",17,5,FALSE,"fall_Communities"
"RGT","YDP",17,5,FALSE,"fall_Communities"
"RTT","YDP",18,5,FALSE,"fall_Communities"
"WYD","YDP",18,5,FALSE,"fall_Communities"
"CRY","YDP",18,5,FALSE,"fall_Communities"
"GDD (was GDR)","YDP",18,5,FALSE,"fall_Communities"
"WDG","YDP",18,5,FALSE,"fall_Communities"
"GTR","YDP",18,5,FALSE,"fall_Communities"
"CGN","SOT",1,5,FALSE,"fall_Communities"
"RRY","SOT",2,5,FALSE,"fall_Communities"
"SDO","SOT",2,5,FALSE,"fall_Communities"
"RRR","SOT",2,5,FALSE,"fall_Communities"
"RRD","SOT",2,5,FALSE,"fall_Communities"
"GOS","SOT",3,5,FALSE,"fall_Communities"
"RSD","SOT",3,5,FALSE,"fall_Communities"
"PBWorPWB","SOT",3,5,FALSE,"fall_Communities"
"RBT","SOT",3,5,FALSE,"fall_Communities"
"RBP","SOT",3,5,FALSE,"fall_Communities"
"PNW","SOT",5,5,TRUE,"fall_Communities"
"PLS","SOT",6,5,FALSE,"fall_Communities"
"RTP","SOT",6,5,FALSE,"fall_Communities"
"SOG","SOT",5,5,TRUE,"fall_Communities"
"GBO (was GPT)","SOT",7,5,FALSE,"fall_Communities"
"GDW (wasGYW)","SOT",11,5,FALSE,"fall_Communities"
"PND","SOT",11,5,FALSE,"fall_Communities"
"PNG","SOT",11,5,FALSE,"fall_Communities"
"PNP","SOT",11,5,FALSE,"fall_Communities"
"ROO","SOT",12,5,FALSE,"fall_Communities"
"RLB","SOT",13,5,FALSE,"fall_Communities"
"ROY","SOT",15,5,FALSE,"fall_Communities"
"ROR","SOT",15,5,FALSE,"fall_Communities"
"GDO","SOT",14,5,FALSE,"fall_Communities"
"PBS","SOT",14,5,FALSE,"fall_Communities"
"PNL","SOT",14,5,FALSE,"fall_Communities"
"PBP (was PBB)","SOT",14,5,FALSE,"fall_Communities"
"GNT","SOT",16,5,FALSE,"fall_Communities"
"SGB","SOT",17,5,FALSE,"fall_Communities"
"RGT","SOT",17,5,FALSE,"fall_Communities"
"RTT","SOT",18,5,FALSE,"fall_Communities"
"CRY","SOT",18,5,FALSE,"fall_Communities"
"GDD (was GDR)","SOT",18,5,FALSE,"fall_Communities"
"GTR","SOT",18,5,FALSE,"fall_Communities"
"CGN","PLS",1,6,FALSE,"fall_Communities"
"GOS","PLS",3,6,FALSE,"fall_Communities"
"PBWorPWB","PLS",3,6,FALSE,"fall_Communities"
"GBO (was GPT)","PLS",7,6,FALSE,"fall_Communities"
"GDW (wasGYW)","PLS",11,6,FALSE,"fall_Communities"
"GDO","PLS",14,6,FALSE,"fall_Communities"
"PBS","PLS",14,6,FALSE,"fall_Communities"
"PBP (was PBB)","PLS",14,6,FALSE,"fall_Communities"
"GNT","PLS",16,6,FALSE,"fall_Communities"
"CRY","PLS",18,6,FALSE,"fall_Communities"
"GDD (was GDR)","PLS",18,6,FALSE,"fall_Communities"
"GTR","PLS",18,6,FALSE,"fall_Communities"
"CGN","YPS",1,6,FALSE,"fall_Communities"
"RRY","YPS",2,6,FALSE,"fall_Communities"
"SDO","YPS",2,6,FALSE,"fall_Communities"
"RRR","YPS",2,6,FALSE,"fall_Communities"
"RRD","YPS",2,6,FALSE,"fall_Communities"
"SWT","YPS",2,6,FALSE,"fall_Communities"
"SYO","YPS",3,6,FALSE,"fall_Communities"
"GOS","YPS",3,6,FALSE,"fall_Communities"
"RSD","YPS",3,6,FALSE,"fall_Communities"
"SYT","YPS",3,6,FALSE,"fall_Communities"
"PBWorPWB","YPS",3,6,FALSE,"fall_Communities"
"SWB","YPS",3,6,FALSE,"fall_Communities"
"RBT","YPS",3,6,FALSE,"fall_Communities"
"SYR","YPS",3,6,FALSE,"fall_Communities"
"RBP","YPS",3,6,FALSE,"fall_Communities"
"WBT","YPS",4,6,FALSE,"fall_Communities"
"PNW","YPS",5,6,FALSE,"fall_Communities"
"YDP","YPS",5,6,FALSE,"fall_Communities"
"SOT","YPS",5,6,FALSE,"fall_Communities"
"PLS","YPS",6,6,TRUE,"fall_Communities"
"RTP","YPS",6,6,TRUE,"fall_Communities"
"SOG","YPS",5,6,FALSE,"fall_Communities"
"YBN","YPS",7,6,FALSE,"fall_Communities"
"WOG","YPS",7,6,FALSE,"fall_Communities"
"YDT","YPS",8,6,FALSE,"fall_Communities"
"WSY","YPS",7,6,FALSE,"fall_Communities"
"YDD","YPS",9,6,FALSE,"fall_Communities"
"WWB","YPS",7,6,FALSE,"fall_Communities"
"YGD","YPS",7,6,FALSE,"fall_Communities"
"YDW","YPS",7,6,FALSE,"fall_Communities"
"GBO (was GPT)","YPS",7,6,FALSE,"fall_Communities"
"GDW (wasGYW)","YPS",11,6,FALSE,"fall_Communities"
"PND","YPS",11,6,FALSE,"fall_Communities"
"PNG","YPS",11,6,FALSE,"fall_Communities"
"PNP","YPS",11,6,FALSE,"fall_Communities"
"YOP","YPS",12,6,FALSE,"fall_Communities"
"ROO","YPS",12,6,FALSE,"fall_Communities"
"RLB","YPS",13,6,FALSE,"fall_Communities"
"YBT","YPS",14,6,FALSE,"fall_Communities"
"ROY","YPS",15,6,FALSE,"fall_Communities"
"WBO","YPS",15,6,FALSE,"fall_Communities"
"ROR","YPS",15,6,FALSE,"fall_Communities"
"YBY","YPS",14,6,FALSE,"fall_Communities"
"SWS","YPS",15,6,FALSE,"fall_Communities"
"YGY","YPS",14,6,FALSE,"fall_Communities"
"YND","YPS",14,6,FALSE,"fall_Communities"
"GDO","YPS",14,6,FALSE,"fall_Communities"
"PBS","YPS",14,6,FALSE,"fall_Communities"
"PNL","YPS",14,6,FALSE,"fall_Communities"
"PBP (was PBB)","YPS",14,6,FALSE,"fall_Communities"
"WWD","YPS",16,6,FALSE,"fall_Communities"
"SRP","YPS",16,6,FALSE,"fall_Communities"
"GNT","YPS",16,6,FALSE,"fall_Communities"
"WDN","YPS",16,6,FALSE,"fall_Communities"
"WDW","YPS",16,6,FALSE,"fall_Communities"
"STT","YPS",17,6,FALSE,"fall_Communities"
"SGB","YPS",17,6,FALSE,"fall_Communities"
"RGT","YPS",17,6,FALSE,"fall_Communities"
"RTT","YPS",18,6,FALSE,"fall_Communities"
"WYD","YPS",18,6,FALSE,"fall_Communities"
"CRY","YPS",18,6,FALSE,"fall_Communities"
"GDD (was GDR)","YPS",18,6,FALSE,"fall_Communities"
"WDG","YPS",18,6,FALSE,"fall_Communities"
"GTR","YPS",18,6,FALSE,"fall_Communities"
"CGN","RTP",1,6,FALSE,"fall_Communities"
"RRY","RTP",2,6,FALSE,"fall_Communities"
"RRR","RTP",2,6,FALSE,"fall_Communities"
"RRD","RTP",2,6,FALSE,"fall_Communities"
"GOS","RTP",3,6,FALSE,"fall_Communities"
"RSD","RTP",3,6,FALSE,"fall_Communities"
"PBWorPWB","RTP",3,6,FALSE,"fall_Communities"
"RBT","RTP",3,6,FALSE,"fall_Communities"
"RBP","RTP",3,6,FALSE,"fall_Communities"
"PNW","RTP",5,6,FALSE,"fall_Communities"
"PLS","RTP",6,6,TRUE,"fall_Communities"
"GBO (was GPT)","RTP",7,6,FALSE,"fall_Communities"
"GDW (wasGYW)","RTP",11,6,FALSE,"fall_Communities"
"PND","RTP",11,6,FALSE,"fall_Communities"
"PNG","RTP",11,6,FALSE,"fall_Communities"
"PNP","RTP",11,6,FALSE,"fall_Communities"
"ROO","RTP",12,6,FALSE,"fall_Communities"
"RLB","RTP",13,6,FALSE,"fall_Communities"
"ROY","RTP",15,6,FALSE,"fall_Communities"
"ROR","RTP",15,6,FALSE,"fall_Communities"
"GDO","RTP",14,6,FALSE,"fall_Communities"
"PBS","RTP",14,6,FALSE,"fall_Communities"
"PNL","RTP",14,6,FALSE,"fall_Communities"
"PBP (was PBB)","RTP",14,6,FALSE,"fall_Communities"
"GNT","RTP",16,6,FALSE,"fall_Communities"
"RGT","RTP",17,6,FALSE,"fall_Communities"
"CRY","RTP",18,6,FALSE,"fall_Communities"
"GDD (was GDR)","RTP",18,6,FALSE,"fall_Communities"
"GTR","RTP",18,6,FALSE,"fall_Communities"
"CGN","SOG",1,5,FALSE,"fall_Communities"
"RRY","SOG",2,5,FALSE,"fall_Communities"
"SDO","SOG",2,5,FALSE,"fall_Communities"
"RRR","SOG",2,5,FALSE,"fall_Communities"
"RRD","SOG",2,5,FALSE,"fall_Communities"
"GOS","SOG",3,5,FALSE,"fall_Communities"
"RSD","SOG",3,5,FALSE,"fall_Communities"
"PBWorPWB","SOG",3,5,FALSE,"fall_Communities"
"RBT","SOG",3,5,FALSE,"fall_Communities"
"RBP","SOG",3,5,FALSE,"fall_Communities"
"PNW","SOG",5,5,TRUE,"fall_Communities"
"PLS","SOG",6,5,FALSE,"fall_Communities"
"RTP","SOG",6,5,FALSE,"fall_Communities"
"GBO (was GPT)","SOG",7,5,FALSE,"fall_Communities"
"GDW (wasGYW)","SOG",11,5,FALSE,"fall_Communities"
"PND","SOG",11,5,FALSE,"fall_Communities"
"PNG","SOG",11,5,FALSE,"fall_Communities"
"PNP","SOG",11,5,FALSE,"fall_Communities"
"ROO","SOG",12,5,FALSE,"fall_Communities"
"RLB","SOG",13,5,FALSE,"fall_Communities"
"ROY","SOG",15,5,FALSE,"fall_Communities"
"ROR","SOG",15,5,FALSE,"fall_Communities"
"GDO","SOG",14,5,FALSE,"fall_Communities"
"PBS","SOG",14,5,FALSE,"fall_Communities"
"PNL","SOG",14,5,FALSE,"fall_Communities"
"PBP (was PBB)","SOG",14,5,FALSE,"fall_Communities"
"GNT","SOG",16,5,FALSE,"fall_Communities"
"SGB","SOG",17,5,FALSE,"fall_Communities"
"RGT","SOG",17,5,FALSE,"fall_Communities"
"RTT","SOG",18,5,FALSE,"fall_Communities"
"CRY","SOG",18,5,FALSE,"fall_Communities"
"GDD (was GDR)","SOG",18,5,FALSE,"fall_Communities"
"GTR","SOG",18,5,FALSE,"fall_Communities"
"CGN","YBN",1,7,FALSE,"fall_Communities"
"RRY","YBN",2,7,FALSE,"fall_Communities"
"SDO","YBN",2,7,FALSE,"fall_Communities"
"RRR","YBN",2,7,FALSE,"fall_Communities"
"RRD","YBN",2,7,FALSE,"fall_Communities"
"SWT","YBN",2,7,FALSE,"fall_Communities"
"SYO","YBN",3,7,FALSE,"fall_Communities"
"GOS","YBN",3,7,FALSE,"fall_Communities"
"RSD","YBN",3,7,FALSE,"fall_Communities"
"SYT","YBN",3,7,FALSE,"fall_Communities"
"PBWorPWB","YBN",3,7,FALSE,"fall_Communities"
"SWB","YBN",3,7,FALSE,"fall_Communities"
"RBT","YBN",3,7,FALSE,"fall_Communities"
"SYR","YBN",3,7,FALSE,"fall_Communities"
"RBP","YBN",3,7,FALSE,"fall_Communities"
"WBT","YBN",4,7,FALSE,"fall_Communities"
"PNW","YBN",5,7,FALSE,"fall_Communities"
"SOT","YBN",5,7,FALSE,"fall_Communities"
"PLS","YBN",6,7,FALSE,"fall_Communities"
"RTP","YBN",6,7,FALSE,"fall_Communities"
"SOG","YBN",5,7,FALSE,"fall_Communities"
"WOG","YBN",7,7,TRUE,"fall_Communities"
"WSY","YBN",7,7,TRUE,"fall_Communities"
"WWB","YBN",7,7,TRUE,"fall_Communities"
"GBO (was GPT)","YBN",7,7,TRUE,"fall_Communities"
"GDW (wasGYW)","YBN",11,7,FALSE,"fall_Communities"
"PND","YBN",11,7,FALSE,"fall_Communities"
"PNG","YBN",11,7,FALSE,"fall_Communities"
"PNP","YBN",11,7,FALSE,"fall_Communities"
"ROO","YBN",12,7,FALSE,"fall_Communities"
"RLB","YBN",13,7,FALSE,"fall_Communities"
"ROY","YBN",15,7,FALSE,"fall_Communities"
"WBO","YBN",15,7,FALSE,"fall_Communities"
"ROR","YBN",15,7,FALSE,"fall_Communities"
"SWS","YBN",15,7,FALSE,"fall_Communities"
"GDO","YBN",14,7,FALSE,"fall_Communities"
"PBS","YBN",14,7,FALSE,"fall_Communities"
"PNL","YBN",14,7,FALSE,"fall_Communities"
"PBP (was PBB)","YBN",14,7,FALSE,"fall_Communities"
"WWD","YBN",16,7,FALSE,"fall_Communities"
"SRP","YBN",16,7,FALSE,"fall_Communities"
"GNT","YBN",16,7,FALSE,"fall_Communities"
"WDN","YBN",16,7,FALSE,"fall_Communities"
"WDW","YBN",16,7,FALSE,"fall_Communities"
"STT","YBN",17,7,FALSE,"fall_Communities"
"SGB","YBN",17,7,FALSE,"fall_Communities"
"RGT","YBN",17,7,FALSE,"fall_Communities"
"RTT","YBN",18,7,FALSE,"fall_Communities"
"WYD","YBN",18,7,FALSE,"fall_Communities"
"CRY","YBN",18,7,FALSE,"fall_Communities"
"GDD (was GDR)","YBN",18,7,FALSE,"fall_Communities"
"WDG","YBN",18,7,FALSE,"fall_Communities"
"GTR","YBN",18,7,FALSE,"fall_Communities"
"CGN","WOG",1,7,FALSE,"fall_Communities"
"RRY","WOG",2,7,FALSE,"fall_Communities"
"SDO","WOG",2,7,FALSE,"fall_Communities"
"RRR","WOG",2,7,FALSE,"fall_Communities"
"RRD","WOG",2,7,FALSE,"fall_Communities"
"SWT","WOG",2,7,FALSE,"fall_Communities"
"SYO","WOG",3,7,FALSE,"fall_Communities"
"GOS","WOG",3,7,FALSE,"fall_Communities"
"RSD","WOG",3,7,FALSE,"fall_Communities"
"SYT","WOG",3,7,FALSE,"fall_Communities"
"PBWorPWB","WOG",3,7,FALSE,"fall_Communities"
"SWB","WOG",3,7,FALSE,"fall_Communities"
"RBT","WOG",3,7,FALSE,"fall_Communities"
"SYR","WOG",3,7,FALSE,"fall_Communities"
"RBP","WOG",3,7,FALSE,"fall_Communities"
"WBT","WOG",4,7,FALSE,"fall_Communities"
"PNW","WOG",5,7,FALSE,"fall_Communities"
"SOT","WOG",5,7,FALSE,"fall_Communities"
"PLS","WOG",6,7,FALSE,"fall_Communities"
"RTP","WOG",6,7,FALSE,"fall_Communities"
"SOG","WOG",5,7,FALSE,"fall_Communities"
"GBO (was GPT)","WOG",7,7,TRUE,"fall_Communities"
"GDW (wasGYW)","WOG",11,7,FALSE,"fall_Communities"
"PND","WOG",11,7,FALSE,"fall_Communities"
"PNG","WOG",11,7,FALSE,"fall_Communities"
"PNP","WOG",11,7,FALSE,"fall_Communities"
"ROO","WOG",12,7,FALSE,"fall_Communities"
"RLB","WOG",13,7,FALSE,"fall_Communities"
"ROY","WOG",15,7,FALSE,"fall_Communities"
"WBO","WOG",15,7,FALSE,"fall_Communities"
"ROR","WOG",15,7,FALSE,"fall_Communities"
"SWS","WOG",15,7,FALSE,"fall_Communities"
"GDO","WOG",14,7,FALSE,"fall_Communities"
"PBS","WOG",14,7,FALSE,"fall_Communities"
"PNL","WOG",14,7,FALSE,"fall_Communities"
"PBP (was PBB)","WOG",14,7,FALSE,"fall_Communities"
"SRP","WOG",16,7,FALSE,"fall_Communities"
"GNT","WOG",16,7,FALSE,"fall_Communities"
"WDN","WOG",16,7,FALSE,"fall_Communities"
"WDW","WOG",16,7,FALSE,"fall_Communities"
"STT","WOG",17,7,FALSE,"fall_Communities"
"SGB","WOG",17,7,FALSE,"fall_Communities"
"RGT","WOG",17,7,FALSE,"fall_Communities"
"RTT","WOG",18,7,FALSE,"fall_Communities"
"CRY","WOG",18,7,FALSE,"fall_Communities"
"GDD (was GDR)","WOG",18,7,FALSE,"fall_Communities"
"WDG","WOG",18,7,FALSE,"fall_Communities"
"GTR","WOG",18,7,FALSE,"fall_Communities"
"CGN","YWS",1,8,FALSE,"fall_Communities"
"RRY","YWS",2,8,FALSE,"fall_Communities"
"SDO","YWS",2,8,FALSE,"fall_Communities"
"RRR","YWS",2,8,FALSE,"fall_Communities"
"RRD","YWS",2,8,FALSE,"fall_Communities"
"SWT","YWS",2,8,FALSE,"fall_Communities"
"SYO","YWS",3,8,FALSE,"fall_Communities"
"GOS","YWS",3,8,FALSE,"fall_Communities"
"RSD","YWS",3,8,FALSE,"fall_Communities"
"SYT","YWS",3,8,FALSE,"fall_Communities"
"PBWorPWB","YWS",3,8,FALSE,"fall_Communities"
"SWB","YWS",3,8,FALSE,"fall_Communities"
"RBT","YWS",3,8,FALSE,"fall_Communities"
"SYR","YWS",3,8,FALSE,"fall_Communities"
"RBP","YWS",3,8,FALSE,"fall_Communities"
"YWD","YWS",4,8,FALSE,"fall_Communities"
"WBT","YWS",4,8,FALSE,"fall_Communities"
"PNW","YWS",5,8,FALSE,"fall_Communities"
"YDP","YWS",5,8,FALSE,"fall_Communities"
"SOT","YWS",5,8,FALSE,"fall_Communities"
"PLS","YWS",6,8,FALSE,"fall_Communities"
"YPS","YWS",6,8,FALSE,"fall_Communities"
"RTP","YWS",6,8,FALSE,"fall_Communities"
"SOG","YWS",5,8,FALSE,"fall_Communities"
"YBN","YWS",7,8,FALSE,"fall_Communities"
"WOG","YWS",7,8,FALSE,"fall_Communities"
"YDT","YWS",8,8,TRUE,"fall_Communities"
"WSY","YWS",7,8,FALSE,"fall_Communities"
"YDD","YWS",9,8,FALSE,"fall_Communities"
"WWB","YWS",7,8,FALSE,"fall_Communities"
"YGD","YWS",7,8,FALSE,"fall_Communities"
"YDW","YWS",7,8,FALSE,"fall_Communities"
"GBO (was GPT)","YWS",7,8,FALSE,"fall_Communities"
"YSR","YWS",10,8,FALSE,"fall_Communities"
"GDW (wasGYW)","YWS",11,8,FALSE,"fall_Communities"
"PND","YWS",11,8,FALSE,"fall_Communities"
"PNG","YWS",11,8,FALSE,"fall_Communities"
"PNP","YWS",11,8,FALSE,"fall_Communities"
"YOP","YWS",12,8,FALSE,"fall_Communities"
"ROO","YWS",12,8,FALSE,"fall_Communities"
"RLB","YWS",13,8,FALSE,"fall_Communities"
"YBT","YWS",14,8,FALSE,"fall_Communities"
"ROY","YWS",15,8,FALSE,"fall_Communities"
"WBO","YWS",15,8,FALSE,"fall_Communities"
"ROR","YWS",15,8,FALSE,"fall_Communities"
"YBY","YWS",14,8,FALSE,"fall_Communities"
"SWS","YWS",15,8,FALSE,"fall_Communities"
"YGY","YWS",14,8,FALSE,"fall_Communities"
"YND","YWS",14,8,FALSE,"fall_Communities"
"GDO","YWS",14,8,FALSE,"fall_Communities"
"PBS","YWS",14,8,FALSE,"fall_Communities"
"PNL","YWS",14,8,FALSE,"fall_Communities"
"PBP (was PBB)","YWS",14,8,FALSE,"fall_Communities"
"WWD","YWS",16,8,FALSE,"fall_Communities"
"SRP","YWS",16,8,FALSE,"fall_Communities"
"GNT","YWS",16,8,FALSE,"fall_Communities"
"WDN","YWS",16,8,FALSE,"fall_Communities"
"WDW","YWS",16,8,FALSE,"fall_Communities"
"STT","YWS",17,8,FALSE,"fall_Communities"
"SGB","YWS",17,8,FALSE,"fall_Communities"
"RGT","YWS",17,8,FALSE,"fall_Communities"
"YPW","YWS",17,8,FALSE,"fall_Communities"
"RTT","YWS",18,8,FALSE,"fall_Communities"
"WYD","YWS",18,8,FALSE,"fall_Communities"
"CRY","YWS",18,8,FALSE,"fall_Communities"
"GDD (was GDR)","YWS",18,8,FALSE,"fall_Communities"
"WDG","YWS",18,8,FALSE,"fall_Communities"
"GTR","YWS",18,8,FALSE,"fall_Communities"
"CGN","YDT",1,8,FALSE,"fall_Communities"
"RRY","YDT",2,8,FALSE,"fall_Communities"
"SDO","YDT",2,8,FALSE,"fall_Communities"
"RRR","YDT",2,8,FALSE,"fall_Communities"
"RRD","YDT",2,8,FALSE,"fall_Communities"
"SWT","YDT",2,8,FALSE,"fall_Communities"
"SYO","YDT",3,8,FALSE,"fall_Communities"
"GOS","YDT",3,8,FALSE,"fall_Communities"
"RSD","YDT",3,8,FALSE,"fall_Communities"
"SYT","YDT",3,8,FALSE,"fall_Communities"
"PBWorPWB","YDT",3,8,FALSE,"fall_Communities"
"SWB","YDT",3,8,FALSE,"fall_Communities"
"RBT","YDT",3,8,FALSE,"fall_Communities"
"SYR","YDT",3,8,FALSE,"fall_Communities"
"RBP","YDT",3,8,FALSE,"fall_Communities"
"WBT","YDT",4,8,FALSE,"fall_Communities"
"PNW","YDT",5,8,FALSE,"fall_Communities"
"YDP","YDT",5,8,FALSE,"fall_Communities"
"SOT","YDT",5,8,FALSE,"fall_Communities"
"PLS","YDT",6,8,FALSE,"fall_Communities"
"RTP","YDT",6,8,FALSE,"fall_Communities"
"SOG","YDT",5,8,FALSE,"fall_Communities"
"YBN","YDT",7,8,FALSE,"fall_Communities"
"WOG","YDT",7,8,FALSE,"fall_Communities"
"WSY","YDT",7,8,FALSE,"fall_Communities"
"YDD","YDT",9,8,FALSE,"fall_Communities"
"WWB","YDT",7,8,FALSE,"fall_Communities"
"GBO (was GPT)","YDT",7,8,FALSE,"fall_Communities"
"GDW (wasGYW)","YDT",11,8,FALSE,"fall_Communities"
"PND","YDT",11,8,FALSE,"fall_Communities"
"PNG","YDT",11,8,FALSE,"fall_Communities"
"PNP","YDT",11,8,FALSE,"fall_Communities"
"ROO","YDT",12,8,FALSE,"fall_Communities"
"RLB","YDT",13,8,FALSE,"fall_Communities"
"YBT","YDT",14,8,FALSE,"fall_Communities"
"ROY","YDT",15,8,FALSE,"fall_Communities"
"WBO","YDT",15,8,FALSE,"fall_Communities"
"ROR","YDT",15,8,FALSE,"fall_Communities"
"YBY","YDT",14,8,FALSE,"fall_Communities"
"SWS","YDT",15,8,FALSE,"fall_Communities"
"GDO","YDT",14,8,FALSE,"fall_Communities"
"PBS","YDT",14,8,FALSE,"fall_Communities"
"PNL","YDT",14,8,FALSE,"fall_Communities"
"PBP (was PBB)","YDT",14,8,FALSE,"fall_Communities"
"WWD","YDT",16,8,FALSE,"fall_Communities"
"SRP","YDT",16,8,FALSE,"fall_Communities"
"GNT","YDT",16,8,FALSE,"fall_Communities"
"WDN","YDT",16,8,FALSE,"fall_Communities"
"WDW","YDT",16,8,FALSE,"fall_Communities"
"STT","YDT",17,8,FALSE,"fall_Communities"
"SGB","YDT",17,8,FALSE,"fall_Communities"
"RGT","YDT",17,8,FALSE,"fall_Communities"
"RTT","YDT",18,8,FALSE,"fall_Communities"
"WYD","YDT",18,8,FALSE,"fall_Communities"
"CRY","YDT",18,8,FALSE,"fall_Communities"
"GDD (was GDR)","YDT",18,8,FALSE,"fall_Communities"
"WDG","YDT",18,8,FALSE,"fall_Communities"
"GTR","YDT",18,8,FALSE,"fall_Communities"
"CGN","WSY",1,7,FALSE,"fall_Communities"
"RRY","WSY",2,7,FALSE,"fall_Communities"
"SDO","WSY",2,7,FALSE,"fall_Communities"
"RRR","WSY",2,7,FALSE,"fall_Communities"
"RRD","WSY",2,7,FALSE,"fall_Communities"
"SWT","WSY",2,7,FALSE,"fall_Communities"
"SYO","WSY",3,7,FALSE,"fall_Communities"
"GOS","WSY",3,7,FALSE,"fall_Communities"
"RSD","WSY",3,7,FALSE,"fall_Communities"
"SYT","WSY",3,7,FALSE,"fall_Communities"
"PBWorPWB","WSY",3,7,FALSE,"fall_Communities"
"SWB","WSY",3,7,FALSE,"fall_Communities"
"RBT","WSY",3,7,FALSE,"fall_Communities"
"SYR","WSY",3,7,FALSE,"fall_Communities"
"RBP","WSY",3,7,FALSE,"fall_Communities"
"WBT","WSY",4,7,FALSE,"fall_Communities"
"PNW","WSY",5,7,FALSE,"fall_Communities"
"SOT","WSY",5,7,FALSE,"fall_Communities"
"PLS","WSY",6,7,FALSE,"fall_Communities"
"RTP","WSY",6,7,FALSE,"fall_Communities"
"SOG","WSY",5,7,FALSE,"fall_Communities"
"WOG","WSY",7,7,TRUE,"fall_Communities"
"GBO (was GPT)","WSY",7,7,TRUE,"fall_Communities"
"GDW (wasGYW)","WSY",11,7,FALSE,"fall_Communities"
"PND","WSY",11,7,FALSE,"fall_Communities"
"PNG","WSY",11,7,FALSE,"fall_Communities"
"PNP","WSY",11,7,FALSE,"fall_Communities"
"ROO","WSY",12,7,FALSE,"fall_Communities"
"RLB","WSY",13,7,FALSE,"fall_Communities"
"ROY","WSY",15,7,FALSE,"fall_Communities"
"WBO","WSY",15,7,FALSE,"fall_Communities"
"ROR","WSY",15,7,FALSE,"fall_Communities"
"SWS","WSY",15,7,FALSE,"fall_Communities"
"GDO","WSY",14,7,FALSE,"fall_Communities"
"PBS","WSY",14,7,FALSE,"fall_Communities"
"PNL","WSY",14,7,FALSE,"fall_Communities"
"PBP (was PBB)","WSY",14,7,FALSE,"fall_Communities"
"SRP","WSY",16,7,FALSE,"fall_Communities"
"GNT","WSY",16,7,FALSE,"fall_Communities"
"WDN","WSY",16,7,FALSE,"fall_Communities"
"WDW","WSY",16,7,FALSE,"fall_Communities"
"STT","WSY",17,7,FALSE,"fall_Communities"
"SGB","WSY",17,7,FALSE,"fall_Communities"
"RGT","WSY",17,7,FALSE,"fall_Communities"
"RTT","WSY",18,7,FALSE,"fall_Communities"
"CRY","WSY",18,7,FALSE,"fall_Communities"
"GDD (was GDR)","WSY",18,7,FALSE,"fall_Communities"
"WDG","WSY",18,7,FALSE,"fall_Communities"
"GTR","WSY",18,7,FALSE,"fall_Communities"
"CGN","YDD",1,9,FALSE,"fall_Communities"
"RRY","YDD",2,9,FALSE,"fall_Communities"
"SDO","YDD",2,9,FALSE,"fall_Communities"
"RRR","YDD",2,9,FALSE,"fall_Communities"
"RRD","YDD",2,9,FALSE,"fall_Communities"
"SWT","YDD",2,9,FALSE,"fall_Communities"
"SYO","YDD",3,9,FALSE,"fall_Communities"
"GOS","YDD",3,9,FALSE,"fall_Communities"
"RSD","YDD",3,9,FALSE,"fall_Communities"
"SYT","YDD",3,9,FALSE,"fall_Communities"
"PBWorPWB","YDD",3,9,FALSE,"fall_Communities"
"SWB","YDD",3,9,FALSE,"fall_Communities"
"RBT","YDD",3,9,FALSE,"fall_Communities"
"SYR","YDD",3,9,FALSE,"fall_Communities"
"RBP","YDD",3,9,FALSE,"fall_Communities"
"WBT","YDD",4,9,FALSE,"fall_Communities"
"PNW","YDD",5,9,FALSE,"fall_Communities"
"SOT","YDD",5,9,FALSE,"fall_Communities"
"PLS","YDD",6,9,FALSE,"fall_Communities"
"RTP","YDD",6,9,FALSE,"fall_Communities"
"SOG","YDD",5,9,FALSE,"fall_Communities"
"YBN","YDD",7,9,FALSE,"fall_Communities"
"WOG","YDD",7,9,FALSE,"fall_Communities"
"WSY","YDD",7,9,FALSE,"fall_Communities"
"WWB","YDD",7,9,FALSE,"fall_Communities"
"GBO (was GPT)","YDD",7,9,FALSE,"fall_Communities"
"GDW (wasGYW)","YDD",11,9,FALSE,"fall_Communities"
"PND","YDD",11,9,FALSE,"fall_Communities"
"PNG","YDD",11,9,FALSE,"fall_Communities"
"PNP","YDD",11,9,FALSE,"fall_Communities"
"ROO","YDD",12,9,FALSE,"fall_Communities"
"RLB","YDD",13,9,FALSE,"fall_Communities"
"YBT","YDD",14,9,FALSE,"fall_Communities"
"ROY","YDD",15,9,FALSE,"fall_Communities"
"WBO","YDD",15,9,FALSE,"fall_Communities"
"ROR","YDD",15,9,FALSE,"fall_Communities"
"YBY","YDD",14,9,FALSE,"fall_Communities"
"SWS","YDD",15,9,FALSE,"fall_Communities"
"GDO","YDD",14,9,FALSE,"fall_Communities"
"PBS","YDD",14,9,FALSE,"fall_Communities"
"PNL","YDD",14,9,FALSE,"fall_Communities"
"PBP (was PBB)","YDD",14,9,FALSE,"fall_Communities"
"WWD","YDD",16,9,FALSE,"fall_Communities"
"SRP","YDD",16,9,FALSE,"fall_Communities"
"GNT","YDD",16,9,FALSE,"fall_Communities"
"WDN","YDD",16,9,FALSE,"fall_Communities"
"WDW","YDD",16,9,FALSE,"fall_Communities"
"STT","YDD",17,9,FALSE,"fall_Communities"
"SGB","YDD",17,9,FALSE,"fall_Communities"
"RGT","YDD",17,9,FALSE,"fall_Communities"
"RTT","YDD",18,9,FALSE,"fall_Communities"
"WYD","YDD",18,9,FALSE,"fall_Communities"
"CRY","YDD",18,9,FALSE,"fall_Communities"
"GDD (was GDR)","YDD",18,9,FALSE,"fall_Communities"
"WDG","YDD",18,9,FALSE,"fall_Communities"
"GTR","YDD",18,9,FALSE,"fall_Communities"
"CGN","WWB",1,7,FALSE,"fall_Communities"
"RRY","WWB",2,7,FALSE,"fall_Communities"
"SDO","WWB",2,7,FALSE,"fall_Communities"
"RRR","WWB",2,7,FALSE,"fall_Communities"
"RRD","WWB",2,7,FALSE,"fall_Communities"
"SWT","WWB",2,7,FALSE,"fall_Communities"
"SYO","WWB",3,7,FALSE,"fall_Communities"
"GOS","WWB",3,7,FALSE,"fall_Communities"
"RSD","WWB",3,7,FALSE,"fall_Communities"
"SYT","WWB",3,7,FALSE,"fall_Communities"
"PBWorPWB","WWB",3,7,FALSE,"fall_Communities"
"SWB","WWB",3,7,FALSE,"fall_Communities"
"RBT","WWB",3,7,FALSE,"fall_Communities"
"SYR","WWB",3,7,FALSE,"fall_Communities"
"RBP","WWB",3,7,FALSE,"fall_Communities"
"WBT","WWB",4,7,FALSE,"fall_Communities"
"PNW","WWB",5,7,FALSE,"fall_Communities"
"SOT","WWB",5,7,FALSE,"fall_Communities"
"PLS","WWB",6,7,FALSE,"fall_Communities"
"RTP","WWB",6,7,FALSE,"fall_Communities"
"SOG","WWB",5,7,FALSE,"fall_Communities"
"WOG","WWB",7,7,TRUE,"fall_Communities"
"WSY","WWB",7,7,TRUE,"fall_Communities"
"GBO (was GPT)","WWB",7,7,TRUE,"fall_Communities"
"GDW (wasGYW)","WWB",11,7,FALSE,"fall_Communities"
"PND","WWB",11,7,FALSE,"fall_Communities"
"PNG","WWB",11,7,FALSE,"fall_Communities"
"PNP","WWB",11,7,FALSE,"fall_Communities"
"ROO","WWB",12,7,FALSE,"fall_Communities"
"RLB","WWB",13,7,FALSE,"fall_Communities"
"ROY","WWB",15,7,FALSE,"fall_Communities"
"WBO","WWB",15,7,FALSE,"fall_Communities"
"ROR","WWB",15,7,FALSE,"fall_Communities"
"SWS","WWB",15,7,FALSE,"fall_Communities"
"GDO","WWB",14,7,FALSE,"fall_Communities"
"PBS","WWB",14,7,FALSE,"fall_Communities"
"PNL","WWB",14,7,FALSE,"fall_Communities"
"PBP (was PBB)","WWB",14,7,FALSE,"fall_Communities"
"SRP","WWB",16,7,FALSE,"fall_Communities"
"GNT","WWB",16,7,FALSE,"fall_Communities"
"WDN","WWB",16,7,FALSE,"fall_Communities"
"WDW","WWB",16,7,FALSE,"fall_Communities"
"STT","WWB",17,7,FALSE,"fall_Communities"
"SGB","WWB",17,7,FALSE,"fall_Communities"
"RGT","WWB",17,7,FALSE,"fall_Communities"
"RTT","WWB",18,7,FALSE,"fall_Communities"
"CRY","WWB",18,7,FALSE,"fall_Communities"
"GDD (was GDR)","WWB",18,7,FALSE,"fall_Communities"
"WDG","WWB",18,7,FALSE,"fall_Communities"
"GTR","WWB",18,7,FALSE,"fall_Communities"
"CGN","YGD",1,7,FALSE,"fall_Communities"
"RRY","YGD",2,7,FALSE,"fall_Communities"
"SDO","YGD",2,7,FALSE,"fall_Communities"
"RRR","YGD",2,7,FALSE,"fall_Communities"
"RRD","YGD",2,7,FALSE,"fall_Communities"
"SWT","YGD",2,7,FALSE,"fall_Communities"
"SYO","YGD",3,7,FALSE,"fall_Communities"
"GOS","YGD",3,7,FALSE,"fall_Communities"
"RSD","YGD",3,7,FALSE,"fall_Communities"
"SYT","YGD",3,7,FALSE,"fall_Communities"
"PBWorPWB","YGD",3,7,FALSE,"fall_Communities"
"SWB","YGD",3,7,FALSE,"fall_Communities"
"RBT","YGD",3,7,FALSE,"fall_Communities"
"SYR","YGD",3,7,FALSE,"fall_Communities"
"RBP","YGD",3,7,FALSE,"fall_Communities"
"WBT","YGD",4,7,FALSE,"fall_Communities"
"PNW","YGD",5,7,FALSE,"fall_Communities"
"YDP","YGD",5,7,FALSE,"fall_Communities"
"SOT","YGD",5,7,FALSE,"fall_Communities"
"PLS","YGD",6,7,FALSE,"fall_Communities"
"RTP","YGD",6,7,FALSE,"fall_Communities"
"SOG","YGD",5,7,FALSE,"fall_Communities"
"YBN","YGD",7,7,TRUE,"fall_Communities"
"WOG","YGD",7,7,TRUE,"fall_Communities"
"YDT","YGD",8,7,FALSE,"fall_Communities"
"WSY","YGD",7,7,TRUE,"fall_Communities"
"YDD","YGD",9,7,FALSE,"fall_Communities"
"WWB","YGD",7,7,TRUE,"fall_Communities"
"YDW","YGD",7,7,TRUE,"fall_Communities"
"GBO (was GPT)","YGD",7,7,TRUE,"fall_Communities"
"GDW (wasGYW)","YGD",11,7,FALSE,"fall_Communities"
"PND","YGD",11,7,FALSE,"fall_Communities"
"PNG","YGD",11,7,FALSE,"fall_Communities"
"PNP","YGD",11,7,FALSE,"fall_Communities"
"ROO","YGD",12,7,FALSE,"fall_Communities"
"RLB","YGD",13,7,FALSE,"fall_Communities"
"YBT","YGD",14,7,FALSE,"fall_Communities"
"ROY","YGD",15,7,FALSE,"fall_Communities"
"WBO","YGD",15,7,FALSE,"fall_Communities"
"ROR","YGD",15,7,FALSE,"fall_Communities"
"YBY","YGD",14,7,FALSE,"fall_Communities"
"SWS","YGD",15,7,FALSE,"fall_Communities"
"GDO","YGD",14,7,FALSE,"fall_Communities"
"PBS","YGD",14,7,FALSE,"fall_Communities"
"PNL","YGD",14,7,FALSE,"fall_Communities"
"PBP (was PBB)","YGD",14,7,FALSE,"fall_Communities"
"WWD","YGD",16,7,FALSE,"fall_Communities"
"SRP","YGD",16,7,FALSE,"fall_Communities"
"GNT","YGD",16,7,FALSE,"fall_Communities"
"WDN","YGD",16,7,FALSE,"fall_Communities"
"WDW","YGD",16,7,FALSE,"fall_Communities"
"STT","YGD",17,7,FALSE,"fall_Communities"
"SGB","YGD",17,7,FALSE,"fall_Communities"
"RGT","YGD",17,7,FALSE,"fall_Communities"
"RTT","YGD",18,7,FALSE,"fall_Communities"
"WYD","YGD",18,7,FALSE,"fall_Communities"
"CRY","YGD",18,7,FALSE,"fall_Communities"
"GDD (was GDR)","YGD",18,7,FALSE,"fall_Communities"
"WDG","YGD",18,7,FALSE,"fall_Communities"
"GTR","YGD",18,7,FALSE,"fall_Communities"
"CGN","YDW",1,7,FALSE,"fall_Communities"
"RRY","YDW",2,7,FALSE,"fall_Communities"
"SDO","YDW",2,7,FALSE,"fall_Communities"
"RRR","YDW",2,7,FALSE,"fall_Communities"
"RRD","YDW",2,7,FALSE,"fall_Communities"
"SWT","YDW",2,7,FALSE,"fall_Communities"
"SYO","YDW",3,7,FALSE,"fall_Communities"
"GOS","YDW",3,7,FALSE,"fall_Communities"
"RSD","YDW",3,7,FALSE,"fall_Communities"
"SYT","YDW",3,7,FALSE,"fall_Communities"
"PBWorPWB","YDW",3,7,FALSE,"fall_Communities"
"SWB","YDW",3,7,FALSE,"fall_Communities"
"RBT","YDW",3,7,FALSE,"fall_Communities"
"SYR","YDW",3,7,FALSE,"fall_Communities"
"RBP","YDW",3,7,FALSE,"fall_Communities"
"WBT","YDW",4,7,FALSE,"fall_Communities"
"PNW","YDW",5,7,FALSE,"fall_Communities"
"YDP","YDW",5,7,FALSE,"fall_Communities"
"SOT","YDW",5,7,FALSE,"fall_Communities"
"PLS","YDW",6,7,FALSE,"fall_Communities"
"RTP","YDW",6,7,FALSE,"fall_Communities"
"SOG","YDW",5,7,FALSE,"fall_Communities"
"YBN","YDW",7,7,TRUE,"fall_Communities"
"WOG","YDW",7,7,TRUE,"fall_Communities"
"YDT","YDW",8,7,FALSE,"fall_Communities"
"WSY","YDW",7,7,TRUE,"fall_Communities"
"YDD","YDW",9,7,FALSE,"fall_Communities"
"WWB","YDW",7,7,TRUE,"fall_Communities"
"GBO (was GPT)","YDW",7,7,TRUE,"fall_Communities"
"GDW (wasGYW)","YDW",11,7,FALSE,"fall_Communities"
"PND","YDW",11,7,FALSE,"fall_Communities"
"PNG","YDW",11,7,FALSE,"fall_Communities"
"PNP","YDW",11,7,FALSE,"fall_Communities"
"ROO","YDW",12,7,FALSE,"fall_Communities"
"RLB","YDW",13,7,FALSE,"fall_Communities"
"YBT","YDW",14,7,FALSE,"fall_Communities"
"ROY","YDW",15,7,FALSE,"fall_Communities"
"WBO","YDW",15,7,FALSE,"fall_Communities"
"ROR","YDW",15,7,FALSE,"fall_Communities"
"YBY","YDW",14,7,FALSE,"fall_Communities"
"SWS","YDW",15,7,FALSE,"fall_Communities"
"GDO","YDW",14,7,FALSE,"fall_Communities"
"PBS","YDW",14,7,FALSE,"fall_Communities"
"PNL","YDW",14,7,FALSE,"fall_Communities"
"PBP (was PBB)","YDW",14,7,FALSE,"fall_Communities"
"WWD","YDW",16,7,FALSE,"fall_Communities"
"SRP","YDW",16,7,FALSE,"fall_Communities"
"GNT","YDW",16,7,FALSE,"fall_Communities"
"WDN","YDW",16,7,FALSE,"fall_Communities"
"WDW","YDW",16,7,FALSE,"fall_Communities"
"STT","YDW",17,7,FALSE,"fall_Communities"
"SGB","YDW",17,7,FALSE,"fall_Communities"
"RGT","YDW",17,7,FALSE,"fall_Communities"
"RTT","YDW",18,7,FALSE,"fall_Communities"
"WYD","YDW",18,7,FALSE,"fall_Communities"
"CRY","YDW",18,7,FALSE,"fall_Communities"
"GDD (was GDR)","YDW",18,7,FALSE,"fall_Communities"
"WDG","YDW",18,7,FALSE,"fall_Communities"
"GTR","YDW",18,7,FALSE,"fall_Communities"
"CGN","GBO (was GPT)",1,7,FALSE,"fall_Communities"
"CRY","GBO (was GPT)",18,7,FALSE,"fall_Communities"
"CGN","YSR",1,10,FALSE,"fall_Communities"
"RRY","YSR",2,10,FALSE,"fall_Communities"
"SDO","YSR",2,10,FALSE,"fall_Communities"
"RRR","YSR",2,10,FALSE,"fall_Communities"
"RRD","YSR",2,10,FALSE,"fall_Communities"
"SWT","YSR",2,10,FALSE,"fall_Communities"
"SYO","YSR",3,10,FALSE,"fall_Communities"
"GOS","YSR",3,10,FALSE,"fall_Communities"
"RSD","YSR",3,10,FALSE,"fall_Communities"
"SYT","YSR",3,10,FALSE,"fall_Communities"
"PBWorPWB","YSR",3,10,FALSE,"fall_Communities"
"SWB","YSR",3,10,FALSE,"fall_Communities"
"RBT","YSR",3,10,FALSE,"fall_Communities"
"SYR","YSR",3,10,FALSE,"fall_Communities"
"RBP","YSR",3,10,FALSE,"fall_Communities"
"WBT","YSR",4,10,FALSE,"fall_Communities"
"PNW","YSR",5,10,FALSE,"fall_Communities"
"YDP","YSR",5,10,FALSE,"fall_Communities"
"SOT","YSR",5,10,FALSE,"fall_Communities"
"PLS","YSR",6,10,FALSE,"fall_Communities"
"YPS","YSR",6,10,FALSE,"fall_Communities"
"RTP","YSR",6,10,FALSE,"fall_Communities"
"SOG","YSR",5,10,FALSE,"fall_Communities"
"YBN","YSR",7,10,FALSE,"fall_Communities"
"WOG","YSR",7,10,FALSE,"fall_Communities"
"YDT","YSR",8,10,FALSE,"fall_Communities"
"WSY","YSR",7,10,FALSE,"fall_Communities"
"YDD","YSR",9,10,FALSE,"fall_Communities"
"WWB","YSR",7,10,FALSE,"fall_Communities"
"YGD","YSR",7,10,FALSE,"fall_Communities"
"YDW","YSR",7,10,FALSE,"fall_Communities"
"GBO (was GPT)","YSR",7,10,FALSE,"fall_Communities"
"GDW (wasGYW)","YSR",11,10,FALSE,"fall_Communities"
"PND","YSR",11,10,FALSE,"fall_Communities"
"PNG","YSR",11,10,FALSE,"fall_Communities"
"PNP","YSR",11,10,FALSE,"fall_Communities"
"YOP","YSR",12,10,FALSE,"fall_Communities"
"ROO","YSR",12,10,FALSE,"fall_Communities"
"RLB","YSR",13,10,FALSE,"fall_Communities"
"YBT","YSR",14,10,FALSE,"fall_Communities"
"ROY","YSR",15,10,FALSE,"fall_Communities"
"WBO","YSR",15,10,FALSE,"fall_Communities"
"ROR","YSR",15,10,FALSE,"fall_Communities"
"YBY","YSR",14,10,FALSE,"fall_Communities"
"SWS","YSR",15,10,FALSE,"fall_Communities"
"YGY","YSR",14,10,FALSE,"fall_Communities"
"YND","YSR",14,10,FALSE,"fall_Communities"
"GDO","YSR",14,10,FALSE,"fall_Communities"
"PBS","YSR",14,10,FALSE,"fall_Communities"
"PNL","YSR",14,10,FALSE,"fall_Communities"
"PBP (was PBB)","YSR",14,10,FALSE,"fall_Communities"
"WWD","YSR",16,10,FALSE,"fall_Communities"
"SRP","YSR",16,10,FALSE,"fall_Communities"
"GNT","YSR",16,10,FALSE,"fall_Communities"
"WDN","YSR",16,10,FALSE,"fall_Communities"
"WDW","YSR",16,10,FALSE,"fall_Communities"
"STT","YSR",17,10,FALSE,"fall_Communities"
"SGB","YSR",17,10,FALSE,"fall_Communities"
"RGT","YSR",17,10,FALSE,"fall_Communities"
"YPW","YSR",17,10,FALSE,"fall_Communities"
"RTT","YSR",18,10,FALSE,"fall_Communities"
"WYD","YSR",18,10,FALSE,"fall_Communities"
"CRY","YSR",18,10,FALSE,"fall_Communities"
"GDD (was GDR)","YSR",18,10,FALSE,"fall_Communities"
"WDG","YSR",18,10,FALSE,"fall_Communities"
"GTR","YSR",18,10,FALSE,"fall_Communities"
"CGN","GDW (wasGYW)",1,11,FALSE,"fall_Communities"
"GBO (was GPT)","GDW (wasGYW)",7,11,FALSE,"fall_Communities"
"GDO","GDW (wasGYW)",14,11,FALSE,"fall_Communities"
"CRY","GDW (wasGYW)",18,11,FALSE,"fall_Communities"
"GDD (was GDR)","GDW (wasGYW)",18,11,FALSE,"fall_Communities"
"CGN","PND",1,11,FALSE,"fall_Communities"
"GOS","PND",3,11,FALSE,"fall_Communities"
"PBWorPWB","PND",3,11,FALSE,"fall_Communities"
"PLS","PND",6,11,FALSE,"fall_Communities"
"GBO (was GPT)","PND",7,11,FALSE,"fall_Communities"
"GDW (wasGYW)","PND",11,11,TRUE,"fall_Communities"
"GDO","PND",14,11,FALSE,"fall_Communities"
"PBS","PND",14,11,FALSE,"fall_Communities"
"PBP (was PBB)","PND",14,11,FALSE,"fall_Communities"
"GNT","PND",16,11,FALSE,"fall_Communities"
"CRY","PND",18,11,FALSE,"fall_Communities"
"GDD (was GDR)","PND",18,11,FALSE,"fall_Communities"
"GTR","PND",18,11,FALSE,"fall_Communities"
"CGN","PNG",1,11,FALSE,"fall_Communities"
"GOS","PNG",3,11,FALSE,"fall_Communities"
"PBWorPWB","PNG",3,11,FALSE,"fall_Communities"
"PLS","PNG",6,11,FALSE,"fall_Communities"
"GBO (was GPT)","PNG",7,11,FALSE,"fall_Communities"
"GDW (wasGYW)","PNG",11,11,TRUE,"fall_Communities"
"PND","PNG",11,11,TRUE,"fall_Communities"
"GDO","PNG",14,11,FALSE,"fall_Communities"
"PBS","PNG",14,11,FALSE,"fall_Communities"
"PBP (was PBB)","PNG",14,11,FALSE,"fall_Communities"
"GNT","PNG",16,11,FALSE,"fall_Communities"
"CRY","PNG",18,11,FALSE,"fall_Communities"
"GDD (was GDR)","PNG",18,11,FALSE,"fall_Communities"
"GTR","PNG",18,11,FALSE,"fall_Communities"
"CGN","PNP",1,11,FALSE,"fall_Communities"
"GOS","PNP",3,11,FALSE,"fall_Communities"
"PBWorPWB","PNP",3,11,FALSE,"fall_Communities"
"PLS","PNP",6,11,FALSE,"fall_Communities"
"GBO (was GPT)","PNP",7,11,FALSE,"fall_Communities"
"GDW (wasGYW)","PNP",11,11,TRUE,"fall_Communities"
"PND","PNP",11,11,TRUE,"fall_Communities"
"PNG","PNP",11,11,TRUE,"fall_Communities"
"GDO","PNP",14,11,FALSE,"fall_Communities"
"PBS","PNP",14,11,FALSE,"fall_Communities"
"PNL","PNP",14,11,FALSE,"fall_Communities"
"PBP (was PBB)","PNP",14,11,FALSE,"fall_Communities"
"GNT","PNP",16,11,FALSE,"fall_Communities"
"CRY","PNP",18,11,FALSE,"fall_Communities"
"GDD (was GDR)","PNP",18,11,FALSE,"fall_Communities"
"GTR","PNP",18,11,FALSE,"fall_Communities"
"CGN","YOP",1,12,FALSE,"fall_Communities"
"RRY","YOP",2,12,FALSE,"fall_Communities"
"SDO","YOP",2,12,FALSE,"fall_Communities"
"RRR","YOP",2,12,FALSE,"fall_Communities"
"RRD","YOP",2,12,FALSE,"fall_Communities"
"SWT","YOP",2,12,FALSE,"fall_Communities"
"SYO","YOP",3,12,FALSE,"fall_Communities"
"GOS","YOP",3,12,FALSE,"fall_Communities"
"RSD","YOP",3,12,FALSE,"fall_Communities"
"SYT","YOP",3,12,FALSE,"fall_Communities"
"PBWorPWB","YOP",3,12,FALSE,"fall_Communities"
"SWB","YOP",3,12,FALSE,"fall_Communities"
"RBT","YOP",3,12,FALSE,"fall_Communities"
"SYR","YOP",3,12,FALSE,"fall_Communities"
"RBP","YOP",3,12,FALSE,"fall_Communities"
"WBT","YOP",4,12,FALSE,"fall_Communities"
"PNW","YOP",5,12,FALSE,"fall_Communities"
"YDP","YOP",5,12,FALSE,"fall_Communities"
"SOT","YOP",5,12,FALSE,"fall_Communities"
"PLS","YOP",6,12,FALSE,"fall_Communities"
"RTP","YOP",6,12,FALSE,"fall_Communities"
"SOG","YOP",5,12,FALSE,"fall_Communities"
"YBN","YOP",7,12,FALSE,"fall_Communities"
"WOG","YOP",7,12,FALSE,"fall_Communities"
"YDT","YOP",8,12,FALSE,"fall_Communities"
"WSY","YOP",7,12,FALSE,"fall_Communities"
"YDD","YOP",9,12,FALSE,"fall_Communities"
"WWB","YOP",7,12,FALSE,"fall_Communities"
"YGD","YOP",7,12,FALSE,"fall_Communities"
"YDW","YOP",7,12,FALSE,"fall_Communities"
"GBO (was GPT)","YOP",7,12,FALSE,"fall_Communities"
"GDW (wasGYW)","YOP",11,12,FALSE,"fall_Communities"
"PND","YOP",11,12,FALSE,"fall_Communities"
"PNG","YOP",11,12,FALSE,"fall_Communities"
"PNP","YOP",11,12,FALSE,"fall_Communities"
"ROO","YOP",12,12,TRUE,"fall_Communities"
"RLB","YOP",13,12,FALSE,"fall_Communities"
"YBT","YOP",14,12,FALSE,"fall_Communities"
"ROY","YOP",15,12,FALSE,"fall_Communities"
"WBO","YOP",15,12,FALSE,"fall_Communities"
"ROR","YOP",15,12,FALSE,"fall_Communities"
"YBY","YOP",14,12,FALSE,"fall_Communities"
"SWS","YOP",15,12,FALSE,"fall_Communities"
"YGY","YOP",14,12,FALSE,"fall_Communities"
"YND","YOP",14,12,FALSE,"fall_Communities"
"GDO","YOP",14,12,FALSE,"fall_Communities"
"PBS","YOP",14,12,FALSE,"fall_Communities"
"PNL","YOP",14,12,FALSE,"fall_Communities"
"PBP (was PBB)","YOP",14,12,FALSE,"fall_Communities"
"WWD","YOP",16,12,FALSE,"fall_Communities"
"SRP","YOP",16,12,FALSE,"fall_Communities"
"GNT","YOP",16,12,FALSE,"fall_Communities"
"WDN","YOP",16,12,FALSE,"fall_Communities"
"WDW","YOP",16,12,FALSE,"fall_Communities"
"STT","YOP",17,12,FALSE,"fall_Communities"
"SGB","YOP",17,12,FALSE,"fall_Communities"
"RGT","YOP",17,12,FALSE,"fall_Communities"
"RTT","YOP",18,12,FALSE,"fall_Communities"
"WYD","YOP",18,12,FALSE,"fall_Communities"
"CRY","YOP",18,12,FALSE,"fall_Communities"
"GDD (was GDR)","YOP",18,12,FALSE,"fall_Communities"
"WDG","YOP",18,12,FALSE,"fall_Communities"
"GTR","YOP",18,12,FALSE,"fall_Communities"
"CGN","ROO",1,12,FALSE,"fall_Communities"
"GOS","ROO",3,12,FALSE,"fall_Communities"
"PBWorPWB","ROO",3,12,FALSE,"fall_Communities"
"RBT","ROO",3,12,FALSE,"fall_Communities"
"RBP","ROO",3,12,FALSE,"fall_Communities"
"PNW","ROO",5,12,FALSE,"fall_Communities"
"PLS","ROO",6,12,FALSE,"fall_Communities"
"GBO (was GPT)","ROO",7,12,FALSE,"fall_Communities"
"GDW (wasGYW)","ROO",11,12,FALSE,"fall_Communities"
"PND","ROO",11,12,FALSE,"fall_Communities"
"PNG","ROO",11,12,FALSE,"fall_Communities"
"PNP","ROO",11,12,FALSE,"fall_Communities"
"RLB","ROO",13,12,FALSE,"fall_Communities"
"GDO","ROO",14,12,FALSE,"fall_Communities"
"PBS","ROO",14,12,FALSE,"fall_Communities"
"PNL","ROO",14,12,FALSE,"fall_Communities"
"PBP (was PBB)","ROO",14,12,FALSE,"fall_Communities"
"GNT","ROO",16,12,FALSE,"fall_Communities"
"RGT","ROO",17,12,FALSE,"fall_Communities"
"CRY","ROO",18,12,FALSE,"fall_Communities"
"GDD (was GDR)","ROO",18,12,FALSE,"fall_Communities"
"GTR","ROO",18,12,FALSE,"fall_Communities"
"CGN","RLB",1,13,FALSE,"fall_Communities"
"GOS","RLB",3,13,FALSE,"fall_Communities"
"PBWorPWB","RLB",3,13,FALSE,"fall_Communities"
"RBT","RLB",3,13,FALSE,"fall_Communities"
"RBP","RLB",3,13,FALSE,"fall_Communities"
"PNW","RLB",5,13,FALSE,"fall_Communities"
"PLS","RLB",6,13,FALSE,"fall_Communities"
"GBO (was GPT)","RLB",7,13,FALSE,"fall_Communities"
"GDW (wasGYW)","RLB",11,13,FALSE,"fall_Communities"
"PND","RLB",11,13,FALSE,"fall_Communities"
"PNG","RLB",11,13,FALSE,"fall_Communities"
"PNP","RLB",11,13,FALSE,"fall_Communities"
"GDO","RLB",14,13,FALSE,"fall_Communities"
"PBS","RLB",14,13,FALSE,"fall_Communities"
"PNL","RLB",14,13,FALSE,"fall_Communities"
"PBP (was PBB)","RLB",14,13,FALSE,"fall_Communities"
"GNT","RLB",16,13,FALSE,"fall_Communities"
"RGT","RLB",17,13,FALSE,"fall_Communities"
"CRY","RLB",18,13,FALSE,"fall_Communities"
"GDD (was GDR)","RLB",18,13,FALSE,"fall_Communities"
"GTR","RLB",18,13,FALSE,"fall_Communities"
"CGN","YBT",1,14,FALSE,"fall_Communities"
"RRY","YBT",2,14,FALSE,"fall_Communities"
"SDO","YBT",2,14,FALSE,"fall_Communities"
"RRR","YBT",2,14,FALSE,"fall_Communities"
"RRD","YBT",2,14,FALSE,"fall_Communities"
"SWT","YBT",2,14,FALSE,"fall_Communities"
"SYO","YBT",3,14,FALSE,"fall_Communities"
"GOS","YBT",3,14,FALSE,"fall_Communities"
"RSD","YBT",3,14,FALSE,"fall_Communities"
"SYT","YBT",3,14,FALSE,"fall_Communities"
"PBWorPWB","YBT",3,14,FALSE,"fall_Communities"
"SWB","YBT",3,14,FALSE,"fall_Communities"
"RBT","YBT",3,14,FALSE,"fall_Communities"
"SYR","YBT",3,14,FALSE,"fall_Communities"
"RBP","YBT",3,14,FALSE,"fall_Communities"
"WBT","YBT",4,14,FALSE,"fall_Communities"
"PNW","YBT",5,14,FALSE,"fall_Communities"
"SOT","YBT",5,14,FALSE,"fall_Communities"
"PLS","YBT",6,14,FALSE,"fall_Communities"
"RTP","YBT",6,14,FALSE,"fall_Communities"
"SOG","YBT",5,14,FALSE,"fall_Communities"
"YBN","YBT",7,14,FALSE,"fall_Communities"
"WOG","YBT",7,14,FALSE,"fall_Communities"
"WSY","YBT",7,14,FALSE,"fall_Communities"
"WWB","YBT",7,14,FALSE,"fall_Communities"
"GBO (was GPT)","YBT",7,14,FALSE,"fall_Communities"
"GDW (wasGYW)","YBT",11,14,FALSE,"fall_Communities"
"PND","YBT",11,14,FALSE,"fall_Communities"
"PNG","YBT",11,14,FALSE,"fall_Communities"
"PNP","YBT",11,14,FALSE,"fall_Communities"
"ROO","YBT",12,14,FALSE,"fall_Communities"
"RLB","YBT",13,14,FALSE,"fall_Communities"
"ROY","YBT",15,14,FALSE,"fall_Communities"
"WBO","YBT",15,14,FALSE,"fall_Communities"
"ROR","YBT",15,14,FALSE,"fall_Communities"
"SWS","YBT",15,14,FALSE,"fall_Communities"
"GDO","YBT",14,14,TRUE,"fall_Communities"
"PBS","YBT",14,14,TRUE,"fall_Communities"
"PNL","YBT",14,14,TRUE,"fall_Communities"
"PBP (was PBB)","YBT",14,14,TRUE,"fall_Communities"
"WWD","YBT",16,14,FALSE,"fall_Communities"
"SRP","YBT",16,14,FALSE,"fall_Communities"
"GNT","YBT",16,14,FALSE,"fall_Communities"
"WDN","YBT",16,14,FALSE,"fall_Communities"
"WDW","YBT",16,14,FALSE,"fall_Communities"
"STT","YBT",17,14,FALSE,"fall_Communities"
"SGB","YBT",17,14,FALSE,"fall_Communities"
"RGT","YBT",17,14,FALSE,"fall_Communities"
"RTT","YBT",18,14,FALSE,"fall_Communities"
"WYD","YBT",18,14,FALSE,"fall_Communities"
"CRY","YBT",18,14,FALSE,"fall_Communities"
"GDD (was GDR)","YBT",18,14,FALSE,"fall_Communities"
"WDG","YBT",18,14,FALSE,"fall_Communities"
"GTR","YBT",18,14,FALSE,"fall_Communities"
"CGN","ROY",1,15,FALSE,"fall_Communities"
"GOS","ROY",3,15,FALSE,"fall_Communities"
"PBWorPWB","ROY",3,15,FALSE,"fall_Communities"
"RBT","ROY",3,15,FALSE,"fall_Communities"
"RBP","ROY",3,15,FALSE,"fall_Communities"
"PNW","ROY",5,15,FALSE,"fall_Communities"
"PLS","ROY",6,15,FALSE,"fall_Communities"
"GBO (was GPT)","ROY",7,15,FALSE,"fall_Communities"
"GDW (wasGYW)","ROY",11,15,FALSE,"fall_Communities"
"PND","ROY",11,15,FALSE,"fall_Communities"
"PNG","ROY",11,15,FALSE,"fall_Communities"
"PNP","ROY",11,15,FALSE,"fall_Communities"
"ROO","ROY",12,15,FALSE,"fall_Communities"
"RLB","ROY",13,15,FALSE,"fall_Communities"
"ROR","ROY",15,15,TRUE,"fall_Communities"
"GDO","ROY",14,15,FALSE,"fall_Communities"
"PBS","ROY",14,15,FALSE,"fall_Communities"
"PNL","ROY",14,15,FALSE,"fall_Communities"
"PBP (was PBB)","ROY",14,15,FALSE,"fall_Communities"
"GNT","ROY",16,15,FALSE,"fall_Communities"
"RGT","ROY",17,15,FALSE,"fall_Communities"
"CRY","ROY",18,15,FALSE,"fall_Communities"
"GDD (was GDR)","ROY",18,15,FALSE,"fall_Communities"
"GTR","ROY",18,15,FALSE,"fall_Communities"
"CGN","WBO",1,15,FALSE,"fall_Communities"
"RRY","WBO",2,15,FALSE,"fall_Communities"
"SDO","WBO",2,15,FALSE,"fall_Communities"
"RRR","WBO",2,15,FALSE,"fall_Communities"
"RRD","WBO",2,15,FALSE,"fall_Communities"
"SWT","WBO",2,15,FALSE,"fall_Communities"
"SYO","WBO",3,15,FALSE,"fall_Communities"
"GOS","WBO",3,15,FALSE,"fall_Communities"
"RSD","WBO",3,15,FALSE,"fall_Communities"
"SYT","WBO",3,15,FALSE,"fall_Communities"
"PBWorPWB","WBO",3,15,FALSE,"fall_Communities"
"SWB","WBO",3,15,FALSE,"fall_Communities"
"RBT","WBO",3,15,FALSE,"fall_Communities"
"SYR","WBO",3,15,FALSE,"fall_Communities"
"RBP","WBO",3,15,FALSE,"fall_Communities"
"PNW","WBO",5,15,FALSE,"fall_Communities"
"SOT","WBO",5,15,FALSE,"fall_Communities"
"PLS","WBO",6,15,FALSE,"fall_Communities"
"RTP","WBO",6,15,FALSE,"fall_Communities"
"SOG","WBO",5,15,FALSE,"fall_Communities"
"GBO (was GPT)","WBO",7,15,FALSE,"fall_Communities"
"GDW (wasGYW)","WBO",11,15,FALSE,"fall_Communities"
"PND","WBO",11,15,FALSE,"fall_Communities"
"PNG","WBO",11,15,FALSE,"fall_Communities"
"PNP","WBO",11,15,FALSE,"fall_Communities"
"ROO","WBO",12,15,FALSE,"fall_Communities"
"RLB","WBO",13,15,FALSE,"fall_Communities"
"ROY","WBO",15,15,TRUE,"fall_Communities"
"ROR","WBO",15,15,TRUE,"fall_Communities"
"SWS","WBO",15,15,TRUE,"fall_Communities"
"GDO","WBO",14,15,FALSE,"fall_Communities"
"PBS","WBO",14,15,FALSE,"fall_Communities"
"PNL","WBO",14,15,FALSE,"fall_Communities"
"PBP (was PBB)","WBO",14,15,FALSE,"fall_Communities"
"SRP","WBO",16,15,FALSE,"fall_Communities"
"GNT","WBO",16,15,FALSE,"fall_Communities"
"STT","WBO",17,15,FALSE,"fall_Communities"
"SGB","WBO",17,15,FALSE,"fall_Communities"
"RGT","WBO",17,15,FALSE,"fall_Communities"
"RTT","WBO",18,15,FALSE,"fall_Communities"
"CRY","WBO",18,15,FALSE,"fall_Communities"
"GDD (was GDR)","WBO",18,15,FALSE,"fall_Communities"
"GTR","WBO",18,15,FALSE,"fall_Communities"
"CGN","ROR",1,15,FALSE,"fall_Communities"
"GOS","ROR",3,15,FALSE,"fall_Communities"
"PBWorPWB","ROR",3,15,FALSE,"fall_Communities"
"RBT","ROR",3,15,FALSE,"fall_Communities"
"RBP","ROR",3,15,FALSE,"fall_Communities"
"PNW","ROR",5,15,FALSE,"fall_Communities"
"PLS","ROR",6,15,FALSE,"fall_Communities"
"GBO (was GPT)","ROR",7,15,FALSE,"fall_Communities"
"GDW (wasGYW)","ROR",11,15,FALSE,"fall_Communities"
"PND","ROR",11,15,FALSE,"fall_Communities"
"PNG","ROR",11,15,FALSE,"fall_Communities"
"PNP","ROR",11,15,FALSE,"fall_Communities"
"ROO","ROR",12,15,FALSE,"fall_Communities"
"RLB","ROR",13,15,FALSE,"fall_Communities"
"GDO","ROR",14,15,FALSE,"fall_Communities"
"PBS","ROR",14,15,FALSE,"fall_Communities"
"PNL","ROR",14,15,FALSE,"fall_Communities"
"PBP (was PBB)","ROR",14,15,FALSE,"fall_Communities"
"GNT","ROR",16,15,FALSE,"fall_Communities"
"RGT","ROR",17,15,FALSE,"fall_Communities"
"CRY","ROR",18,15,FALSE,"fall_Communities"
"GDD (was GDR)","ROR",18,15,FALSE,"fall_Communities"
"GTR","ROR",18,15,FALSE,"fall_Communities"
"CGN","YBY",1,14,FALSE,"fall_Communities"
"RRY","YBY",2,14,FALSE,"fall_Communities"
"SDO","YBY",2,14,FALSE,"fall_Communities"
"RRR","YBY",2,14,FALSE,"fall_Communities"
"RRD","YBY",2,14,FALSE,"fall_Communities"
"SWT","YBY",2,14,FALSE,"fall_Communities"
"SYO","YBY",3,14,FALSE,"fall_Communities"
"GOS","YBY",3,14,FALSE,"fall_Communities"
"RSD","YBY",3,14,FALSE,"fall_Communities"
"SYT","YBY",3,14,FALSE,"fall_Communities"
"PBWorPWB","YBY",3,14,FALSE,"fall_Communities"
"SWB","YBY",3,14,FALSE,"fall_Communities"
"RBT","YBY",3,14,FALSE,"fall_Communities"
"SYR","YBY",3,14,FALSE,"fall_Communities"
"RBP","YBY",3,14,FALSE,"fall_Communities"
"WBT","YBY",4,14,FALSE,"fall_Communities"
"PNW","YBY",5,14,FALSE,"fall_Communities"
"SOT","YBY",5,14,FALSE,"fall_Communities"
"PLS","YBY",6,14,FALSE,"fall_Communities"
"RTP","YBY",6,14,FALSE,"fall_Communities"
"SOG","YBY",5,14,FALSE,"fall_Communities"
"YBN","YBY",7,14,FALSE,"fall_Communities"
"WOG","YBY",7,14,FALSE,"fall_Communities"
"WSY","YBY",7,14,FALSE,"fall_Communities"
"WWB","YBY",7,14,FALSE,"fall_Communities"
"GBO (was GPT)","YBY",7,14,FALSE,"fall_Communities"
"GDW (wasGYW)","YBY",11,14,FALSE,"fall_Communities"
"PND","YBY",11,14,FALSE,"fall_Communities"
"PNG","YBY",11,14,FALSE,"fall_Communities"
"PNP","YBY",11,14,FALSE,"fall_Communities"
"ROO","YBY",12,14,FALSE,"fall_Communities"
"RLB","YBY",13,14,FALSE,"fall_Communities"
"YBT","YBY",14,14,TRUE,"fall_Communities"
"ROY","YBY",15,14,FALSE,"fall_Communities"
"WBO","YBY",15,14,FALSE,"fall_Communities"
"ROR","YBY",15,14,FALSE,"fall_Communities"
"SWS","YBY",15,14,FALSE,"fall_Communities"
"GDO","YBY",14,14,TRUE,"fall_Communities"
"PBS","YBY",14,14,TRUE,"fall_Communities"
"PNL","YBY",14,14,TRUE,"fall_Communities"
"PBP (was PBB)","YBY",14,14,TRUE,"fall_Communities"
"WWD","YBY",16,14,FALSE,"fall_Communities"
"SRP","YBY",16,14,FALSE,"fall_Communities"
"GNT","YBY",16,14,FALSE,"fall_Communities"
"WDN","YBY",16,14,FALSE,"fall_Communities"
"WDW","YBY",16,14,FALSE,"fall_Communities"
"STT","YBY",17,14,FALSE,"fall_Communities"
"SGB","YBY",17,14,FALSE,"fall_Communities"
"RGT","YBY",17,14,FALSE,"fall_Communities"
"RTT","YBY",18,14,FALSE,"fall_Communities"
"WYD","YBY",18,14,FALSE,"fall_Communities"
"CRY","YBY",18,14,FALSE,"fall_Communities"
"GDD (was GDR)","YBY",18,14,FALSE,"fall_Communities"
"WDG","YBY",18,14,FALSE,"fall_Communities"
"GTR","YBY",18,14,FALSE,"fall_Communities"
"CGN","SWS",1,15,FALSE,"fall_Communities"
"RRY","SWS",2,15,FALSE,"fall_Communities"
"SDO","SWS",2,15,FALSE,"fall_Communities"
"RRR","SWS",2,15,FALSE,"fall_Communities"
"RRD","SWS",2,15,FALSE,"fall_Communities"
"GOS","SWS",3,15,FALSE,"fall_Communities"
"RSD","SWS",3,15,FALSE,"fall_Communities"
"PBWorPWB","SWS",3,15,FALSE,"fall_Communities"
"SWB","SWS",3,15,FALSE,"fall_Communities"
"RBT","SWS",3,15,FALSE,"fall_Communities"
"RBP","SWS",3,15,FALSE,"fall_Communities"
"PNW","SWS",5,15,FALSE,"fall_Communities"
"SOT","SWS",5,15,FALSE,"fall_Communities"
"PLS","SWS",6,15,FALSE,"fall_Communities"
"RTP","SWS",6,15,FALSE,"fall_Communities"
"SOG","SWS",5,15,FALSE,"fall_Communities"
"GBO (was GPT)","SWS",7,15,FALSE,"fall_Communities"
"GDW (wasGYW)","SWS",11,15,FALSE,"fall_Communities"
"PND","SWS",11,15,FALSE,"fall_Communities"
"PNG","SWS",11,15,FALSE,"fall_Communities"
"PNP","SWS",11,15,FALSE,"fall_Communities"
"ROO","SWS",12,15,FALSE,"fall_Communities"
"RLB","SWS",13,15,FALSE,"fall_Communities"
"ROY","SWS",15,15,TRUE,"fall_Communities"
"ROR","SWS",15,15,TRUE,"fall_Communities"
"GDO","SWS",14,15,FALSE,"fall_Communities"
"PBS","SWS",14,15,FALSE,"fall_Communities"
"PNL","SWS",14,15,FALSE,"fall_Communities"
"PBP (was PBB)","SWS",14,15,FALSE,"fall_Communities"
"SRP","SWS",16,15,FALSE,"fall_Communities"
"GNT","SWS",16,15,FALSE,"fall_Communities"
"STT","SWS",17,15,FALSE,"fall_Communities"
"SGB","SWS",17,15,FALSE,"fall_Communities"
"RGT","SWS",17,15,FALSE,"fall_Communities"
"RTT","SWS",18,15,FALSE,"fall_Communities"
"CRY","SWS",18,15,FALSE,"fall_Communities"
"GDD (was GDR)","SWS",18,15,FALSE,"fall_Communities"
"GTR","SWS",18,15,FALSE,"fall_Communities"
"CGN","YGY",1,14,FALSE,"fall_Communities"
"RRY","YGY",2,14,FALSE,"fall_Communities"
"SDO","YGY",2,14,FALSE,"fall_Communities"
"RRR","YGY",2,14,FALSE,"fall_Communities"
"RRD","YGY",2,14,FALSE,"fall_Communities"
"SWT","YGY",2,14,FALSE,"fall_Communities"
"SYO","YGY",3,14,FALSE,"fall_Communities"
"GOS","YGY",3,14,FALSE,"fall_Communities"
"RSD","YGY",3,14,FALSE,"fall_Communities"
"SYT","YGY",3,14,FALSE,"fall_Communities"
"PBWorPWB","YGY",3,14,FALSE,"fall_Communities"
"SWB","YGY",3,14,FALSE,"fall_Communities"
"RBT","YGY",3,14,FALSE,"fall_Communities"
"SYR","YGY",3,14,FALSE,"fall_Communities"
"RBP","YGY",3,14,FALSE,"fall_Communities"
"WBT","YGY",4,14,FALSE,"fall_Communities"
"PNW","YGY",5,14,FALSE,"fall_Communities"
"YDP","YGY",5,14,FALSE,"fall_Communities"
"SOT","YGY",5,14,FALSE,"fall_Communities"
"PLS","YGY",6,14,FALSE,"fall_Communities"
"RTP","YGY",6,14,FALSE,"fall_Communities"
"SOG","YGY",5,14,FALSE,"fall_Communities"
"YBN","YGY",7,14,FALSE,"fall_Communities"
"WOG","YGY",7,14,FALSE,"fall_Communities"
"YDT","YGY",8,14,FALSE,"fall_Communities"
"WSY","YGY",7,14,FALSE,"fall_Communities"
"YDD","YGY",9,14,FALSE,"fall_Communities"
"WWB","YGY",7,14,FALSE,"fall_Communities"
"YGD","YGY",7,14,FALSE,"fall_Communities"
"YDW","YGY",7,14,FALSE,"fall_Communities"
"GBO (was GPT)","YGY",7,14,FALSE,"fall_Communities"
"GDW (wasGYW)","YGY",11,14,FALSE,"fall_Communities"
"PND","YGY",11,14,FALSE,"fall_Communities"
"PNG","YGY",11,14,FALSE,"fall_Communities"
"PNP","YGY",11,14,FALSE,"fall_Communities"
"ROO","YGY",12,14,FALSE,"fall_Communities"
"RLB","YGY",13,14,FALSE,"fall_Communities"
"YBT","YGY",14,14,TRUE,"fall_Communities"
"ROY","YGY",15,14,FALSE,"fall_Communities"
"WBO","YGY",15,14,FALSE,"fall_Communities"
"ROR","YGY",15,14,FALSE,"fall_Communities"
"YBY","YGY",14,14,TRUE,"fall_Communities"
"SWS","YGY",15,14,FALSE,"fall_Communities"
"GDO","YGY",14,14,TRUE,"fall_Communities"
"PBS","YGY",14,14,TRUE,"fall_Communities"
"PNL","YGY",14,14,TRUE,"fall_Communities"
"PBP (was PBB)","YGY",14,14,TRUE,"fall_Communities"
"WWD","YGY",16,14,FALSE,"fall_Communities"
"SRP","YGY",16,14,FALSE,"fall_Communities"
"GNT","YGY",16,14,FALSE,"fall_Communities"
"WDN","YGY",16,14,FALSE,"fall_Communities"
"WDW","YGY",16,14,FALSE,"fall_Communities"
"STT","YGY",17,14,FALSE,"fall_Communities"
"SGB","YGY",17,14,FALSE,"fall_Communities"
"RGT","YGY",17,14,FALSE,"fall_Communities"
"RTT","YGY",18,14,FALSE,"fall_Communities"
"WYD","YGY",18,14,FALSE,"fall_Communities"
"CRY","YGY",18,14,FALSE,"fall_Communities"
"GDD (was GDR)","YGY",18,14,FALSE,"fall_Communities"
"WDG","YGY",18,14,FALSE,"fall_Communities"
"GTR","YGY",18,14,FALSE,"fall_Communities"
"CGN","YND",1,14,FALSE,"fall_Communities"
"RRY","YND",2,14,FALSE,"fall_Communities"
"SDO","YND",2,14,FALSE,"fall_Communities"
"RRR","YND",2,14,FALSE,"fall_Communities"
"RRD","YND",2,14,FALSE,"fall_Communities"
"SWT","YND",2,14,FALSE,"fall_Communities"
"SYO","YND",3,14,FALSE,"fall_Communities"
"GOS","YND",3,14,FALSE,"fall_Communities"
"RSD","YND",3,14,FALSE,"fall_Communities"
"SYT","YND",3,14,FALSE,"fall_Communities"
"PBWorPWB","YND",3,14,FALSE,"fall_Communities"
"SWB","YND",3,14,FALSE,"fall_Communities"
"RBT","YND",3,14,FALSE,"fall_Communities"
"SYR","YND",3,14,FALSE,"fall_Communities"
"RBP","YND",3,14,FALSE,"fall_Communities"
"WBT","YND",4,14,FALSE,"fall_Communities"
"PNW","YND",5,14,FALSE,"fall_Communities"
"YDP","YND",5,14,FALSE,"fall_Communities"
"SOT","YND",5,14,FALSE,"fall_Communities"
"PLS","YND",6,14,FALSE,"fall_Communities"
"RTP","YND",6,14,FALSE,"fall_Communities"
"SOG","YND",5,14,FALSE,"fall_Communities"
"YBN","YND",7,14,FALSE,"fall_Communities"
"WOG","YND",7,14,FALSE,"fall_Communities"
"YDT","YND",8,14,FALSE,"fall_Communities"
"WSY","YND",7,14,FALSE,"fall_Communities"
"YDD","YND",9,14,FALSE,"fall_Communities"
"WWB","YND",7,14,FALSE,"fall_Communities"
"YGD","YND",7,14,FALSE,"fall_Communities"
"YDW","YND",7,14,FALSE,"fall_Communities"
"GBO (was GPT)","YND",7,14,FALSE,"fall_Communities"
"GDW (wasGYW)","YND",11,14,FALSE,"fall_Communities"
"PND","YND",11,14,FALSE,"fall_Communities"
"PNG","YND",11,14,FALSE,"fall_Communities"
"PNP","YND",11,14,FALSE,"fall_Communities"
"ROO","YND",12,14,FALSE,"fall_Communities"
"RLB","YND",13,14,FALSE,"fall_Communities"
"YBT","YND",14,14,TRUE,"fall_Communities"
"ROY","YND",15,14,FALSE,"fall_Communities"
"WBO","YND",15,14,FALSE,"fall_Communities"
"ROR","YND",15,14,FALSE,"fall_Communities"
"YBY","YND",14,14,TRUE,"fall_Communities"
"SWS","YND",15,14,FALSE,"fall_Communities"
"YGY","YND",14,14,TRUE,"fall_Communities"
"GDO","YND",14,14,TRUE,"fall_Communities"
"PBS","YND",14,14,TRUE,"fall_Communities"
"PNL","YND",14,14,TRUE,"fall_Communities"
"PBP (was PBB)","YND",14,14,TRUE,"fall_Communities"
"WWD","YND",16,14,FALSE,"fall_Communities"
"SRP","YND",16,14,FALSE,"fall_Communities"
"GNT","YND",16,14,FALSE,"fall_Communities"
"WDN","YND",16,14,FALSE,"fall_Communities"
"WDW","YND",16,14,FALSE,"fall_Communities"
"STT","YND",17,14,FALSE,"fall_Communities"
"SGB","YND",17,14,FALSE,"fall_Communities"
"RGT","YND",17,14,FALSE,"fall_Communities"
"RTT","YND",18,14,FALSE,"fall_Communities"
"WYD","YND",18,14,FALSE,"fall_Communities"
"CRY","YND",18,14,FALSE,"fall_Communities"
"GDD (was GDR)","YND",18,14,FALSE,"fall_Communities"
"WDG","YND",18,14,FALSE,"fall_Communities"
"GTR","YND",18,14,FALSE,"fall_Communities"
"CGN","GDO",1,14,FALSE,"fall_Communities"
"GBO (was GPT)","GDO",7,14,FALSE,"fall_Communities"
"CRY","GDO",18,14,FALSE,"fall_Communities"
"GDD (was GDR)","GDO",18,14,FALSE,"fall_Communities"
"CGN","PBS",1,14,FALSE,"fall_Communities"
"GOS","PBS",3,14,FALSE,"fall_Communities"
"GBO (was GPT)","PBS",7,14,FALSE,"fall_Communities"
"GDW (wasGYW)","PBS",11,14,FALSE,"fall_Communities"
"GDO","PBS",14,14,TRUE,"fall_Communities"
"PBP (was PBB)","PBS",14,14,TRUE,"fall_Communities"
"GNT","PBS",16,14,FALSE,"fall_Communities"
"CRY","PBS",18,14,FALSE,"fall_Communities"
"GDD (was GDR)","PBS",18,14,FALSE,"fall_Communities"
"GTR","PBS",18,14,FALSE,"fall_Communities"
"CGN","PNL",1,14,FALSE,"fall_Communities"
"GOS","PNL",3,14,FALSE,"fall_Communities"
"PBWorPWB","PNL",3,14,FALSE,"fall_Communities"
"PLS","PNL",6,14,FALSE,"fall_Communities"
"GBO (was GPT)","PNL",7,14,FALSE,"fall_Communities"
"GDW (wasGYW)","PNL",11,14,FALSE,"fall_Communities"
"PND","PNL",11,14,FALSE,"fall_Communities"
"PNG","PNL",11,14,FALSE,"fall_Communities"
"GDO","PNL",14,14,TRUE,"fall_Communities"
"PBS","PNL",14,14,TRUE,"fall_Communities"
"PBP (was PBB)","PNL",14,14,TRUE,"fall_Communities"
"GNT","PNL",16,14,FALSE,"fall_Communities"
"CRY","PNL",18,14,FALSE,"fall_Communities"
"GDD (was GDR)","PNL",18,14,FALSE,"fall_Communities"
"GTR","PNL",18,14,FALSE,"fall_Communities"
"CGN","PBP (was PBB)",1,14,FALSE,"fall_Communities"
"GOS","PBP (was PBB)",3,14,FALSE,"fall_Communities"
"GBO (was GPT)","PBP (was PBB)",7,14,FALSE,"fall_Communities"
"GDW (wasGYW)","PBP (was PBB)",11,14,FALSE,"fall_Communities"
"GDO","PBP (was PBB)",14,14,TRUE,"fall_Communities"
"GNT","PBP (was PBB)",16,14,FALSE,"fall_Communities"
"CRY","PBP (was PBB)",18,14,FALSE,"fall_Communities"
"GDD (was GDR)","PBP (was PBB)",18,14,FALSE,"fall_Communities"
"GTR","PBP (was PBB)",18,14,FALSE,"fall_Communities"
"CGN","WWD",1,16,FALSE,"fall_Communities"
"RRY","WWD",2,16,FALSE,"fall_Communities"
"SDO","WWD",2,16,FALSE,"fall_Communities"
"RRR","WWD",2,16,FALSE,"fall_Communities"
"RRD","WWD",2,16,FALSE,"fall_Communities"
"SWT","WWD",2,16,FALSE,"fall_Communities"
"SYO","WWD",3,16,FALSE,"fall_Communities"
"GOS","WWD",3,16,FALSE,"fall_Communities"
"RSD","WWD",3,16,FALSE,"fall_Communities"
"SYT","WWD",3,16,FALSE,"fall_Communities"
"PBWorPWB","WWD",3,16,FALSE,"fall_Communities"
"SWB","WWD",3,16,FALSE,"fall_Communities"
"RBT","WWD",3,16,FALSE,"fall_Communities"
"SYR","WWD",3,16,FALSE,"fall_Communities"
"RBP","WWD",3,16,FALSE,"fall_Communities"
"WBT","WWD",4,16,FALSE,"fall_Communities"
"PNW","WWD",5,16,FALSE,"fall_Communities"
"SOT","WWD",5,16,FALSE,"fall_Communities"
"PLS","WWD",6,16,FALSE,"fall_Communities"
"RTP","WWD",6,16,FALSE,"fall_Communities"
"SOG","WWD",5,16,FALSE,"fall_Communities"
"WOG","WWD",7,16,FALSE,"fall_Communities"
"WSY","WWD",7,16,FALSE,"fall_Communities"
"WWB","WWD",7,16,FALSE,"fall_Communities"
"GBO (was GPT)","WWD",7,16,FALSE,"fall_Communities"
"GDW (wasGYW)","WWD",11,16,FALSE,"fall_Communities"
"PND","WWD",11,16,FALSE,"fall_Communities"
"PNG","WWD",11,16,FALSE,"fall_Communities"
"PNP","WWD",11,16,FALSE,"fall_Communities"
"ROO","WWD",12,16,FALSE,"fall_Communities"
"RLB","WWD",13,16,FALSE,"fall_Communities"
"ROY","WWD",15,16,FALSE,"fall_Communities"
"WBO","WWD",15,16,FALSE,"fall_Communities"
"ROR","WWD",15,16,FALSE,"fall_Communities"
"SWS","WWD",15,16,FALSE,"fall_Communities"
"GDO","WWD",14,16,FALSE,"fall_Communities"
"PBS","WWD",14,16,FALSE,"fall_Communities"
"PNL","WWD",14,16,FALSE,"fall_Communities"
"PBP (was PBB)","WWD",14,16,FALSE,"fall_Communities"
"SRP","WWD",16,16,TRUE,"fall_Communities"
"GNT","WWD",16,16,TRUE,"fall_Communities"
"WDN","WWD",16,16,TRUE,"fall_Communities"
"WDW","WWD",16,16,TRUE,"fall_Communities"
"STT","WWD",17,16,FALSE,"fall_Communities"
"SGB","WWD",17,16,FALSE,"fall_Communities"
"RGT","WWD",17,16,FALSE,"fall_Communities"
"RTT","WWD",18,16,FALSE,"fall_Communities"
"CRY","WWD",18,16,FALSE,"fall_Communities"
"GDD (was GDR)","WWD",18,16,FALSE,"fall_Communities"
"WDG","WWD",18,16,FALSE,"fall_Communities"
"GTR","WWD",18,16,FALSE,"fall_Communities"
"CGN","SRP",1,16,FALSE,"fall_Communities"
"RRY","SRP",2,16,FALSE,"fall_Communities"
"SDO","SRP",2,16,FALSE,"fall_Communities"
"RRR","SRP",2,16,FALSE,"fall_Communities"
"RRD","SRP",2,16,FALSE,"fall_Communities"
"GOS","SRP",3,16,FALSE,"fall_Communities"
"RSD","SRP",3,16,FALSE,"fall_Communities"
"PBWorPWB","SRP",3,16,FALSE,"fall_Communities"
"RBT","SRP",3,16,FALSE,"fall_Communities"
"RBP","SRP",3,16,FALSE,"fall_Communities"
"PNW","SRP",5,16,FALSE,"fall_Communities"
"SOT","SRP",5,16,FALSE,"fall_Communities"
"PLS","SRP",6,16,FALSE,"fall_Communities"
"RTP","SRP",6,16,FALSE,"fall_Communities"
"SOG","SRP",5,16,FALSE,"fall_Communities"
"GBO (was GPT)","SRP",7,16,FALSE,"fall_Communities"
"GDW (wasGYW)","SRP",11,16,FALSE,"fall_Communities"
"PND","SRP",11,16,FALSE,"fall_Communities"
"PNG","SRP",11,16,FALSE,"fall_Communities"
"PNP","SRP",11,16,FALSE,"fall_Communities"
"ROO","SRP",12,16,FALSE,"fall_Communities"
"RLB","SRP",13,16,FALSE,"fall_Communities"
"ROY","SRP",15,16,FALSE,"fall_Communities"
"ROR","SRP",15,16,FALSE,"fall_Communities"
"GDO","SRP",14,16,FALSE,"fall_Communities"
"PBS","SRP",14,16,FALSE,"fall_Communities"
"PNL","SRP",14,16,FALSE,"fall_Communities"
"PBP (was PBB)","SRP",14,16,FALSE,"fall_Communities"
"GNT","SRP",16,16,TRUE,"fall_Communities"
"SGB","SRP",17,16,FALSE,"fall_Communities"
"RGT","SRP",17,16,FALSE,"fall_Communities"
"RTT","SRP",18,16,FALSE,"fall_Communities"
"CRY","SRP",18,16,FALSE,"fall_Communities"
"GDD (was GDR)","SRP",18,16,FALSE,"fall_Communities"
"GTR","SRP",18,16,FALSE,"fall_Communities"
"CGN","GNT",1,16,FALSE,"fall_Communities"
"GBO (was GPT)","GNT",7,16,FALSE,"fall_Communities"
"GDW (wasGYW)","GNT",11,16,FALSE,"fall_Communities"
"GDO","GNT",14,16,FALSE,"fall_Communities"
"CRY","GNT",18,16,FALSE,"fall_Communities"
"GDD (was GDR)","GNT",18,16,FALSE,"fall_Communities"
"CGN","WDN",1,16,FALSE,"fall_Communities"
"RRY","WDN",2,16,FALSE,"fall_Communities"
"SDO","WDN",2,16,FALSE,"fall_Communities"
"RRR","WDN",2,16,FALSE,"fall_Communities"
"RRD","WDN",2,16,FALSE,"fall_Communities"
"SWT","WDN",2,16,FALSE,"fall_Communities"
"SYO","WDN",3,16,FALSE,"fall_Communities"
"GOS","WDN",3,16,FALSE,"fall_Communities"
"RSD","WDN",3,16,FALSE,"fall_Communities"
"SYT","WDN",3,16,FALSE,"fall_Communities"
"PBWorPWB","WDN",3,16,FALSE,"fall_Communities"
"SWB","WDN",3,16,FALSE,"fall_Communities"
"RBT","WDN",3,16,FALSE,"fall_Communities"
"SYR","WDN",3,16,FALSE,"fall_Communities"
"RBP","WDN",3,16,FALSE,"fall_Communities"
"WBT","WDN",4,16,FALSE,"fall_Communities"
"PNW","WDN",5,16,FALSE,"fall_Communities"
"SOT","WDN",5,16,FALSE,"fall_Communities"
"PLS","WDN",6,16,FALSE,"fall_Communities"
"RTP","WDN",6,16,FALSE,"fall_Communities"
"SOG","WDN",5,16,FALSE,"fall_Communities"
"GBO (was GPT)","WDN",7,16,FALSE,"fall_Communities"
"GDW (wasGYW)","WDN",11,16,FALSE,"fall_Communities"
"PND","WDN",11,16,FALSE,"fall_Communities"
"PNG","WDN",11,16,FALSE,"fall_Communities"
"PNP","WDN",11,16,FALSE,"fall_Communities"
"ROO","WDN",12,16,FALSE,"fall_Communities"
"RLB","WDN",13,16,FALSE,"fall_Communities"
"ROY","WDN",15,16,FALSE,"fall_Communities"
"WBO","WDN",15,16,FALSE,"fall_Communities"
"ROR","WDN",15,16,FALSE,"fall_Communities"
"SWS","WDN",15,16,FALSE,"fall_Communities"
"GDO","WDN",14,16,FALSE,"fall_Communities"
"PBS","WDN",14,16,FALSE,"fall_Communities"
"PNL","WDN",14,16,FALSE,"fall_Communities"
"PBP (was PBB)","WDN",14,16,FALSE,"fall_Communities"
"SRP","WDN",16,16,TRUE,"fall_Communities"
"GNT","WDN",16,16,TRUE,"fall_Communities"
"STT","WDN",17,16,FALSE,"fall_Communities"
"SGB","WDN",17,16,FALSE,"fall_Communities"
"RGT","WDN",17,16,FALSE,"fall_Communities"
"RTT","WDN",18,16,FALSE,"fall_Communities"
"CRY","WDN",18,16,FALSE,"fall_Communities"
"GDD (was GDR)","WDN",18,16,FALSE,"fall_Communities"
"WDG","WDN",18,16,FALSE,"fall_Communities"
"GTR","WDN",18,16,FALSE,"fall_Communities"
"CGN","WDW",1,16,FALSE,"fall_Communities"
"RRY","WDW",2,16,FALSE,"fall_Communities"
"SDO","WDW",2,16,FALSE,"fall_Communities"
"RRR","WDW",2,16,FALSE,"fall_Communities"
"RRD","WDW",2,16,FALSE,"fall_Communities"
"SWT","WDW",2,16,FALSE,"fall_Communities"
"SYO","WDW",3,16,FALSE,"fall_Communities"
"GOS","WDW",3,16,FALSE,"fall_Communities"
"RSD","WDW",3,16,FALSE,"fall_Communities"
"SYT","WDW",3,16,FALSE,"fall_Communities"
"PBWorPWB","WDW",3,16,FALSE,"fall_Communities"
"SWB","WDW",3,16,FALSE,"fall_Communities"
"RBT","WDW",3,16,FALSE,"fall_Communities"
"SYR","WDW",3,16,FALSE,"fall_Communities"
"RBP","WDW",3,16,FALSE,"fall_Communities"
"WBT","WDW",4,16,FALSE,"fall_Communities"
"PNW","WDW",5,16,FALSE,"fall_Communities"
"SOT","WDW",5,16,FALSE,"fall_Communities"
"PLS","WDW",6,16,FALSE,"fall_Communities"
"RTP","WDW",6,16,FALSE,"fall_Communities"
"SOG","WDW",5,16,FALSE,"fall_Communities"
"GBO (was GPT)","WDW",7,16,FALSE,"fall_Communities"
"GDW (wasGYW)","WDW",11,16,FALSE,"fall_Communities"
"PND","WDW",11,16,FALSE,"fall_Communities"
"PNG","WDW",11,16,FALSE,"fall_Communities"
"PNP","WDW",11,16,FALSE,"fall_Communities"
"ROO","WDW",12,16,FALSE,"fall_Communities"
"RLB","WDW",13,16,FALSE,"fall_Communities"
"ROY","WDW",15,16,FALSE,"fall_Communities"
"WBO","WDW",15,16,FALSE,"fall_Communities"
"ROR","WDW",15,16,FALSE,"fall_Communities"
"SWS","WDW",15,16,FALSE,"fall_Communities"
"GDO","WDW",14,16,FALSE,"fall_Communities"
"PBS","WDW",14,16,FALSE,"fall_Communities"
"PNL","WDW",14,16,FALSE,"fall_Communities"
"PBP (was PBB)","WDW",14,16,FALSE,"fall_Communities"
"SRP","WDW",16,16,TRUE,"fall_Communities"
"GNT","WDW",16,16,TRUE,"fall_Communities"
"WDN","WDW",16,16,TRUE,"fall_Communities"
"STT","WDW",17,16,FALSE,"fall_Communities"
"SGB","WDW",17,16,FALSE,"fall_Communities"
"RGT","WDW",17,16,FALSE,"fall_Communities"
"RTT","WDW",18,16,FALSE,"fall_Communities"
"CRY","WDW",18,16,FALSE,"fall_Communities"
"GDD (was GDR)","WDW",18,16,FALSE,"fall_Communities"
"WDG","WDW",18,16,FALSE,"fall_Communities"
"GTR","WDW",18,16,FALSE,"fall_Communities"
"CGN","STT",1,17,FALSE,"fall_Communities"
"RRY","STT",2,17,FALSE,"fall_Communities"
"SDO","STT",2,17,FALSE,"fall_Communities"
"RRR","STT",2,17,FALSE,"fall_Communities"
"RRD","STT",2,17,FALSE,"fall_Communities"
"GOS","STT",3,17,FALSE,"fall_Communities"
"RSD","STT",3,17,FALSE,"fall_Communities"
"PBWorPWB","STT",3,17,FALSE,"fall_Communities"
"RBT","STT",3,17,FALSE,"fall_Communities"
"RBP","STT",3,17,FALSE,"fall_Communities"
"PNW","STT",5,17,FALSE,"fall_Communities"
"SOT","STT",5,17,FALSE,"fall_Communities"
"PLS","STT",6,17,FALSE,"fall_Communities"
"RTP","STT",6,17,FALSE,"fall_Communities"
"SOG","STT",5,17,FALSE,"fall_Communities"
"GBO (was GPT)","STT",7,17,FALSE,"fall_Communities"
"GDW (wasGYW)","STT",11,17,FALSE,"fall_Communities"
"PND","STT",11,17,FALSE,"fall_Communities"
"PNG","STT",11,17,FALSE,"fall_Communities"
"PNP","STT",11,17,FALSE,"fall_Communities"
"ROO","STT",12,17,FALSE,"fall_Communities"
"RLB","STT",13,17,FALSE,"fall_Communities"
"ROY","STT",15,17,FALSE,"fall_Communities"
"ROR","STT",15,17,FALSE,"fall_Communities"
"GDO","STT",14,17,FALSE,"fall_Communities"
"PBS","STT",14,17,FALSE,"fall_Communities"
"PNL","STT",14,17,FALSE,"fall_Communities"
"PBP (was PBB)","STT",14,17,FALSE,"fall_Communities"
"SRP","STT",16,17,FALSE,"fall_Communities"
"GNT","STT",16,17,FALSE,"fall_Communities"
"SGB","STT",17,17,TRUE,"fall_Communities"
"RGT","STT",17,17,TRUE,"fall_Communities"
"RTT","STT",18,17,FALSE,"fall_Communities"
"CRY","STT",18,17,FALSE,"fall_Communities"
"GDD (was GDR)","STT",18,17,FALSE,"fall_Communities"
"GTR","STT",18,17,FALSE,"fall_Communities"
"CGN","SGB",1,17,FALSE,"fall_Communities"
"RRY","SGB",2,17,FALSE,"fall_Communities"
"SDO","SGB",2,17,FALSE,"fall_Communities"
"RRR","SGB",2,17,FALSE,"fall_Communities"
"RRD","SGB",2,17,FALSE,"fall_Communities"
"GOS","SGB",3,17,FALSE,"fall_Communities"
"RSD","SGB",3,17,FALSE,"fall_Communities"
"PBWorPWB","SGB",3,17,FALSE,"fall_Communities"
"RBT","SGB",3,17,FALSE,"fall_Communities"
"RBP","SGB",3,17,FALSE,"fall_Communities"
"PNW","SGB",5,17,FALSE,"fall_Communities"
"PLS","SGB",6,17,FALSE,"fall_Communities"
"RTP","SGB",6,17,FALSE,"fall_Communities"
"GBO (was GPT)","SGB",7,17,FALSE,"fall_Communities"
"GDW (wasGYW)","SGB",11,17,FALSE,"fall_Communities"
"PND","SGB",11,17,FALSE,"fall_Communities"
"PNG","SGB",11,17,FALSE,"fall_Communities"
"PNP","SGB",11,17,FALSE,"fall_Communities"
"ROO","SGB",12,17,FALSE,"fall_Communities"
"RLB","SGB",13,17,FALSE,"fall_Communities"
"ROY","SGB",15,17,FALSE,"fall_Communities"
"ROR","SGB",15,17,FALSE,"fall_Communities"
"GDO","SGB",14,17,FALSE,"fall_Communities"
"PBS","SGB",14,17,FALSE,"fall_Communities"
"PNL","SGB",14,17,FALSE,"fall_Communities"
"PBP (was PBB)","SGB",14,17,FALSE,"fall_Communities"
"GNT","SGB",16,17,FALSE,"fall_Communities"
"RGT","SGB",17,17,TRUE,"fall_Communities"
"RTT","SGB",18,17,FALSE,"fall_Communities"
"CRY","SGB",18,17,FALSE,"fall_Communities"
"GDD (was GDR)","SGB",18,17,FALSE,"fall_Communities"
"GTR","SGB",18,17,FALSE,"fall_Communities"
"CGN","RGT",1,17,FALSE,"fall_Communities"
"GOS","RGT",3,17,FALSE,"fall_Communities"
"PBWorPWB","RGT",3,17,FALSE,"fall_Communities"
"RBT","RGT",3,17,FALSE,"fall_Communities"
"RBP","RGT",3,17,FALSE,"fall_Communities"
"PNW","RGT",5,17,FALSE,"fall_Communities"
"PLS","RGT",6,17,FALSE,"fall_Communities"
"GBO (was GPT)","RGT",7,17,FALSE,"fall_Communities"
"GDW (wasGYW)","RGT",11,17,FALSE,"fall_Communities"
"PND","RGT",11,17,FALSE,"fall_Communities"
"PNG","RGT",11,17,FALSE,"fall_Communities"
"PNP","RGT",11,17,FALSE,"fall_Communities"
"GDO","RGT",14,17,FALSE,"fall_Communities"
"PBS","RGT",14,17,FALSE,"fall_Communities"
"PNL","RGT",14,17,FALSE,"fall_Communities"
"PBP (was PBB)","RGT",14,17,FALSE,"fall_Communities"
"GNT","RGT",16,17,FALSE,"fall_Communities"
"CRY","RGT",18,17,FALSE,"fall_Communities"
"GDD (was GDR)","RGT",18,17,FALSE,"fall_Communities"
"GTR","RGT",18,17,FALSE,"fall_Communities"
"CGN","YPW",1,17,FALSE,"fall_Communities"
"RRY","YPW",2,17,FALSE,"fall_Communities"
"SDO","YPW",2,17,FALSE,"fall_Communities"
"RRR","YPW",2,17,FALSE,"fall_Communities"
"RRD","YPW",2,17,FALSE,"fall_Communities"
"SWT","YPW",2,17,FALSE,"fall_Communities"
"SYO","YPW",3,17,FALSE,"fall_Communities"
"GOS","YPW",3,17,FALSE,"fall_Communities"
"RSD","YPW",3,17,FALSE,"fall_Communities"
"SYT","YPW",3,17,FALSE,"fall_Communities"
"PBWorPWB","YPW",3,17,FALSE,"fall_Communities"
"SWB","YPW",3,17,FALSE,"fall_Communities"
"RBT","YPW",3,17,FALSE,"fall_Communities"
"SYR","YPW",3,17,FALSE,"fall_Communities"
"RBP","YPW",3,17,FALSE,"fall_Communities"
"WBT","YPW",4,17,FALSE,"fall_Communities"
"PNW","YPW",5,17,FALSE,"fall_Communities"
"YDP","YPW",5,17,FALSE,"fall_Communities"
"SOT","YPW",5,17,FALSE,"fall_Communities"
"PLS","YPW",6,17,FALSE,"fall_Communities"
"YPS","YPW",6,17,FALSE,"fall_Communities"
"RTP","YPW",6,17,FALSE,"fall_Communities"
"SOG","YPW",5,17,FALSE,"fall_Communities"
"YBN","YPW",7,17,FALSE,"fall_Communities"
"WOG","YPW",7,17,FALSE,"fall_Communities"
"YDT","YPW",8,17,FALSE,"fall_Communities"
"WSY","YPW",7,17,FALSE,"fall_Communities"
"YDD","YPW",9,17,FALSE,"fall_Communities"
"WWB","YPW",7,17,FALSE,"fall_Communities"
"YGD","YPW",7,17,FALSE,"fall_Communities"
"YDW","YPW",7,17,FALSE,"fall_Communities"
"GBO (was GPT)","YPW",7,17,FALSE,"fall_Communities"
"GDW (wasGYW)","YPW",11,17,FALSE,"fall_Communities"
"PND","YPW",11,17,FALSE,"fall_Communities"
"PNG","YPW",11,17,FALSE,"fall_Communities"
"PNP","YPW",11,17,FALSE,"fall_Communities"
"YOP","YPW",12,17,FALSE,"fall_Communities"
"ROO","YPW",12,17,FALSE,"fall_Communities"
"RLB","YPW",13,17,FALSE,"fall_Communities"
"YBT","YPW",14,17,FALSE,"fall_Communities"
"ROY","YPW",15,17,FALSE,"fall_Communities"
"WBO","YPW",15,17,FALSE,"fall_Communities"
"ROR","YPW",15,17,FALSE,"fall_Communities"
"YBY","YPW",14,17,FALSE,"fall_Communities"
"SWS","YPW",15,17,FALSE,"fall_Communities"
"YGY","YPW",14,17,FALSE,"fall_Communities"
"YND","YPW",14,17,FALSE,"fall_Communities"
"GDO","YPW",14,17,FALSE,"fall_Communities"
"PBS","YPW",14,17,FALSE,"fall_Communities"
"PNL","YPW",14,17,FALSE,"fall_Communities"
"PBP (was PBB)","YPW",14,17,FALSE,"fall_Communities"
"WWD","YPW",16,17,FALSE,"fall_Communities"
"SRP","YPW",16,17,FALSE,"fall_Communities"
"GNT","YPW",16,17,FALSE,"fall_Communities"
"WDN","YPW",16,17,FALSE,"fall_Communities"
"WDW","YPW",16,17,FALSE,"fall_Communities"
"STT","YPW",17,17,TRUE,"fall_Communities"
"SGB","YPW",17,17,TRUE,"fall_Communities"
"RGT","YPW",17,17,TRUE,"fall_Communities"
"RTT","YPW",18,17,FALSE,"fall_Communities"
"WYD","YPW",18,17,FALSE,"fall_Communities"
"CRY","YPW",18,17,FALSE,"fall_Communities"
"GDD (was GDR)","YPW",18,17,FALSE,"fall_Communities"
"WDG","YPW",18,17,FALSE,"fall_Communities"
"GTR","YPW",18,17,FALSE,"fall_Communities"
"CGN","RTT",1,18,FALSE,"fall_Communities"
"RRY","RTT",2,18,FALSE,"fall_Communities"
"RRR","RTT",2,18,FALSE,"fall_Communities"
"RRD","RTT",2,18,FALSE,"fall_Communities"
"GOS","RTT",3,18,FALSE,"fall_Communities"
"RSD","RTT",3,18,FALSE,"fall_Communities"
"PBWorPWB","RTT",3,18,FALSE,"fall_Communities"
"RBT","RTT",3,18,FALSE,"fall_Communities"
"RBP","RTT",3,18,FALSE,"fall_Communities"
"PNW","RTT",5,18,FALSE,"fall_Communities"
"PLS","RTT",6,18,FALSE,"fall_Communities"
"RTP","RTT",6,18,FALSE,"fall_Communities"
"GBO (was GPT)","RTT",7,18,FALSE,"fall_Communities"
"GDW (wasGYW)","RTT",11,18,FALSE,"fall_Communities"
"PND","RTT",11,18,FALSE,"fall_Communities"
"PNG","RTT",11,18,FALSE,"fall_Communities"
"PNP","RTT",11,18,FALSE,"fall_Communities"
"ROO","RTT",12,18,FALSE,"fall_Communities"
"RLB","RTT",13,18,FALSE,"fall_Communities"
"ROY","RTT",15,18,FALSE,"fall_Communities"
"ROR","RTT",15,18,FALSE,"fall_Communities"
"GDO","RTT",14,18,FALSE,"fall_Communities"
"PBS","RTT",14,18,FALSE,"fall_Communities"
"PNL","RTT",14,18,FALSE,"fall_Communities"
"PBP (was PBB)","RTT",14,18,FALSE,"fall_Communities"
"GNT","RTT",16,18,FALSE,"fall_Communities"
"RGT","RTT",17,18,FALSE,"fall_Communities"
"CRY","RTT",18,18,TRUE,"fall_Communities"
"GDD (was GDR)","RTT",18,18,TRUE,"fall_Communities"
"GTR","RTT",18,18,TRUE,"fall_Communities"
"CGN","WYD",1,18,FALSE,"fall_Communities"
"RRY","WYD",2,18,FALSE,"fall_Communities"
"SDO","WYD",2,18,FALSE,"fall_Communities"
"RRR","WYD",2,18,FALSE,"fall_Communities"
"RRD","WYD",2,18,FALSE,"fall_Communities"
"SWT","WYD",2,18,FALSE,"fall_Communities"
"SYO","WYD",3,18,FALSE,"fall_Communities"
"GOS","WYD",3,18,FALSE,"fall_Communities"
"RSD","WYD",3,18,FALSE,"fall_Communities"
"SYT","WYD",3,18,FALSE,"fall_Communities"
"PBWorPWB","WYD",3,18,FALSE,"fall_Communities"
"SWB","WYD",3,18,FALSE,"fall_Communities"
"RBT","WYD",3,18,FALSE,"fall_Communities"
"SYR","WYD",3,18,FALSE,"fall_Communities"
"RBP","WYD",3,18,FALSE,"fall_Communities"
"WBT","WYD",4,18,FALSE,"fall_Communities"
"PNW","WYD",5,18,FALSE,"fall_Communities"
"SOT","WYD",5,18,FALSE,"fall_Communities"
"PLS","WYD",6,18,FALSE,"fall_Communities"
"RTP","WYD",6,18,FALSE,"fall_Communities"
"SOG","WYD",5,18,FALSE,"fall_Communities"
"WOG","WYD",7,18,FALSE,"fall_Communities"
"WSY","WYD",7,18,FALSE,"fall_Communities"
"WWB","WYD",7,18,FALSE,"fall_Communities"
"GBO (was GPT)","WYD",7,18,FALSE,"fall_Communities"
"GDW (wasGYW)","WYD",11,18,FALSE,"fall_Communities"
"PND","WYD",11,18,FALSE,"fall_Communities"
"PNG","WYD",11,18,FALSE,"fall_Communities"
"PNP","WYD",11,18,FALSE,"fall_Communities"
"ROO","WYD",12,18,FALSE,"fall_Communities"
"RLB","WYD",13,18,FALSE,"fall_Communities"
"ROY","WYD",15,18,FALSE,"fall_Communities"
"WBO","WYD",15,18,FALSE,"fall_Communities"
"ROR","WYD",15,18,FALSE,"fall_Communities"
"SWS","WYD",15,18,FALSE,"fall_Communities"
"GDO","WYD",14,18,FALSE,"fall_Communities"
"PBS","WYD",14,18,FALSE,"fall_Communities"
"PNL","WYD",14,18,FALSE,"fall_Communities"
"PBP (was PBB)","WYD",14,18,FALSE,"fall_Communities"
"WWD","WYD",16,18,FALSE,"fall_Communities"
"SRP","WYD",16,18,FALSE,"fall_Communities"
"GNT","WYD",16,18,FALSE,"fall_Communities"
"WDN","WYD",16,18,FALSE,"fall_Communities"
"WDW","WYD",16,18,FALSE,"fall_Communities"
"STT","WYD",17,18,FALSE,"fall_Communities"
"SGB","WYD",17,18,FALSE,"fall_Communities"
"RGT","WYD",17,18,FALSE,"fall_Communities"
"RTT","WYD",18,18,TRUE,"fall_Communities"
"CRY","WYD",18,18,TRUE,"fall_Communities"
"GDD (was GDR)","WYD",18,18,TRUE,"fall_Communities"
"WDG","WYD",18,18,TRUE,"fall_Communities"
"GTR","WYD",18,18,TRUE,"fall_Communities"
"CGN","CRY",1,18,FALSE,"fall_Communities"
"CGN","YYN (was YNO)",1,18,FALSE,"fall_Communities"
"RRY","YYN (was YNO)",2,18,FALSE,"fall_Communities"
"SDO","YYN (was YNO)",2,18,FALSE,"fall_Communities"
"RRR","YYN (was YNO)",2,18,FALSE,"fall_Communities"
"RRD","YYN (was YNO)",2,18,FALSE,"fall_Communities"
"SWT","YYN (was YNO)",2,18,FALSE,"fall_Communities"
"SYO","YYN (was YNO)",3,18,FALSE,"fall_Communities"
"GOS","YYN (was YNO)",3,18,FALSE,"fall_Communities"
"RSD","YYN (was YNO)",3,18,FALSE,"fall_Communities"
"SYT","YYN (was YNO)",3,18,FALSE,"fall_Communities"
"PBWorPWB","YYN (was YNO)",3,18,FALSE,"fall_Communities"
"SWB","YYN (was YNO)",3,18,FALSE,"fall_Communities"
"RBT","YYN (was YNO)",3,18,FALSE,"fall_Communities"
"SYR","YYN (was YNO)",3,18,FALSE,"fall_Communities"
"RBP","YYN (was YNO)",3,18,FALSE,"fall_Communities"
"YWD","YYN (was YNO)",4,18,FALSE,"fall_Communities"
"WBT","YYN (was YNO)",4,18,FALSE,"fall_Communities"
"PNW","YYN (was YNO)",5,18,FALSE,"fall_Communities"
"YDP","YYN (was YNO)",5,18,FALSE,"fall_Communities"
"SOT","YYN (was YNO)",5,18,FALSE,"fall_Communities"
"PLS","YYN (was YNO)",6,18,FALSE,"fall_Communities"
"YPS","YYN (was YNO)",6,18,FALSE,"fall_Communities"
"RTP","YYN (was YNO)",6,18,FALSE,"fall_Communities"
"SOG","YYN (was YNO)",5,18,FALSE,"fall_Communities"
"YBN","YYN (was YNO)",7,18,FALSE,"fall_Communities"
"WOG","YYN (was YNO)",7,18,FALSE,"fall_Communities"
"YWS","YYN (was YNO)",8,18,FALSE,"fall_Communities"
"YDT","YYN (was YNO)",8,18,FALSE,"fall_Communities"
"WSY","YYN (was YNO)",7,18,FALSE,"fall_Communities"
"YDD","YYN (was YNO)",9,18,FALSE,"fall_Communities"
"WWB","YYN (was YNO)",7,18,FALSE,"fall_Communities"
"YGD","YYN (was YNO)",7,18,FALSE,"fall_Communities"
"YDW","YYN (was YNO)",7,18,FALSE,"fall_Communities"
"GBO (was GPT)","YYN (was YNO)",7,18,FALSE,"fall_Communities"
"YSR","YYN (was YNO)",10,18,FALSE,"fall_Communities"
"GDW (wasGYW)","YYN (was YNO)",11,18,FALSE,"fall_Communities"
"PND","YYN (was YNO)",11,18,FALSE,"fall_Communities"
"PNG","YYN (was YNO)",11,18,FALSE,"fall_Communities"
"PNP","YYN (was YNO)",11,18,FALSE,"fall_Communities"
"YOP","YYN (was YNO)",12,18,FALSE,"fall_Communities"
"ROO","YYN (was YNO)",12,18,FALSE,"fall_Communities"
"RLB","YYN (was YNO)",13,18,FALSE,"fall_Communities"
"YBT","YYN (was YNO)",14,18,FALSE,"fall_Communities"
"ROY","YYN (was YNO)",15,18,FALSE,"fall_Communities"
"WBO","YYN (was YNO)",15,18,FALSE,"fall_Communities"
"ROR","YYN (was YNO)",15,18,FALSE,"fall_Communities"
"YBY","YYN (was YNO)",14,18,FALSE,"fall_Communities"
"SWS","YYN (was YNO)",15,18,FALSE,"fall_Communities"
"YGY","YYN (was YNO)",14,18,FALSE,"fall_Communities"
"YND","YYN (was YNO)",14,18,FALSE,"fall_Communities"
"GDO","YYN (was YNO)",14,18,FALSE,"fall_Communities"
"PBS","YYN (was YNO)",14,18,FALSE,"fall_Communities"
"PNL","YYN (was YNO)",14,18,FALSE,"fall_Communities"
"PBP (was PBB)","YYN (was YNO)",14,18,FALSE,"fall_Communities"
"WWD","YYN (was YNO)",16,18,FALSE,"fall_Communities"
"SRP","YYN (was YNO)",16,18,FALSE,"fall_Communities"
"GNT","YYN (was YNO)",16,18,FALSE,"fall_Communities"
"WDN","YYN (was YNO)",16,18,FALSE,"fall_Communities"
"WDW","YYN (was YNO)",16,18,FALSE,"fall_Communities"
"STT","YYN (was YNO)",17,18,FALSE,"fall_Communities"
"SGB","YYN (was YNO)",17,18,FALSE,"fall_Communities"
"RGT","YYN (was YNO)",17,18,FALSE,"fall_Communities"
"YPW","YYN (was YNO)",17,18,FALSE,"fall_Communities"
"RTT","YYN (was YNO)",18,18,TRUE,"fall_Communities"
"WYD","YYN (was YNO)",18,18,TRUE,"fall_Communities"
"CRY","YYN (was YNO)",18,18,TRUE,"fall_Communities"
"GDD (was GDR)","YYN (was YNO)",18,18,TRUE,"fall_Communities"
"WDG","YYN (was YNO)",18,18,TRUE,"fall_Communities"
"GTR","YYN (was YNO)",18,18,TRUE,"fall_Communities"
"CGN","GDD (was GDR)",1,18,FALSE,"fall_Communities"
"GBO (was GPT)","GDD (was GDR)",7,18,FALSE,"fall_Communities"
"CRY","GDD (was GDR)",18,18,TRUE,"fall_Communities"
"CGN","WDG",1,18,FALSE,"fall_Communities"
"RRY","WDG",2,18,FALSE,"fall_Communities"
"SDO","WDG",2,18,FALSE,"fall_Communities"
"RRR","WDG",2,18,FALSE,"fall_Communities"
"RRD","WDG",2,18,FALSE,"fall_Communities"
"SWT","WDG",2,18,FALSE,"fall_Communities"
"SYO","WDG",3,18,FALSE,"fall_Communities"
"GOS","WDG",3,18,FALSE,"fall_Communities"
"RSD","WDG",3,18,FALSE,"fall_Communities"
"SYT","WDG",3,18,FALSE,"fall_Communities"
"PBWorPWB","WDG",3,18,FALSE,"fall_Communities"
"SWB","WDG",3,18,FALSE,"fall_Communities"
"RBT","WDG",3,18,FALSE,"fall_Communities"
"SYR","WDG",3,18,FALSE,"fall_Communities"
"RBP","WDG",3,18,FALSE,"fall_Communities"
"WBT","WDG",4,18,FALSE,"fall_Communities"
"PNW","WDG",5,18,FALSE,"fall_Communities"
"SOT","WDG",5,18,FALSE,"fall_Communities"
"PLS","WDG",6,18,FALSE,"fall_Communities"
"RTP","WDG",6,18,FALSE,"fall_Communities"
"SOG","WDG",5,18,FALSE,"fall_Communities"
"GBO (was GPT)","WDG",7,18,FALSE,"fall_Communities"
"GDW (wasGYW)","WDG",11,18,FALSE,"fall_Communities"
"PND","WDG",11,18,FALSE,"fall_Communities"
"PNG","WDG",11,18,FALSE,"fall_Communities"
"PNP","WDG",11,18,FALSE,"fall_Communities"
"ROO","WDG",12,18,FALSE,"fall_Communities"
"RLB","WDG",13,18,FALSE,"fall_Communities"
"ROY","WDG",15,18,FALSE,"fall_Communities"
"WBO","WDG",15,18,FALSE,"fall_Communities"
"ROR","WDG",15,18,FALSE,"fall_Communities"
"SWS","WDG",15,18,FALSE,"fall_Communities"
"GDO","WDG",14,18,FALSE,"fall_Communities"
"PBS","WDG",14,18,FALSE,"fall_Communities"
"PNL","WDG",14,18,FALSE,"fall_Communities"
"PBP (was PBB)","WDG",14,18,FALSE,"fall_Communities"
"SRP","WDG",16,18,FALSE,"fall_Communities"
"GNT","WDG",16,18,FALSE,"fall_Communities"
"STT","WDG",17,18,FALSE,"fall_Communities"
"SGB","WDG",17,18,FALSE,"fall_Communities"
"RGT","WDG",17,18,FALSE,"fall_Communities"
"RTT","WDG",18,18,TRUE,"fall_Communities"
"CRY","WDG",18,18,TRUE,"fall_Communities"
"GDD (was GDR)","WDG",18,18,TRUE,"fall_Communities"
"GTR","WDG",18,18,TRUE,"fall_Communities"
"CGN","GTR",1,18,FALSE,"fall_Communities"
"GOS","GTR",3,18,FALSE,"fall_Communities"
"GBO (was GPT)","GTR",7,18,FALSE,"fall_Communities"
"GDW (wasGYW)","GTR",11,18,FALSE,"fall_Communities"
"GDO","GTR",14,18,FALSE,"fall_Communities"
"GNT","GTR",16,18,FALSE,"fall_Communities"
"CRY","GTR",18,18,TRUE,"fall_Communities"
"GDD (was GDR)","GTR",18,18,TRUE,"fall_Communities"
