"Bird1","Bird2","Comm1","Comm2","SameCommunity","Season"
"SDO","SWT",1,1,TRUE,"summer_Communities"
"CGN","SWT",2,1,FALSE,"summer_Communities"
"GNG","SWT",2,1,FALSE,"summer_Communities"
"SDR","SWT",2,1,FALSE,"summer_Communities"
"SSS","SWT",2,1,FALSE,"summer_Communities"
"PDN","SWT",2,1,FALSE,"summer_Communities"
"RBP","SWT",2,1,FALSE,"summer_Communities"
"SWB","SWT",2,1,FALSE,"summer_Communities"
"SDT","SWT",2,1,FALSE,"summer_Communities"
"SOG","SWT",3,1,FALSE,"summer_Communities"
"GTP","SWT",3,1,FALSE,"summer_Communities"
"SPT","SWT",3,1,FALSE,"summer_Communities"
"PLS","SWT",3,1,FALSE,"summer_Communities"
"NOD","SWT",3,1,FALSE,"summer_Communities"
"NRO","SWT",5,1,FALSE,"summer_Communities"
"NSS","SWT",5,1,FALSE,"summer_Communities"
"SNR (was SNO)","SWT",6,1,FALSE,"summer_Communities"
"GBO (was GPT)","SWT",6,1,FALSE,"summer_Communities"
"GPW","SWT",6,1,FALSE,"summer_Communities"
"GSN","SWT",6,1,FALSE,"summer_Communities"
"RDO","SWT",6,1,FALSE,"summer_Communities"
"PND","SWT",7,1,FALSE,"summer_Communities"
"RNO","SWT",7,1,FALSE,"summer_Communities"
"PNG","SWT",7,1,FALSE,"summer_Communities"
"GLS","SWT",7,1,FALSE,"summer_Communities"
"SPW","SWT",8,1,FALSE,"summer_Communities"
"ROW","SWT",8,1,FALSE,"summer_Communities"
"GPB","SWT",8,1,FALSE,"summer_Communities"
"GDO","SWT",9,1,FALSE,"summer_Communities"
"SGB","SWT",9,1,FALSE,"summer_Communities"
"PNL","SWT",9,1,FALSE,"summer_Communities"
"RGT","SWT",9,1,FALSE,"summer_Communities"
"RTT","SWT",11,1,FALSE,"summer_Communities"
"PBP (was PBB)","SWT",9,1,FALSE,"summer_Communities"
"STT","SWT",9,1,FALSE,"summer_Communities"
"GDN (was GDY)","SWT",11,1,FALSE,"summer_Communities"
"GPR","SWT",11,1,FALSE,"summer_Communities"
"CRY","SWT",11,1,FALSE,"summer_Communities"
"CGN","SDO",2,1,FALSE,"summer_Communities"
"GNG","SDO",2,1,FALSE,"summer_Communities"
"PDN","SDO",2,1,FALSE,"summer_Communities"
"RBP","SDO",2,1,FALSE,"summer_Communities"
"GTP","SDO",3,1,FALSE,"summer_Communities"
"PLS","SDO",3,1,FALSE,"summer_Communities"
"NOD","SDO",3,1,FALSE,"summer_Communities"
"NRO","SDO",5,1,FALSE,"summer_Communities"
"NSS","SDO",5,1,FALSE,"summer_Communities"
"GBO (was GPT)","SDO",6,1,FALSE,"summer_Communities"
"GPW","SDO",6,1,FALSE,"summer_Communities"
"GSN","SDO",6,1,FALSE,"summer_Communities"
"RDO","SDO",6,1,FALSE,"summer_Communities"
"PND","SDO",7,1,FALSE,"summer_Communities"
"RNO","SDO",7,1,FALSE,"summer_Communities"
"PNG","SDO",7,1,FALSE,"summer_Communities"
"GLS","SDO",7,1,FALSE,"summer_Communities"
"ROW","SDO",8,1,FALSE,"summer_Communities"
"GPB","SDO",8,1,FALSE,"summer_Communities"
"GDO","SDO",9,1,FALSE,"summer_Communities"
"PNL","SDO",9,1,FALSE,"summer_Communities"
"RGT","SDO",9,1,FALSE,"summer_Communities"
"RTT","SDO",11,1,FALSE,"summer_Communities"
"PBP (was PBB)","SDO",9,1,FALSE,"summer_Communities"
"GDN (was GDY)","SDO",11,1,FALSE,"summer_Communities"
"GPR","SDO",11,1,FALSE,"summer_Communities"
"CRY","SDO",11,1,FALSE,"summer_Communities"
"SWT","WPW",1,1,TRUE,"summer_Communities"
"SDO","WPW",1,1,TRUE,"summer_Communities"
"CGN","WPW",2,1,FALSE,"summer_Communities"
"GNG","WPW",2,1,FALSE,"summer_Communities"
"SDR","WPW",2,1,FALSE,"summer_Communities"
"SSS","WPW",2,1,FALSE,"summer_Communities"
"SYO","WPW",2,1,FALSE,"summer_Communities"
"PDN","WPW",2,1,FALSE,"summer_Communities"
"RBP","WPW",2,1,FALSE,"summer_Communities"
"SWB","WPW",2,1,FALSE,"summer_Communities"
"SDT","WPW",2,1,FALSE,"summer_Communities"
"SOG","WPW",3,1,FALSE,"summer_Communities"
"GTP","WPW",3,1,FALSE,"summer_Communities"
"SPT","WPW",3,1,FALSE,"summer_Communities"
"PLS","WPW",3,1,FALSE,"summer_Communities"
"NOD","WPW",3,1,FALSE,"summer_Communities"
"WOG","WPW",4,1,FALSE,"summer_Communities"
"WPD","WPW",5,1,FALSE,"summer_Communities"
"WPG","WPW",3,1,FALSE,"summer_Communities"
"NRO","WPW",5,1,FALSE,"summer_Communities"
"NSS","WPW",5,1,FALSE,"summer_Communities"
"WNS","WPW",6,1,FALSE,"summer_Communities"
"SNR (was SNO)","WPW",6,1,FALSE,"summer_Communities"
"GBO (was GPT)","WPW",6,1,FALSE,"summer_Communities"
"GPW","WPW",6,1,FALSE,"summer_Communities"
"WDY","WPW",6,1,FALSE,"summer_Communities"
"GSN","WPW",6,1,FALSE,"summer_Communities"
"RDO","WPW",6,1,FALSE,"summer_Communities"
"PND","WPW",7,1,FALSE,"summer_Communities"
"RNO","WPW",7,1,FALSE,"summer_Communities"
"PNG","WPW",7,1,FALSE,"summer_Communities"
"GLS","WPW",7,1,FALSE,"summer_Communities"
"WPB","WPW",8,1,FALSE,"summer_Communities"
"WNP","WPW",8,1,FALSE,"summer_Communities"
"SPW","WPW",8,1,FALSE,"summer_Communities"
"ROW","WPW",8,1,FALSE,"summer_Communities"
"GPB","WPW",8,1,FALSE,"summer_Communities"
"GDO","WPW",9,1,FALSE,"summer_Communities"
"WPS","WPW",9,1,FALSE,"summer_Communities"
"WDB","WPW",10,1,FALSE,"summer_Communities"
"SGB","WPW",9,1,FALSE,"summer_Communities"
"PNL","WPW",9,1,FALSE,"summer_Communities"
"WDT","WPW",9,1,FALSE,"summer_Communities"
"RGT","WPW",9,1,FALSE,"summer_Communities"
"RTT","WPW",11,1,FALSE,"summer_Communities"
"PBP (was PBB)","WPW",9,1,FALSE,"summer_Communities"
"STT","WPW",9,1,FALSE,"summer_Communities"
"GDN (was GDY)","WPW",11,1,FALSE,"summer_Communities"
"GPR","WPW",11,1,FALSE,"summer_Communities"
"WDD","WPW",11,1,FALSE,"summer_Communities"
"CRY","WPW",11,1,FALSE,"summer_Communities"
"WDG","WPW",11,1,FALSE,"summer_Communities"
"CGN","GNG",2,2,TRUE,"summer_Communities"
"GBO (was GPT)","GNG",6,2,FALSE,"summer_Communities"
"GLS","GNG",7,2,FALSE,"summer_Communities"
"GDO","GNG",9,2,FALSE,"summer_Communities"
"GDN (was GDY)","GNG",11,2,FALSE,"summer_Communities"
"CRY","GNG",11,2,FALSE,"summer_Communities"
"SDO","SDR",1,2,FALSE,"summer_Communities"
"CGN","SDR",2,2,TRUE,"summer_Communities"
"GNG","SDR",2,2,TRUE,"summer_Communities"
"PDN","SDR",2,2,TRUE,"summer_Communities"
"RBP","SDR",2,2,TRUE,"summer_Communities"
"GTP","SDR",3,2,FALSE,"summer_Communities"
"PLS","SDR",3,2,FALSE,"summer_Communities"
"NOD","SDR",3,2,FALSE,"summer_Communities"
"NRO","SDR",5,2,FALSE,"summer_Communities"
"NSS","SDR",5,2,FALSE,"summer_Communities"
"GBO (was GPT)","SDR",6,2,FALSE,"summer_Communities"
"GPW","SDR",6,2,FALSE,"summer_Communities"
"GSN","SDR",6,2,FALSE,"summer_Communities"
"RDO","SDR",6,2,FALSE,"summer_Communities"
"PND","SDR",7,2,FALSE,"summer_Communities"
"RNO","SDR",7,2,FALSE,"summer_Communities"
"PNG","SDR",7,2,FALSE,"summer_Communities"
"GLS","SDR",7,2,FALSE,"summer_Communities"
"ROW","SDR",8,2,FALSE,"summer_Communities"
"GPB","SDR",8,2,FALSE,"summer_Communities"
"GDO","SDR",9,2,FALSE,"summer_Communities"
"PNL","SDR",9,2,FALSE,"summer_Communities"
"RGT","SDR",9,2,FALSE,"summer_Communities"
"RTT","SDR",11,2,FALSE,"summer_Communities"
"PBP (was PBB)","SDR",9,2,FALSE,"summer_Communities"
"GDN (was GDY)","SDR",11,2,FALSE,"summer_Communities"
"GPR","SDR",11,2,FALSE,"summer_Communities"
"CRY","SDR",11,2,FALSE,"summer_Communities"
"SDO","SSS",1,2,FALSE,"summer_Communities"
"CGN","SSS",2,2,TRUE,"summer_Communities"
"GNG","SSS",2,2,TRUE,"summer_Communities"
"SDR","SSS",2,2,TRUE,"summer_Communities"
"PDN","SSS",2,2,TRUE,"summer_Communities"
"RBP","SSS",2,2,TRUE,"summer_Communities"
"SDT","SSS",2,2,TRUE,"summer_Communities"
"SOG","SSS",3,2,FALSE,"summer_Communities"
"GTP","SSS",3,2,FALSE,"summer_Communities"
"SPT","SSS",3,2,FALSE,"summer_Communities"
"PLS","SSS",3,2,FALSE,"summer_Communities"
"NOD","SSS",3,2,FALSE,"summer_Communities"
"NRO","SSS",5,2,FALSE,"summer_Communities"
"NSS","SSS",5,2,FALSE,"summer_Communities"
"SNR (was SNO)","SSS",6,2,FALSE,"summer_Communities"
"GBO (was GPT)","SSS",6,2,FALSE,"summer_Communities"
"GPW","SSS",6,2,FALSE,"summer_Communities"
"GSN","SSS",6,2,FALSE,"summer_Communities"
"RDO","SSS",6,2,FALSE,"summer_Communities"
"PND","SSS",7,2,FALSE,"summer_Communities"
"RNO","SSS",7,2,FALSE,"summer_Communities"
"PNG","SSS",7,2,FALSE,"summer_Communities"
"GLS","SSS",7,2,FALSE,"summer_Communities"
"SPW","SSS",8,2,FALSE,"summer_Communities"
"ROW","SSS",8,2,FALSE,"summer_Communities"
"GPB","SSS",8,2,FALSE,"summer_Communities"
"GDO","SSS",9,2,FALSE,"summer_Communities"
"SGB","SSS",9,2,FALSE,"summer_Communities"
"PNL","SSS",9,2,FALSE,"summer_Communities"
"RGT","SSS",9,2,FALSE,"summer_Communities"
"RTT","SSS",11,2,FALSE,"summer_Communities"
"PBP (was PBB)","SSS",9,2,FALSE,"summer_Communities"
"GDN (was GDY)","SSS",11,2,FALSE,"summer_Communities"
"GPR","SSS",11,2,FALSE,"summer_Communities"
"CRY","SSS",11,2,FALSE,"summer_Communities"
"SWT","SYO",1,2,FALSE,"summer_Communities"
"SDO","SYO",1,2,FALSE,"summer_Communities"
"CGN","SYO",2,2,TRUE,"summer_Communities"
"GNG","SYO",2,2,TRUE,"summer_Communities"
"SDR","SYO",2,2,TRUE,"summer_Communities"
"SSS","SYO",2,2,TRUE,"summer_Communities"
"PDN","SYO",2,2,TRUE,"summer_Communities"
"RBP","SYO",2,2,TRUE,"summer_Communities"
"SWB","SYO",2,2,TRUE,"summer_Communities"
"SDT","SYO",2,2,TRUE,"summer_Communities"
"SOG","SYO",3,2,FALSE,"summer_Communities"
"GTP","SYO",3,2,FALSE,"summer_Communities"
"SPT","SYO",3,2,FALSE,"summer_Communities"
"PLS","SYO",3,2,FALSE,"summer_Communities"
"NOD","SYO",3,2,FALSE,"summer_Communities"
"NRO","SYO",5,2,FALSE,"summer_Communities"
"NSS","SYO",5,2,FALSE,"summer_Communities"
"SNR (was SNO)","SYO",6,2,FALSE,"summer_Communities"
"GBO (was GPT)","SYO",6,2,FALSE,"summer_Communities"
"GPW","SYO",6,2,FALSE,"summer_Communities"
"GSN","SYO",6,2,FALSE,"summer_Communities"
"RDO","SYO",6,2,FALSE,"summer_Communities"
"PND","SYO",7,2,FALSE,"summer_Communities"
"RNO","SYO",7,2,FALSE,"summer_Communities"
"PNG","SYO",7,2,FALSE,"summer_Communities"
"GLS","SYO",7,2,FALSE,"summer_Communities"
"SPW","SYO",8,2,FALSE,"summer_Communities"
"ROW","SYO",8,2,FALSE,"summer_Communities"
"GPB","SYO",8,2,FALSE,"summer_Communities"
"GDO","SYO",9,2,FALSE,"summer_Communities"
"SGB","SYO",9,2,FALSE,"summer_Communities"
"PNL","SYO",9,2,FALSE,"summer_Communities"
"RGT","SYO",9,2,FALSE,"summer_Communities"
"RTT","SYO",11,2,FALSE,"summer_Communities"
"PBP (was PBB)","SYO",9,2,FALSE,"summer_Communities"
"STT","SYO",9,2,FALSE,"summer_Communities"
"GDN (was GDY)","SYO",11,2,FALSE,"summer_Communities"
"GPR","SYO",11,2,FALSE,"summer_Communities"
"CRY","SYO",11,2,FALSE,"summer_Communities"
"CGN","PDN",2,2,TRUE,"summer_Communities"
"GNG","PDN",2,2,TRUE,"summer_Communities"
"GTP","PDN",3,2,FALSE,"summer_Communities"
"NOD","PDN",3,2,FALSE,"summer_Communities"
"NRO","PDN",5,2,FALSE,"summer_Communities"
"NSS","PDN",5,2,FALSE,"summer_Communities"
"GBO (was GPT)","PDN",6,2,FALSE,"summer_Communities"
"GPW","PDN",6,2,FALSE,"summer_Communities"
"GSN","PDN",6,2,FALSE,"summer_Communities"
"GLS","PDN",7,2,FALSE,"summer_Communities"
"GPB","PDN",8,2,FALSE,"summer_Communities"
"GDO","PDN",9,2,FALSE,"summer_Communities"
"PBP (was PBB)","PDN",9,2,FALSE,"summer_Communities"
"GDN (was GDY)","PDN",11,2,FALSE,"summer_Communities"
"GPR","PDN",11,2,FALSE,"summer_Communities"
"CRY","PDN",11,2,FALSE,"summer_Communities"
"CGN","RBP",2,2,TRUE,"summer_Communities"
"GNG","RBP",2,2,TRUE,"summer_Communities"
"PDN","RBP",2,2,TRUE,"summer_Communities"
"GTP","RBP",3,2,FALSE,"summer_Communities"
"PLS","RBP",3,2,FALSE,"summer_Communities"
"NOD","RBP",3,2,FALSE,"summer_Communities"
"NRO","RBP",5,2,FALSE,"summer_Communities"
"NSS","RBP",5,2,FALSE,"summer_Communities"
"GBO (was GPT)","RBP",6,2,FALSE,"summer_Communities"
"GPW","RBP",6,2,FALSE,"summer_Communities"
"GSN","RBP",6,2,FALSE,"summer_Communities"
"PND","RBP",7,2,FALSE,"summer_Communities"
"PNG","RBP",7,2,FALSE,"summer_Communities"
"GLS","RBP",7,2,FALSE,"summer_Communities"
"GPB","RBP",8,2,FALSE,"summer_Communities"
"GDO","RBP",9,2,FALSE,"summer_Communities"
"PNL","RBP",9,2,FALSE,"summer_Communities"
"PBP (was PBB)","RBP",9,2,FALSE,"summer_Communities"
"GDN (was GDY)","RBP",11,2,FALSE,"summer_Communities"
"GPR","RBP",11,2,FALSE,"summer_Communities"
"CRY","RBP",11,2,FALSE,"summer_Communities"
"SDO","SWB",1,2,FALSE,"summer_Communities"
"CGN","SWB",2,2,TRUE,"summer_Communities"
"GNG","SWB",2,2,TRUE,"summer_Communities"
"SDR","SWB",2,2,TRUE,"summer_Communities"
"SSS","SWB",2,2,TRUE,"summer_Communities"
"PDN","SWB",2,2,TRUE,"summer_Communities"
"RBP","SWB",2,2,TRUE,"summer_Communities"
"SDT","SWB",2,2,TRUE,"summer_Communities"
"SOG","SWB",3,2,FALSE,"summer_Communities"
"GTP","SWB",3,2,FALSE,"summer_Communities"
"SPT","SWB",3,2,FALSE,"summer_Communities"
"PLS","SWB",3,2,FALSE,"summer_Communities"
"NOD","SWB",3,2,FALSE,"summer_Communities"
"NRO","SWB",5,2,FALSE,"summer_Communities"
"NSS","SWB",5,2,FALSE,"summer_Communities"
"SNR (was SNO)","SWB",6,2,FALSE,"summer_Communities"
"GBO (was GPT)","SWB",6,2,FALSE,"summer_Communities"
"GPW","SWB",6,2,FALSE,"summer_Communities"
"GSN","SWB",6,2,FALSE,"summer_Communities"
"RDO","SWB",6,2,FALSE,"summer_Communities"
"PND","SWB",7,2,FALSE,"summer_Communities"
"RNO","SWB",7,2,FALSE,"summer_Communities"
"PNG","SWB",7,2,FALSE,"summer_Communities"
"GLS","SWB",7,2,FALSE,"summer_Communities"
"SPW","SWB",8,2,FALSE,"summer_Communities"
"ROW","SWB",8,2,FALSE,"summer_Communities"
"GPB","SWB",8,2,FALSE,"summer_Communities"
"GDO","SWB",9,2,FALSE,"summer_Communities"
"SGB","SWB",9,2,FALSE,"summer_Communities"
"PNL","SWB",9,2,FALSE,"summer_Communities"
"RGT","SWB",9,2,FALSE,"summer_Communities"
"RTT","SWB",11,2,FALSE,"summer_Communities"
"PBP (was PBB)","SWB",9,2,FALSE,"summer_Communities"
"STT","SWB",9,2,FALSE,"summer_Communities"
"GDN (was GDY)","SWB",11,2,FALSE,"summer_Communities"
"GPR","SWB",11,2,FALSE,"summer_Communities"
"CRY","SWB",11,2,FALSE,"summer_Communities"
"SDO","SDT",1,2,FALSE,"summer_Communities"
"CGN","SDT",2,2,TRUE,"summer_Communities"
"GNG","SDT",2,2,TRUE,"summer_Communities"
"SDR","SDT",2,2,TRUE,"summer_Communities"
"PDN","SDT",2,2,TRUE,"summer_Communities"
"RBP","SDT",2,2,TRUE,"summer_Communities"
"GTP","SDT",3,2,FALSE,"summer_Communities"
"PLS","SDT",3,2,FALSE,"summer_Communities"
"NOD","SDT",3,2,FALSE,"summer_Communities"
"NRO","SDT",5,2,FALSE,"summer_Communities"
"NSS","SDT",5,2,FALSE,"summer_Communities"
"GBO (was GPT)","SDT",6,2,FALSE,"summer_Communities"
"GPW","SDT",6,2,FALSE,"summer_Communities"
"GSN","SDT",6,2,FALSE,"summer_Communities"
"RDO","SDT",6,2,FALSE,"summer_Communities"
"PND","SDT",7,2,FALSE,"summer_Communities"
"RNO","SDT",7,2,FALSE,"summer_Communities"
"PNG","SDT",7,2,FALSE,"summer_Communities"
"GLS","SDT",7,2,FALSE,"summer_Communities"
"ROW","SDT",8,2,FALSE,"summer_Communities"
"GPB","SDT",8,2,FALSE,"summer_Communities"
"GDO","SDT",9,2,FALSE,"summer_Communities"
"PNL","SDT",9,2,FALSE,"summer_Communities"
"RGT","SDT",9,2,FALSE,"summer_Communities"
"RTT","SDT",11,2,FALSE,"summer_Communities"
"PBP (was PBB)","SDT",9,2,FALSE,"summer_Communities"
"GDN (was GDY)","SDT",11,2,FALSE,"summer_Communities"
"GPR","SDT",11,2,FALSE,"summer_Communities"
"CRY","SDT",11,2,FALSE,"summer_Communities"
"SDO","SOG",1,3,FALSE,"summer_Communities"
"CGN","SOG",2,3,FALSE,"summer_Communities"
"GNG","SOG",2,3,FALSE,"summer_Communities"
"SDR","SOG",2,3,FALSE,"summer_Communities"
"PDN","SOG",2,3,FALSE,"summer_Communities"
"RBP","SOG",2,3,FALSE,"summer_Communities"
"SDT","SOG",2,3,FALSE,"summer_Communities"
"GTP","SOG",3,3,TRUE,"summer_Communities"
"PLS","SOG",3,3,TRUE,"summer_Communities"
"NOD","SOG",3,3,TRUE,"summer_Communities"
"NRO","SOG",5,3,FALSE,"summer_Communities"
"NSS","SOG",5,3,FALSE,"summer_Communities"
"SNR (was SNO)","SOG",6,3,FALSE,"summer_Communities"
"GBO (was GPT)","SOG",6,3,FALSE,"summer_Communities"
"GPW","SOG",6,3,FALSE,"summer_Communities"
"GSN","SOG",6,3,FALSE,"summer_Communities"
"RDO","SOG",6,3,FALSE,"summer_Communities"
"PND","SOG",7,3,FALSE,"summer_Communities"
"RNO","SOG",7,3,FALSE,"summer_Communities"
"PNG","SOG",7,3,FALSE,"summer_Communities"
"GLS","SOG",7,3,FALSE,"summer_Communities"
"ROW","SOG",8,3,FALSE,"summer_Communities"
"GPB","SOG",8,3,FALSE,"summer_Communities"
"GDO","SOG",9,3,FALSE,"summer_Communities"
"SGB","SOG",9,3,FALSE,"summer_Communities"
"PNL","SOG",9,3,FALSE,"summer_Communities"
"RGT","SOG",9,3,FALSE,"summer_Communities"
"RTT","SOG",11,3,FALSE,"summer_Communities"
"PBP (was PBB)","SOG",9,3,FALSE,"summer_Communities"
"GDN (was GDY)","SOG",11,3,FALSE,"summer_Communities"
"GPR","SOG",11,3,FALSE,"summer_Communities"
"CRY","SOG",11,3,FALSE,"summer_Communities"
"CGN","GTP",2,3,FALSE,"summer_Communities"
"GNG","GTP",2,3,FALSE,"summer_Communities"
"GBO (was GPT)","GTP",6,3,FALSE,"summer_Communities"
"GPW","GTP",6,3,FALSE,"summer_Communities"
"GSN","GTP",6,3,FALSE,"summer_Communities"
"GLS","GTP",7,3,FALSE,"summer_Communities"
"GPB","GTP",8,3,FALSE,"summer_Communities"
"GDO","GTP",9,3,FALSE,"summer_Communities"
"GDN (was GDY)","GTP",11,3,FALSE,"summer_Communities"
"GPR","GTP",11,3,FALSE,"summer_Communities"
"CRY","GTP",11,3,FALSE,"summer_Communities"
"SWT","YPS",1,3,FALSE,"summer_Communities"
"SDO","YPS",1,3,FALSE,"summer_Communities"
"CGN","YPS",2,3,FALSE,"summer_Communities"
"WPW","YPS",1,3,FALSE,"summer_Communities"
"GNG","YPS",2,3,FALSE,"summer_Communities"
"SDR","YPS",2,3,FALSE,"summer_Communities"
"SSS","YPS",2,3,FALSE,"summer_Communities"
"SYO","YPS",2,3,FALSE,"summer_Communities"
"PDN","YPS",2,3,FALSE,"summer_Communities"
"RBP","YPS",2,3,FALSE,"summer_Communities"
"SWB","YPS",2,3,FALSE,"summer_Communities"
"SDT","YPS",2,3,FALSE,"summer_Communities"
"SOG","YPS",3,3,TRUE,"summer_Communities"
"GTP","YPS",3,3,TRUE,"summer_Communities"
"SPT","YPS",3,3,TRUE,"summer_Communities"
"PLS","YPS",3,3,TRUE,"summer_Communities"
"NOD","YPS",3,3,TRUE,"summer_Communities"
"WSY","YPS",4,3,FALSE,"summer_Communities"
"YBN","YPS",4,3,FALSE,"summer_Communities"
"WOG","YPS",4,3,FALSE,"summer_Communities"
"WPD","YPS",5,3,FALSE,"summer_Communities"
"YDT","YPS",5,3,FALSE,"summer_Communities"
"WPG","YPS",3,3,TRUE,"summer_Communities"
"NRO","YPS",5,3,FALSE,"summer_Communities"
"NSS","YPS",5,3,FALSE,"summer_Communities"
"YDW","YPS",6,3,FALSE,"summer_Communities"
"WNS","YPS",6,3,FALSE,"summer_Communities"
"SNR (was SNO)","YPS",6,3,FALSE,"summer_Communities"
"GBO (was GPT)","YPS",6,3,FALSE,"summer_Communities"
"YGD","YPS",6,3,FALSE,"summer_Communities"
"GPW","YPS",6,3,FALSE,"summer_Communities"
"WDY","YPS",6,3,FALSE,"summer_Communities"
"GSN","YPS",6,3,FALSE,"summer_Communities"
"RDO","YPS",6,3,FALSE,"summer_Communities"
"PND","YPS",7,3,FALSE,"summer_Communities"
"RNO","YPS",7,3,FALSE,"summer_Communities"
"PNG","YPS",7,3,FALSE,"summer_Communities"
"GLS","YPS",7,3,FALSE,"summer_Communities"
"WPB","YPS",8,3,FALSE,"summer_Communities"
"WNP","YPS",8,3,FALSE,"summer_Communities"
"SPW","YPS",8,3,FALSE,"summer_Communities"
"ROW","YPS",8,3,FALSE,"summer_Communities"
"YND","YPS",8,3,FALSE,"summer_Communities"
"YOD","YPS",8,3,FALSE,"summer_Communities"
"GPB","YPS",8,3,FALSE,"summer_Communities"
"YBY","YPS",9,3,FALSE,"summer_Communities"
"YGY","YPS",9,3,FALSE,"summer_Communities"
"YBT","YPS",9,3,FALSE,"summer_Communities"
"GDO","YPS",9,3,FALSE,"summer_Communities"
"WPS","YPS",9,3,FALSE,"summer_Communities"
"WDB","YPS",10,3,FALSE,"summer_Communities"
"WTW","YPS",9,3,FALSE,"summer_Communities"
"SGB","YPS",9,3,FALSE,"summer_Communities"
"PNL","YPS",9,3,FALSE,"summer_Communities"
"WDT","YPS",9,3,FALSE,"summer_Communities"
"RGT","YPS",9,3,FALSE,"summer_Communities"
"RTT","YPS",11,3,FALSE,"summer_Communities"
"PBP (was PBB)","YPS",9,3,FALSE,"summer_Communities"
"STT","YPS",9,3,FALSE,"summer_Communities"
"GDN (was GDY)","YPS",11,3,FALSE,"summer_Communities"
"GPR","YPS",11,3,FALSE,"summer_Communities"
"WDD","YPS",11,3,FALSE,"summer_Communities"
"CRY","YPS",11,3,FALSE,"summer_Communities"
"WDG","YPS",11,3,FALSE,"summer_Communities"
"WYD","YPS",11,3,FALSE,"summer_Communities"
"SDO","SPT",1,3,FALSE,"summer_Communities"
"CGN","SPT",2,3,FALSE,"summer_Communities"
"GNG","SPT",2,3,FALSE,"summer_Communities"
"SDR","SPT",2,3,FALSE,"summer_Communities"
"PDN","SPT",2,3,FALSE,"summer_Communities"
"RBP","SPT",2,3,FALSE,"summer_Communities"
"SDT","SPT",2,3,FALSE,"summer_Communities"
"SOG","SPT",3,3,TRUE,"summer_Communities"
"GTP","SPT",3,3,TRUE,"summer_Communities"
"PLS","SPT",3,3,TRUE,"summer_Communities"
"NOD","SPT",3,3,TRUE,"summer_Communities"
"NRO","SPT",5,3,FALSE,"summer_Communities"
"NSS","SPT",5,3,FALSE,"summer_Communities"
"SNR (was SNO)","SPT",6,3,FALSE,"summer_Communities"
"GBO (was GPT)","SPT",6,3,FALSE,"summer_Communities"
"GPW","SPT",6,3,FALSE,"summer_Communities"
"GSN","SPT",6,3,FALSE,"summer_Communities"
"RDO","SPT",6,3,FALSE,"summer_Communities"
"PND","SPT",7,3,FALSE,"summer_Communities"
"RNO","SPT",7,3,FALSE,"summer_Communities"
"PNG","SPT",7,3,FALSE,"summer_Communities"
"GLS","SPT",7,3,FALSE,"summer_Communities"
"ROW","SPT",8,3,FALSE,"summer_Communities"
"GPB","SPT",8,3,FALSE,"summer_Communities"
"GDO","SPT",9,3,FALSE,"summer_Communities"
"SGB","SPT",9,3,FALSE,"summer_Communities"
"PNL","SPT",9,3,FALSE,"summer_Communities"
"RGT","SPT",9,3,FALSE,"summer_Communities"
"RTT","SPT",11,3,FALSE,"summer_Communities"
"PBP (was PBB)","SPT",9,3,FALSE,"summer_Communities"
"GDN (was GDY)","SPT",11,3,FALSE,"summer_Communities"
"GPR","SPT",11,3,FALSE,"summer_Communities"
"CRY","SPT",11,3,FALSE,"summer_Communities"
"CGN","PLS",2,3,FALSE,"summer_Communities"
"GNG","PLS",2,3,FALSE,"summer_Communities"
"PDN","PLS",2,3,FALSE,"summer_Communities"
"GTP","PLS",3,3,TRUE,"summer_Communities"
"NOD","PLS",3,3,TRUE,"summer_Communities"
"NRO","PLS",5,3,FALSE,"summer_Communities"
"NSS","PLS",5,3,FALSE,"summer_Communities"
"GBO (was GPT)","PLS",6,3,FALSE,"summer_Communities"
"GPW","PLS",6,3,FALSE,"summer_Communities"
"GSN","PLS",6,3,FALSE,"summer_Communities"
"GLS","PLS",7,3,FALSE,"summer_Communities"
"GPB","PLS",8,3,FALSE,"summer_Communities"
"GDO","PLS",9,3,FALSE,"summer_Communities"
"PBP (was PBB)","PLS",9,3,FALSE,"summer_Communities"
"GDN (was GDY)","PLS",11,3,FALSE,"summer_Communities"
"GPR","PLS",11,3,FALSE,"summer_Communities"
"CRY","PLS",11,3,FALSE,"summer_Communities"
"CGN","NOD",2,3,FALSE,"summer_Communities"
"GNG","NOD",2,3,FALSE,"summer_Communities"
"GTP","NOD",3,3,TRUE,"summer_Communities"
"GBO (was GPT)","NOD",6,3,FALSE,"summer_Communities"
"GPW","NOD",6,3,FALSE,"summer_Communities"
"GSN","NOD",6,3,FALSE,"summer_Communities"
"GLS","NOD",7,3,FALSE,"summer_Communities"
"GPB","NOD",8,3,FALSE,"summer_Communities"
"GDO","NOD",9,3,FALSE,"summer_Communities"
"GDN (was GDY)","NOD",11,3,FALSE,"summer_Communities"
"GPR","NOD",11,3,FALSE,"summer_Communities"
"CRY","NOD",11,3,FALSE,"summer_Communities"
"SWT","WSY",1,4,FALSE,"summer_Communities"
"SDO","WSY",1,4,FALSE,"summer_Communities"
"CGN","WSY",2,4,FALSE,"summer_Communities"
"WPW","WSY",1,4,FALSE,"summer_Communities"
"GNG","WSY",2,4,FALSE,"summer_Communities"
"SDR","WSY",2,4,FALSE,"summer_Communities"
"SSS","WSY",2,4,FALSE,"summer_Communities"
"SYO","WSY",2,4,FALSE,"summer_Communities"
"PDN","WSY",2,4,FALSE,"summer_Communities"
"RBP","WSY",2,4,FALSE,"summer_Communities"
"SWB","WSY",2,4,FALSE,"summer_Communities"
"SDT","WSY",2,4,FALSE,"summer_Communities"
"SOG","WSY",3,4,FALSE,"summer_Communities"
"GTP","WSY",3,4,FALSE,"summer_Communities"
"SPT","WSY",3,4,FALSE,"summer_Communities"
"PLS","WSY",3,4,FALSE,"summer_Communities"
"NOD","WSY",3,4,FALSE,"summer_Communities"
"WOG","WSY",4,4,TRUE,"summer_Communities"
"WPD","WSY",5,4,FALSE,"summer_Communities"
"WPG","WSY",3,4,FALSE,"summer_Communities"
"NRO","WSY",5,4,FALSE,"summer_Communities"
"NSS","WSY",5,4,FALSE,"summer_Communities"
"WNS","WSY",6,4,FALSE,"summer_Communities"
"SNR (was SNO)","WSY",6,4,FALSE,"summer_Communities"
"GBO (was GPT)","WSY",6,4,FALSE,"summer_Communities"
"GPW","WSY",6,4,FALSE,"summer_Communities"
"WDY","WSY",6,4,FALSE,"summer_Communities"
"GSN","WSY",6,4,FALSE,"summer_Communities"
"RDO","WSY",6,4,FALSE,"summer_Communities"
"PND","WSY",7,4,FALSE,"summer_Communities"
"RNO","WSY",7,4,FALSE,"summer_Communities"
"PNG","WSY",7,4,FALSE,"summer_Communities"
"GLS","WSY",7,4,FALSE,"summer_Communities"
"WPB","WSY",8,4,FALSE,"summer_Communities"
"WNP","WSY",8,4,FALSE,"summer_Communities"
"SPW","WSY",8,4,FALSE,"summer_Communities"
"ROW","WSY",8,4,FALSE,"summer_Communities"
"GPB","WSY",8,4,FALSE,"summer_Communities"
"GDO","WSY",9,4,FALSE,"summer_Communities"
"WPS","WSY",9,4,FALSE,"summer_Communities"
"WDB","WSY",10,4,FALSE,"summer_Communities"
"SGB","WSY",9,4,FALSE,"summer_Communities"
"PNL","WSY",9,4,FALSE,"summer_Communities"
"WDT","WSY",9,4,FALSE,"summer_Communities"
"RGT","WSY",9,4,FALSE,"summer_Communities"
"RTT","WSY",11,4,FALSE,"summer_Communities"
"PBP (was PBB)","WSY",9,4,FALSE,"summer_Communities"
"STT","WSY",9,4,FALSE,"summer_Communities"
"GDN (was GDY)","WSY",11,4,FALSE,"summer_Communities"
"GPR","WSY",11,4,FALSE,"summer_Communities"
"WDD","WSY",11,4,FALSE,"summer_Communities"
"CRY","WSY",11,4,FALSE,"summer_Communities"
"WDG","WSY",11,4,FALSE,"summer_Communities"
"SWT","YBN",1,4,FALSE,"summer_Communities"
"SDO","YBN",1,4,FALSE,"summer_Communities"
"CGN","YBN",2,4,FALSE,"summer_Communities"
"WPW","YBN",1,4,FALSE,"summer_Communities"
"GNG","YBN",2,4,FALSE,"summer_Communities"
"SDR","YBN",2,4,FALSE,"summer_Communities"
"SSS","YBN",2,4,FALSE,"summer_Communities"
"SYO","YBN",2,4,FALSE,"summer_Communities"
"PDN","YBN",2,4,FALSE,"summer_Communities"
"RBP","YBN",2,4,FALSE,"summer_Communities"
"SWB","YBN",2,4,FALSE,"summer_Communities"
"SDT","YBN",2,4,FALSE,"summer_Communities"
"SOG","YBN",3,4,FALSE,"summer_Communities"
"GTP","YBN",3,4,FALSE,"summer_Communities"
"SPT","YBN",3,4,FALSE,"summer_Communities"
"PLS","YBN",3,4,FALSE,"summer_Communities"
"NOD","YBN",3,4,FALSE,"summer_Communities"
"WSY","YBN",4,4,TRUE,"summer_Communities"
"WOG","YBN",4,4,TRUE,"summer_Communities"
"WPD","YBN",5,4,FALSE,"summer_Communities"
"WPG","YBN",3,4,FALSE,"summer_Communities"
"NRO","YBN",5,4,FALSE,"summer_Communities"
"NSS","YBN",5,4,FALSE,"summer_Communities"
"WNS","YBN",6,4,FALSE,"summer_Communities"
"SNR (was SNO)","YBN",6,4,FALSE,"summer_Communities"
"GBO (was GPT)","YBN",6,4,FALSE,"summer_Communities"
"GPW","YBN",6,4,FALSE,"summer_Communities"
"WDY","YBN",6,4,FALSE,"summer_Communities"
"GSN","YBN",6,4,FALSE,"summer_Communities"
"RDO","YBN",6,4,FALSE,"summer_Communities"
"PND","YBN",7,4,FALSE,"summer_Communities"
"RNO","YBN",7,4,FALSE,"summer_Communities"
"PNG","YBN",7,4,FALSE,"summer_Communities"
"GLS","YBN",7,4,FALSE,"summer_Communities"
"WPB","YBN",8,4,FALSE,"summer_Communities"
"WNP","YBN",8,4,FALSE,"summer_Communities"
"SPW","YBN",8,4,FALSE,"summer_Communities"
"ROW","YBN",8,4,FALSE,"summer_Communities"
"GPB","YBN",8,4,FALSE,"summer_Communities"
"GDO","YBN",9,4,FALSE,"summer_Communities"
"WPS","YBN",9,4,FALSE,"summer_Communities"
"WDB","YBN",10,4,FALSE,"summer_Communities"
"WTW","YBN",9,4,FALSE,"summer_Communities"
"SGB","YBN",9,4,FALSE,"summer_Communities"
"PNL","YBN",9,4,FALSE,"summer_Communities"
"WDT","YBN",9,4,FALSE,"summer_Communities"
"RGT","YBN",9,4,FALSE,"summer_Communities"
"RTT","YBN",11,4,FALSE,"summer_Communities"
"PBP (was PBB)","YBN",9,4,FALSE,"summer_Communities"
"STT","YBN",9,4,FALSE,"summer_Communities"
"GDN (was GDY)","YBN",11,4,FALSE,"summer_Communities"
"GPR","YBN",11,4,FALSE,"summer_Communities"
"WDD","YBN",11,4,FALSE,"summer_Communities"
"CRY","YBN",11,4,FALSE,"summer_Communities"
"WDG","YBN",11,4,FALSE,"summer_Communities"
"WYD","YBN",11,4,FALSE,"summer_Communities"
"SWT","WOG",1,4,FALSE,"summer_Communities"
"SDO","WOG",1,4,FALSE,"summer_Communities"
"CGN","WOG",2,4,FALSE,"summer_Communities"
"GNG","WOG",2,4,FALSE,"summer_Communities"
"SDR","WOG",2,4,FALSE,"summer_Communities"
"SSS","WOG",2,4,FALSE,"summer_Communities"
"SYO","WOG",2,4,FALSE,"summer_Communities"
"PDN","WOG",2,4,FALSE,"summer_Communities"
"RBP","WOG",2,4,FALSE,"summer_Communities"
"SWB","WOG",2,4,FALSE,"summer_Communities"
"SDT","WOG",2,4,FALSE,"summer_Communities"
"SOG","WOG",3,4,FALSE,"summer_Communities"
"GTP","WOG",3,4,FALSE,"summer_Communities"
"SPT","WOG",3,4,FALSE,"summer_Communities"
"PLS","WOG",3,4,FALSE,"summer_Communities"
"NOD","WOG",3,4,FALSE,"summer_Communities"
"NRO","WOG",5,4,FALSE,"summer_Communities"
"NSS","WOG",5,4,FALSE,"summer_Communities"
"WNS","WOG",6,4,FALSE,"summer_Communities"
"SNR (was SNO)","WOG",6,4,FALSE,"summer_Communities"
"GBO (was GPT)","WOG",6,4,FALSE,"summer_Communities"
"GPW","WOG",6,4,FALSE,"summer_Communities"
"WDY","WOG",6,4,FALSE,"summer_Communities"
"GSN","WOG",6,4,FALSE,"summer_Communities"
"RDO","WOG",6,4,FALSE,"summer_Communities"
"PND","WOG",7,4,FALSE,"summer_Communities"
"RNO","WOG",7,4,FALSE,"summer_Communities"
"PNG","WOG",7,4,FALSE,"summer_Communities"
"GLS","WOG",7,4,FALSE,"summer_Communities"
"WNP","WOG",8,4,FALSE,"summer_Communities"
"SPW","WOG",8,4,FALSE,"summer_Communities"
"ROW","WOG",8,4,FALSE,"summer_Communities"
"GPB","WOG",8,4,FALSE,"summer_Communities"
"GDO","WOG",9,4,FALSE,"summer_Communities"
"WDB","WOG",10,4,FALSE,"summer_Communities"
"SGB","WOG",9,4,FALSE,"summer_Communities"
"PNL","WOG",9,4,FALSE,"summer_Communities"
"WDT","WOG",9,4,FALSE,"summer_Communities"
"RGT","WOG",9,4,FALSE,"summer_Communities"
"RTT","WOG",11,4,FALSE,"summer_Communities"
"PBP (was PBB)","WOG",9,4,FALSE,"summer_Communities"
"STT","WOG",9,4,FALSE,"summer_Communities"
"GDN (was GDY)","WOG",11,4,FALSE,"summer_Communities"
"GPR","WOG",11,4,FALSE,"summer_Communities"
"WDD","WOG",11,4,FALSE,"summer_Communities"
"CRY","WOG",11,4,FALSE,"summer_Communities"
"WDG","WOG",11,4,FALSE,"summer_Communities"
"SWT","YWS",1,5,FALSE,"summer_Communities"
"SDO","YWS",1,5,FALSE,"summer_Communities"
"CGN","YWS",2,5,FALSE,"summer_Communities"
"WPW","YWS",1,5,FALSE,"summer_Communities"
"GNG","YWS",2,5,FALSE,"summer_Communities"
"SDR","YWS",2,5,FALSE,"summer_Communities"
"SSS","YWS",2,5,FALSE,"summer_Communities"
"SYO","YWS",2,5,FALSE,"summer_Communities"
"PDN","YWS",2,5,FALSE,"summer_Communities"
"RBP","YWS",2,5,FALSE,"summer_Communities"
"SWB","YWS",2,5,FALSE,"summer_Communities"
"SDT","YWS",2,5,FALSE,"summer_Communities"
"SOG","YWS",3,5,FALSE,"summer_Communities"
"GTP","YWS",3,5,FALSE,"summer_Communities"
"YPS","YWS",3,5,FALSE,"summer_Communities"
"SPT","YWS",3,5,FALSE,"summer_Communities"
"PLS","YWS",3,5,FALSE,"summer_Communities"
"NOD","YWS",3,5,FALSE,"summer_Communities"
"WSY","YWS",4,5,FALSE,"summer_Communities"
"YBN","YWS",4,5,FALSE,"summer_Communities"
"WOG","YWS",4,5,FALSE,"summer_Communities"
"WPD","YWS",5,5,TRUE,"summer_Communities"
"YDT","YWS",5,5,TRUE,"summer_Communities"
"WPG","YWS",3,5,FALSE,"summer_Communities"
"NRO","YWS",5,5,TRUE,"summer_Communities"
"NSS","YWS",5,5,TRUE,"summer_Communities"
"YDW","YWS",6,5,FALSE,"summer_Communities"
"WNS","YWS",6,5,FALSE,"summer_Communities"
"SNR (was SNO)","YWS",6,5,FALSE,"summer_Communities"
"GBO (was GPT)","YWS",6,5,FALSE,"summer_Communities"
"YGD","YWS",6,5,FALSE,"summer_Communities"
"GPW","YWS",6,5,FALSE,"summer_Communities"
"WDY","YWS",6,5,FALSE,"summer_Communities"
"GSN","YWS",6,5,FALSE,"summer_Communities"
"YSR","YWS",6,5,FALSE,"summer_Communities"
"RDO","YWS",6,5,FALSE,"summer_Communities"
"PND","YWS",7,5,FALSE,"summer_Communities"
"RNO","YWS",7,5,FALSE,"summer_Communities"
"PNG","YWS",7,5,FALSE,"summer_Communities"
"GLS","YWS",7,5,FALSE,"summer_Communities"
"WPB","YWS",8,5,FALSE,"summer_Communities"
"WNP","YWS",8,5,FALSE,"summer_Communities"
"SPW","YWS",8,5,FALSE,"summer_Communities"
"ROW","YWS",8,5,FALSE,"summer_Communities"
"YND","YWS",8,5,FALSE,"summer_Communities"
"YOD","YWS",8,5,FALSE,"summer_Communities"
"GPB","YWS",8,5,FALSE,"summer_Communities"
"YBY","YWS",9,5,FALSE,"summer_Communities"
"YGY","YWS",9,5,FALSE,"summer_Communities"
"YBT","YWS",9,5,FALSE,"summer_Communities"
"GDO","YWS",9,5,FALSE,"summer_Communities"
"WPS","YWS",9,5,FALSE,"summer_Communities"
"WDB","YWS",10,5,FALSE,"summer_Communities"
"WTW","YWS",9,5,FALSE,"summer_Communities"
"SGB","YWS",9,5,FALSE,"summer_Communities"
"PNL","YWS",9,5,FALSE,"summer_Communities"
"WDT","YWS",9,5,FALSE,"summer_Communities"
"RGT","YWS",9,5,FALSE,"summer_Communities"
"RTT","YWS",11,5,FALSE,"summer_Communities"
"PBP (was PBB)","YWS",9,5,FALSE,"summer_Communities"
"STT","YWS",9,5,FALSE,"summer_Communities"
"GDN (was GDY)","YWS",11,5,FALSE,"summer_Communities"
"GPR","YWS",11,5,FALSE,"summer_Communities"
"WDD","YWS",11,5,FALSE,"summer_Communities"
"CRY","YWS",11,5,FALSE,"summer_Communities"
"WDG","YWS",11,5,FALSE,"summer_Communities"
"YRP","YWS",11,5,FALSE,"summer_Communities"
"WYD","YWS",11,5,FALSE,"summer_Communities"
"SWT","WPD",1,5,FALSE,"summer_Communities"
"SDO","WPD",1,5,FALSE,"summer_Communities"
"CGN","WPD",2,5,FALSE,"summer_Communities"
"GNG","WPD",2,5,FALSE,"summer_Communities"
"SDR","WPD",2,5,FALSE,"summer_Communities"
"SSS","WPD",2,5,FALSE,"summer_Communities"
"SYO","WPD",2,5,FALSE,"summer_Communities"
"PDN","WPD",2,5,FALSE,"summer_Communities"
"RBP","WPD",2,5,FALSE,"summer_Communities"
"SWB","WPD",2,5,FALSE,"summer_Communities"
"SDT","WPD",2,5,FALSE,"summer_Communities"
"SOG","WPD",3,5,FALSE,"summer_Communities"
"GTP","WPD",3,5,FALSE,"summer_Communities"
"SPT","WPD",3,5,FALSE,"summer_Communities"
"PLS","WPD",3,5,FALSE,"summer_Communities"
"NOD","WPD",3,5,FALSE,"summer_Communities"
"WOG","WPD",4,5,FALSE,"summer_Communities"
"NRO","WPD",5,5,TRUE,"summer_Communities"
"NSS","WPD",5,5,TRUE,"summer_Communities"
"WNS","WPD",6,5,FALSE,"summer_Communities"
"SNR (was SNO)","WPD",6,5,FALSE,"summer_Communities"
"GBO (was GPT)","WPD",6,5,FALSE,"summer_Communities"
"GPW","WPD",6,5,FALSE,"summer_Communities"
"WDY","WPD",6,5,FALSE,"summer_Communities"
"GSN","WPD",6,5,FALSE,"summer_Communities"
"RDO","WPD",6,5,FALSE,"summer_Communities"
"PND","WPD",7,5,FALSE,"summer_Communities"
"RNO","WPD",7,5,FALSE,"summer_Communities"
"PNG","WPD",7,5,FALSE,"summer_Communities"
"GLS","WPD",7,5,FALSE,"summer_Communities"
"WPB","WPD",8,5,FALSE,"summer_Communities"
"WNP","WPD",8,5,FALSE,"summer_Communities"
"SPW","WPD",8,5,FALSE,"summer_Communities"
"ROW","WPD",8,5,FALSE,"summer_Communities"
"GPB","WPD",8,5,FALSE,"summer_Communities"
"GDO","WPD",9,5,FALSE,"summer_Communities"
"WDB","WPD",10,5,FALSE,"summer_Communities"
"SGB","WPD",9,5,FALSE,"summer_Communities"
"PNL","WPD",9,5,FALSE,"summer_Communities"
"WDT","WPD",9,5,FALSE,"summer_Communities"
"RGT","WPD",9,5,FALSE,"summer_Communities"
"RTT","WPD",11,5,FALSE,"summer_Communities"
"PBP (was PBB)","WPD",9,5,FALSE,"summer_Communities"
"STT","WPD",9,5,FALSE,"summer_Communities"
"GDN (was GDY)","WPD",11,5,FALSE,"summer_Communities"
"GPR","WPD",11,5,FALSE,"summer_Communities"
"WDD","WPD",11,5,FALSE,"summer_Communities"
"CRY","WPD",11,5,FALSE,"summer_Communities"
"WDG","WPD",11,5,FALSE,"summer_Communities"
"SWT","YDT",1,5,FALSE,"summer_Communities"
"SDO","YDT",1,5,FALSE,"summer_Communities"
"CGN","YDT",2,5,FALSE,"summer_Communities"
"WPW","YDT",1,5,FALSE,"summer_Communities"
"GNG","YDT",2,5,FALSE,"summer_Communities"
"SDR","YDT",2,5,FALSE,"summer_Communities"
"SSS","YDT",2,5,FALSE,"summer_Communities"
"SYO","YDT",2,5,FALSE,"summer_Communities"
"PDN","YDT",2,5,FALSE,"summer_Communities"
"RBP","YDT",2,5,FALSE,"summer_Communities"
"SWB","YDT",2,5,FALSE,"summer_Communities"
"SDT","YDT",2,5,FALSE,"summer_Communities"
"SOG","YDT",3,5,FALSE,"summer_Communities"
"GTP","YDT",3,5,FALSE,"summer_Communities"
"SPT","YDT",3,5,FALSE,"summer_Communities"
"PLS","YDT",3,5,FALSE,"summer_Communities"
"NOD","YDT",3,5,FALSE,"summer_Communities"
"WSY","YDT",4,5,FALSE,"summer_Communities"
"YBN","YDT",4,5,FALSE,"summer_Communities"
"WOG","YDT",4,5,FALSE,"summer_Communities"
"WPD","YDT",5,5,TRUE,"summer_Communities"
"WPG","YDT",3,5,FALSE,"summer_Communities"
"NRO","YDT",5,5,TRUE,"summer_Communities"
"NSS","YDT",5,5,TRUE,"summer_Communities"
"WNS","YDT",6,5,FALSE,"summer_Communities"
"SNR (was SNO)","YDT",6,5,FALSE,"summer_Communities"
"GBO (was GPT)","YDT",6,5,FALSE,"summer_Communities"
"GPW","YDT",6,5,FALSE,"summer_Communities"
"WDY","YDT",6,5,FALSE,"summer_Communities"
"GSN","YDT",6,5,FALSE,"summer_Communities"
"RDO","YDT",6,5,FALSE,"summer_Communities"
"PND","YDT",7,5,FALSE,"summer_Communities"
"RNO","YDT",7,5,FALSE,"summer_Communities"
"PNG","YDT",7,5,FALSE,"summer_Communities"
"GLS","YDT",7,5,FALSE,"summer_Communities"
"WPB","YDT",8,5,FALSE,"summer_Communities"
"WNP","YDT",8,5,FALSE,"summer_Communities"
"SPW","YDT",8,5,FALSE,"summer_Communities"
"ROW","YDT",8,5,FALSE,"summer_Communities"
"GPB","YDT",8,5,FALSE,"summer_Communities"
"YBY","YDT",9,5,FALSE,"summer_Communities"
"YBT","YDT",9,5,FALSE,"summer_Communities"
"GDO","YDT",9,5,FALSE,"summer_Communities"
"WPS","YDT",9,5,FALSE,"summer_Communities"
"WDB","YDT",10,5,FALSE,"summer_Communities"
"WTW","YDT",9,5,FALSE,"summer_Communities"
"SGB","YDT",9,5,FALSE,"summer_Communities"
"PNL","YDT",9,5,FALSE,"summer_Communities"
"WDT","YDT",9,5,FALSE,"summer_Communities"
"RGT","YDT",9,5,FALSE,"summer_Communities"
"RTT","YDT",11,5,FALSE,"summer_Communities"
"PBP (was PBB)","YDT",9,5,FALSE,"summer_Communities"
"STT","YDT",9,5,FALSE,"summer_Communities"
"GDN (was GDY)","YDT",11,5,FALSE,"summer_Communities"
"GPR","YDT",11,5,FALSE,"summer_Communities"
"WDD","YDT",11,5,FALSE,"summer_Communities"
"CRY","YDT",11,5,FALSE,"summer_Communities"
"WDG","YDT",11,5,FALSE,"summer_Communities"
"WYD","YDT",11,5,FALSE,"summer_Communities"
"SWT","WPG",1,3,FALSE,"summer_Communities"
"SDO","WPG",1,3,FALSE,"summer_Communities"
"CGN","WPG",2,3,FALSE,"summer_Communities"
"GNG","WPG",2,3,FALSE,"summer_Communities"
"SDR","WPG",2,3,FALSE,"summer_Communities"
"SSS","WPG",2,3,FALSE,"summer_Communities"
"SYO","WPG",2,3,FALSE,"summer_Communities"
"PDN","WPG",2,3,FALSE,"summer_Communities"
"RBP","WPG",2,3,FALSE,"summer_Communities"
"SWB","WPG",2,3,FALSE,"summer_Communities"
"SDT","WPG",2,3,FALSE,"summer_Communities"
"SOG","WPG",3,3,TRUE,"summer_Communities"
"GTP","WPG",3,3,TRUE,"summer_Communities"
"SPT","WPG",3,3,TRUE,"summer_Communities"
"PLS","WPG",3,3,TRUE,"summer_Communities"
"NOD","WPG",3,3,TRUE,"summer_Communities"
"WOG","WPG",4,3,FALSE,"summer_Communities"
"WPD","WPG",5,3,FALSE,"summer_Communities"
"NRO","WPG",5,3,FALSE,"summer_Communities"
"NSS","WPG",5,3,FALSE,"summer_Communities"
"WNS","WPG",6,3,FALSE,"summer_Communities"
"SNR (was SNO)","WPG",6,3,FALSE,"summer_Communities"
"GBO (was GPT)","WPG",6,3,FALSE,"summer_Communities"
"GPW","WPG",6,3,FALSE,"summer_Communities"
"WDY","WPG",6,3,FALSE,"summer_Communities"
"GSN","WPG",6,3,FALSE,"summer_Communities"
"RDO","WPG",6,3,FALSE,"summer_Communities"
"PND","WPG",7,3,FALSE,"summer_Communities"
"RNO","WPG",7,3,FALSE,"summer_Communities"
"PNG","WPG",7,3,FALSE,"summer_Communities"
"GLS","WPG",7,3,FALSE,"summer_Communities"
"WPB","WPG",8,3,FALSE,"summer_Communities"
"WNP","WPG",8,3,FALSE,"summer_Communities"
"SPW","WPG",8,3,FALSE,"summer_Communities"
"ROW","WPG",8,3,FALSE,"summer_Communities"
"GPB","WPG",8,3,FALSE,"summer_Communities"
"GDO","WPG",9,3,FALSE,"summer_Communities"
"WDB","WPG",10,3,FALSE,"summer_Communities"
"SGB","WPG",9,3,FALSE,"summer_Communities"
"PNL","WPG",9,3,FALSE,"summer_Communities"
"WDT","WPG",9,3,FALSE,"summer_Communities"
"RGT","WPG",9,3,FALSE,"summer_Communities"
"RTT","WPG",11,3,FALSE,"summer_Communities"
"PBP (was PBB)","WPG",9,3,FALSE,"summer_Communities"
"STT","WPG",9,3,FALSE,"summer_Communities"
"GDN (was GDY)","WPG",11,3,FALSE,"summer_Communities"
"GPR","WPG",11,3,FALSE,"summer_Communities"
"WDD","WPG",11,3,FALSE,"summer_Communities"
"CRY","WPG",11,3,FALSE,"summer_Communities"
"WDG","WPG",11,3,FALSE,"summer_Communities"
"CGN","NRO",2,5,FALSE,"summer_Communities"
"GNG","NRO",2,5,FALSE,"summer_Communities"
"GTP","NRO",3,5,FALSE,"summer_Communities"
"NOD","NRO",3,5,FALSE,"summer_Communities"
"GBO (was GPT)","NRO",6,5,FALSE,"summer_Communities"
"GPW","NRO",6,5,FALSE,"summer_Communities"
"GSN","NRO",6,5,FALSE,"summer_Communities"
"GLS","NRO",7,5,FALSE,"summer_Communities"
"GPB","NRO",8,5,FALSE,"summer_Communities"
"GDO","NRO",9,5,FALSE,"summer_Communities"
"GDN (was GDY)","NRO",11,5,FALSE,"summer_Communities"
"GPR","NRO",11,5,FALSE,"summer_Communities"
"CRY","NRO",11,5,FALSE,"summer_Communities"
"CGN","NSS",2,5,FALSE,"summer_Communities"
"GNG","NSS",2,5,FALSE,"summer_Communities"
"GTP","NSS",3,5,FALSE,"summer_Communities"
"NOD","NSS",3,5,FALSE,"summer_Communities"
"NRO","NSS",5,5,TRUE,"summer_Communities"
"GBO (was GPT)","NSS",6,5,FALSE,"summer_Communities"
"GPW","NSS",6,5,FALSE,"summer_Communities"
"GSN","NSS",6,5,FALSE,"summer_Communities"
"GLS","NSS",7,5,FALSE,"summer_Communities"
"GPB","NSS",8,5,FALSE,"summer_Communities"
"GDO","NSS",9,5,FALSE,"summer_Communities"
"GDN (was GDY)","NSS",11,5,FALSE,"summer_Communities"
"GPR","NSS",11,5,FALSE,"summer_Communities"
"CRY","NSS",11,5,FALSE,"summer_Communities"
"SWT","YDW",1,6,FALSE,"summer_Communities"
"SDO","YDW",1,6,FALSE,"summer_Communities"
"CGN","YDW",2,6,FALSE,"summer_Communities"
"WPW","YDW",1,6,FALSE,"summer_Communities"
"GNG","YDW",2,6,FALSE,"summer_Communities"
"SDR","YDW",2,6,FALSE,"summer_Communities"
"SSS","YDW",2,6,FALSE,"summer_Communities"
"SYO","YDW",2,6,FALSE,"summer_Communities"
"PDN","YDW",2,6,FALSE,"summer_Communities"
"RBP","YDW",2,6,FALSE,"summer_Communities"
"SWB","YDW",2,6,FALSE,"summer_Communities"
"SDT","YDW",2,6,FALSE,"summer_Communities"
"SOG","YDW",3,6,FALSE,"summer_Communities"
"GTP","YDW",3,6,FALSE,"summer_Communities"
"SPT","YDW",3,6,FALSE,"summer_Communities"
"PLS","YDW",3,6,FALSE,"summer_Communities"
"NOD","YDW",3,6,FALSE,"summer_Communities"
"WSY","YDW",4,6,FALSE,"summer_Communities"
"YBN","YDW",4,6,FALSE,"summer_Communities"
"WOG","YDW",4,6,FALSE,"summer_Communities"
"WPD","YDW",5,6,FALSE,"summer_Communities"
"YDT","YDW",5,6,FALSE,"summer_Communities"
"WPG","YDW",3,6,FALSE,"summer_Communities"
"NRO","YDW",5,6,FALSE,"summer_Communities"
"NSS","YDW",5,6,FALSE,"summer_Communities"
"WNS","YDW",6,6,TRUE,"summer_Communities"
"SNR (was SNO)","YDW",6,6,TRUE,"summer_Communities"
"GBO (was GPT)","YDW",6,6,TRUE,"summer_Communities"
"GPW","YDW",6,6,TRUE,"summer_Communities"
"WDY","YDW",6,6,TRUE,"summer_Communities"
"GSN","YDW",6,6,TRUE,"summer_Communities"
"RDO","YDW",6,6,TRUE,"summer_Communities"
"PND","YDW",7,6,FALSE,"summer_Communities"
"RNO","YDW",7,6,FALSE,"summer_Communities"
"PNG","YDW",7,6,FALSE,"summer_Communities"
"GLS","YDW",7,6,FALSE,"summer_Communities"
"WPB","YDW",8,6,FALSE,"summer_Communities"
"WNP","YDW",8,6,FALSE,"summer_Communities"
"SPW","YDW",8,6,FALSE,"summer_Communities"
"ROW","YDW",8,6,FALSE,"summer_Communities"
"GPB","YDW",8,6,FALSE,"summer_Communities"
"YBY","YDW",9,6,FALSE,"summer_Communities"
"YBT","YDW",9,6,FALSE,"summer_Communities"
"GDO","YDW",9,6,FALSE,"summer_Communities"
"WPS","YDW",9,6,FALSE,"summer_Communities"
"WDB","YDW",10,6,FALSE,"summer_Communities"
"WTW","YDW",9,6,FALSE,"summer_Communities"
"SGB","YDW",9,6,FALSE,"summer_Communities"
"PNL","YDW",9,6,FALSE,"summer_Communities"
"WDT","YDW",9,6,FALSE,"summer_Communities"
"RGT","YDW",9,6,FALSE,"summer_Communities"
"RTT","YDW",11,6,FALSE,"summer_Communities"
"PBP (was PBB)","YDW",9,6,FALSE,"summer_Communities"
"STT","YDW",9,6,FALSE,"summer_Communities"
"GDN (was GDY)","YDW",11,6,FALSE,"summer_Communities"
"GPR","YDW",11,6,FALSE,"summer_Communities"
"WDD","YDW",11,6,FALSE,"summer_Communities"
"CRY","YDW",11,6,FALSE,"summer_Communities"
"WDG","YDW",11,6,FALSE,"summer_Communities"
"WYD","YDW",11,6,FALSE,"summer_Communities"
"SWT","WNS",1,6,FALSE,"summer_Communities"
"SDO","WNS",1,6,FALSE,"summer_Communities"
"CGN","WNS",2,6,FALSE,"summer_Communities"
"GNG","WNS",2,6,FALSE,"summer_Communities"
"SDR","WNS",2,6,FALSE,"summer_Communities"
"SSS","WNS",2,6,FALSE,"summer_Communities"
"SYO","WNS",2,6,FALSE,"summer_Communities"
"PDN","WNS",2,6,FALSE,"summer_Communities"
"RBP","WNS",2,6,FALSE,"summer_Communities"
"SWB","WNS",2,6,FALSE,"summer_Communities"
"SDT","WNS",2,6,FALSE,"summer_Communities"
"SOG","WNS",3,6,FALSE,"summer_Communities"
"GTP","WNS",3,6,FALSE,"summer_Communities"
"SPT","WNS",3,6,FALSE,"summer_Communities"
"PLS","WNS",3,6,FALSE,"summer_Communities"
"NOD","WNS",3,6,FALSE,"summer_Communities"
"NRO","WNS",5,6,FALSE,"summer_Communities"
"NSS","WNS",5,6,FALSE,"summer_Communities"
"SNR (was SNO)","WNS",6,6,TRUE,"summer_Communities"
"GBO (was GPT)","WNS",6,6,TRUE,"summer_Communities"
"GPW","WNS",6,6,TRUE,"summer_Communities"
"WDY","WNS",6,6,TRUE,"summer_Communities"
"GSN","WNS",6,6,TRUE,"summer_Communities"
"RDO","WNS",6,6,TRUE,"summer_Communities"
"PND","WNS",7,6,FALSE,"summer_Communities"
"RNO","WNS",7,6,FALSE,"summer_Communities"
"PNG","WNS",7,6,FALSE,"summer_Communities"
"GLS","WNS",7,6,FALSE,"summer_Communities"
"WNP","WNS",8,6,FALSE,"summer_Communities"
"SPW","WNS",8,6,FALSE,"summer_Communities"
"ROW","WNS",8,6,FALSE,"summer_Communities"
"GPB","WNS",8,6,FALSE,"summer_Communities"
"GDO","WNS",9,6,FALSE,"summer_Communities"
"WDB","WNS",10,6,FALSE,"summer_Communities"
"SGB","WNS",9,6,FALSE,"summer_Communities"
"PNL","WNS",9,6,FALSE,"summer_Communities"
"WDT","WNS",9,6,FALSE,"summer_Communities"
"RGT","WNS",9,6,FALSE,"summer_Communities"
"RTT","WNS",11,6,FALSE,"summer_Communities"
"PBP (was PBB)","WNS",9,6,FALSE,"summer_Communities"
"STT","WNS",9,6,FALSE,"summer_Communities"
"GDN (was GDY)","WNS",11,6,FALSE,"summer_Communities"
"GPR","WNS",11,6,FALSE,"summer_Communities"
"WDD","WNS",11,6,FALSE,"summer_Communities"
"CRY","WNS",11,6,FALSE,"summer_Communities"
"WDG","WNS",11,6,FALSE,"summer_Communities"
"SDO","SNR (was SNO)",1,6,FALSE,"summer_Communities"
"CGN","SNR (was SNO)",2,6,FALSE,"summer_Communities"
"GNG","SNR (was SNO)",2,6,FALSE,"summer_Communities"
"SDR","SNR (was SNO)",2,6,FALSE,"summer_Communities"
"PDN","SNR (was SNO)",2,6,FALSE,"summer_Communities"
"RBP","SNR (was SNO)",2,6,FALSE,"summer_Communities"
"SDT","SNR (was SNO)",2,6,FALSE,"summer_Communities"
"GTP","SNR (was SNO)",3,6,FALSE,"summer_Communities"
"PLS","SNR (was SNO)",3,6,FALSE,"summer_Communities"
"NOD","SNR (was SNO)",3,6,FALSE,"summer_Communities"
"NRO","SNR (was SNO)",5,6,FALSE,"summer_Communities"
"NSS","SNR (was SNO)",5,6,FALSE,"summer_Communities"
"GBO (was GPT)","SNR (was SNO)",6,6,TRUE,"summer_Communities"
"GPW","SNR (was SNO)",6,6,TRUE,"summer_Communities"
"GSN","SNR (was SNO)",6,6,TRUE,"summer_Communities"
"RDO","SNR (was SNO)",6,6,TRUE,"summer_Communities"
"PND","SNR (was SNO)",7,6,FALSE,"summer_Communities"
"RNO","SNR (was SNO)",7,6,FALSE,"summer_Communities"
"PNG","SNR (was SNO)",7,6,FALSE,"summer_Communities"
"GLS","SNR (was SNO)",7,6,FALSE,"summer_Communities"
"ROW","SNR (was SNO)",8,6,FALSE,"summer_Communities"
"GPB","SNR (was SNO)",8,6,FALSE,"summer_Communities"
"GDO","SNR (was SNO)",9,6,FALSE,"summer_Communities"
"SGB","SNR (was SNO)",9,6,FALSE,"summer_Communities"
"PNL","SNR (was SNO)",9,6,FALSE,"summer_Communities"
"RGT","SNR (was SNO)",9,6,FALSE,"summer_Communities"
"RTT","SNR (was SNO)",11,6,FALSE,"summer_Communities"
"PBP (was PBB)","SNR (was SNO)",9,6,FALSE,"summer_Communities"
"GDN (was GDY)","SNR (was SNO)",11,6,FALSE,"summer_Communities"
"GPR","SNR (was SNO)",11,6,FALSE,"summer_Communities"
"CRY","SNR (was SNO)",11,6,FALSE,"summer_Communities"
"CGN","GBO (was GPT)",2,6,FALSE,"summer_Communities"
"CRY","GBO (was GPT)",11,6,FALSE,"summer_Communities"
"SWT","YGD",1,6,FALSE,"summer_Communities"
"SDO","YGD",1,6,FALSE,"summer_Communities"
"CGN","YGD",2,6,FALSE,"summer_Communities"
"WPW","YGD",1,6,FALSE,"summer_Communities"
"GNG","YGD",2,6,FALSE,"summer_Communities"
"SDR","YGD",2,6,FALSE,"summer_Communities"
"SSS","YGD",2,6,FALSE,"summer_Communities"
"SYO","YGD",2,6,FALSE,"summer_Communities"
"PDN","YGD",2,6,FALSE,"summer_Communities"
"RBP","YGD",2,6,FALSE,"summer_Communities"
"SWB","YGD",2,6,FALSE,"summer_Communities"
"SDT","YGD",2,6,FALSE,"summer_Communities"
"SOG","YGD",3,6,FALSE,"summer_Communities"
"GTP","YGD",3,6,FALSE,"summer_Communities"
"SPT","YGD",3,6,FALSE,"summer_Communities"
"PLS","YGD",3,6,FALSE,"summer_Communities"
"NOD","YGD",3,6,FALSE,"summer_Communities"
"WSY","YGD",4,6,FALSE,"summer_Communities"
"YBN","YGD",4,6,FALSE,"summer_Communities"
"WOG","YGD",4,6,FALSE,"summer_Communities"
"WPD","YGD",5,6,FALSE,"summer_Communities"
"YDT","YGD",5,6,FALSE,"summer_Communities"
"WPG","YGD",3,6,FALSE,"summer_Communities"
"NRO","YGD",5,6,FALSE,"summer_Communities"
"NSS","YGD",5,6,FALSE,"summer_Communities"
"YDW","YGD",6,6,TRUE,"summer_Communities"
"WNS","YGD",6,6,TRUE,"summer_Communities"
"SNR (was SNO)","YGD",6,6,TRUE,"summer_Communities"
"GBO (was GPT)","YGD",6,6,TRUE,"summer_Communities"
"GPW","YGD",6,6,TRUE,"summer_Communities"
"WDY","YGD",6,6,TRUE,"summer_Communities"
"GSN","YGD",6,6,TRUE,"summer_Communities"
"RDO","YGD",6,6,TRUE,"summer_Communities"
"PND","YGD",7,6,FALSE,"summer_Communities"
"RNO","YGD",7,6,FALSE,"summer_Communities"
"PNG","YGD",7,6,FALSE,"summer_Communities"
"GLS","YGD",7,6,FALSE,"summer_Communities"
"WPB","YGD",8,6,FALSE,"summer_Communities"
"WNP","YGD",8,6,FALSE,"summer_Communities"
"SPW","YGD",8,6,FALSE,"summer_Communities"
"ROW","YGD",8,6,FALSE,"summer_Communities"
"GPB","YGD",8,6,FALSE,"summer_Communities"
"YBY","YGD",9,6,FALSE,"summer_Communities"
"YBT","YGD",9,6,FALSE,"summer_Communities"
"GDO","YGD",9,6,FALSE,"summer_Communities"
"WPS","YGD",9,6,FALSE,"summer_Communities"
"WDB","YGD",10,6,FALSE,"summer_Communities"
"WTW","YGD",9,6,FALSE,"summer_Communities"
"SGB","YGD",9,6,FALSE,"summer_Communities"
"PNL","YGD",9,6,FALSE,"summer_Communities"
"WDT","YGD",9,6,FALSE,"summer_Communities"
"RGT","YGD",9,6,FALSE,"summer_Communities"
"RTT","YGD",11,6,FALSE,"summer_Communities"
"PBP (was PBB)","YGD",9,6,FALSE,"summer_Communities"
"STT","YGD",9,6,FALSE,"summer_Communities"
"GDN (was GDY)","YGD",11,6,FALSE,"summer_Communities"
"GPR","YGD",11,6,FALSE,"summer_Communities"
"WDD","YGD",11,6,FALSE,"summer_Communities"
"CRY","YGD",11,6,FALSE,"summer_Communities"
"WDG","YGD",11,6,FALSE,"summer_Communities"
"WYD","YGD",11,6,FALSE,"summer_Communities"
"CGN","GPW",2,6,FALSE,"summer_Communities"
"GNG","GPW",2,6,FALSE,"summer_Communities"
"GBO (was GPT)","GPW",6,6,TRUE,"summer_Communities"
"GLS","GPW",7,6,FALSE,"summer_Communities"
"GPB","GPW",8,6,FALSE,"summer_Communities"
"GDO","GPW",9,6,FALSE,"summer_Communities"
"GDN (was GDY)","GPW",11,6,FALSE,"summer_Communities"
"GPR","GPW",11,6,FALSE,"summer_Communities"
"CRY","GPW",11,6,FALSE,"summer_Communities"
"SWT","WDY",1,6,FALSE,"summer_Communities"
"SDO","WDY",1,6,FALSE,"summer_Communities"
"CGN","WDY",2,6,FALSE,"summer_Communities"
"GNG","WDY",2,6,FALSE,"summer_Communities"
"SDR","WDY",2,6,FALSE,"summer_Communities"
"SSS","WDY",2,6,FALSE,"summer_Communities"
"SYO","WDY",2,6,FALSE,"summer_Communities"
"PDN","WDY",2,6,FALSE,"summer_Communities"
"RBP","WDY",2,6,FALSE,"summer_Communities"
"SWB","WDY",2,6,FALSE,"summer_Communities"
"SDT","WDY",2,6,FALSE,"summer_Communities"
"SOG","WDY",3,6,FALSE,"summer_Communities"
"GTP","WDY",3,6,FALSE,"summer_Communities"
"SPT","WDY",3,6,FALSE,"summer_Communities"
"PLS","WDY",3,6,FALSE,"summer_Communities"
"NOD","WDY",3,6,FALSE,"summer_Communities"
"NRO","WDY",5,6,FALSE,"summer_Communities"
"NSS","WDY",5,6,FALSE,"summer_Communities"
"SNR (was SNO)","WDY",6,6,TRUE,"summer_Communities"
"GBO (was GPT)","WDY",6,6,TRUE,"summer_Communities"
"GPW","WDY",6,6,TRUE,"summer_Communities"
"GSN","WDY",6,6,TRUE,"summer_Communities"
"RDO","WDY",6,6,TRUE,"summer_Communities"
"PND","WDY",7,6,FALSE,"summer_Communities"
"RNO","WDY",7,6,FALSE,"summer_Communities"
"PNG","WDY",7,6,FALSE,"summer_Communities"
"GLS","WDY",7,6,FALSE,"summer_Communities"
"SPW","WDY",8,6,FALSE,"summer_Communities"
"ROW","WDY",8,6,FALSE,"summer_Communities"
"GPB","WDY",8,6,FALSE,"summer_Communities"
"GDO","WDY",9,6,FALSE,"summer_Communities"
"WDB","WDY",10,6,FALSE,"summer_Communities"
"SGB","WDY",9,6,FALSE,"summer_Communities"
"PNL","WDY",9,6,FALSE,"summer_Communities"
"WDT","WDY",9,6,FALSE,"summer_Communities"
"RGT","WDY",9,6,FALSE,"summer_Communities"
"RTT","WDY",11,6,FALSE,"summer_Communities"
"PBP (was PBB)","WDY",9,6,FALSE,"summer_Communities"
"STT","WDY",9,6,FALSE,"summer_Communities"
"GDN (was GDY)","WDY",11,6,FALSE,"summer_Communities"
"GPR","WDY",11,6,FALSE,"summer_Communities"
"WDD","WDY",11,6,FALSE,"summer_Communities"
"CRY","WDY",11,6,FALSE,"summer_Communities"
"WDG","WDY",11,6,FALSE,"summer_Communities"
"CGN","GSN",2,6,FALSE,"summer_Communities"
"GNG","GSN",2,6,FALSE,"summer_Communities"
"GBO (was GPT)","GSN",6,6,TRUE,"summer_Communities"
"GPW","GSN",6,6,TRUE,"summer_Communities"
"GLS","GSN",7,6,FALSE,"summer_Communities"
"GPB","GSN",8,6,FALSE,"summer_Communities"
"GDO","GSN",9,6,FALSE,"summer_Communities"
"GDN (was GDY)","GSN",11,6,FALSE,"summer_Communities"
"GPR","GSN",11,6,FALSE,"summer_Communities"
"CRY","GSN",11,6,FALSE,"summer_Communities"
"SWT","YSR",1,6,FALSE,"summer_Communities"
"SDO","YSR",1,6,FALSE,"summer_Communities"
"CGN","YSR",2,6,FALSE,"summer_Communities"
"WPW","YSR",1,6,FALSE,"summer_Communities"
"GNG","YSR",2,6,FALSE,"summer_Communities"
"SDR","YSR",2,6,FALSE,"summer_Communities"
"SSS","YSR",2,6,FALSE,"summer_Communities"
"SYO","YSR",2,6,FALSE,"summer_Communities"
"PDN","YSR",2,6,FALSE,"summer_Communities"
"RBP","YSR",2,6,FALSE,"summer_Communities"
"SWB","YSR",2,6,FALSE,"summer_Communities"
"SDT","YSR",2,6,FALSE,"summer_Communities"
"SOG","YSR",3,6,FALSE,"summer_Communities"
"GTP","YSR",3,6,FALSE,"summer_Communities"
"YPS","YSR",3,6,FALSE,"summer_Communities"
"SPT","YSR",3,6,FALSE,"summer_Communities"
"PLS","YSR",3,6,FALSE,"summer_Communities"
"NOD","YSR",3,6,FALSE,"summer_Communities"
"WSY","YSR",4,6,FALSE,"summer_Communities"
"YBN","YSR",4,6,FALSE,"summer_Communities"
"WOG","YSR",4,6,FALSE,"summer_Communities"
"WPD","YSR",5,6,FALSE,"summer_Communities"
"YDT","YSR",5,6,FALSE,"summer_Communities"
"WPG","YSR",3,6,FALSE,"summer_Communities"
"NRO","YSR",5,6,FALSE,"summer_Communities"
"NSS","YSR",5,6,FALSE,"summer_Communities"
"YDW","YSR",6,6,TRUE,"summer_Communities"
"WNS","YSR",6,6,TRUE,"summer_Communities"
"SNR (was SNO)","YSR",6,6,TRUE,"summer_Communities"
"GBO (was GPT)","YSR",6,6,TRUE,"summer_Communities"
"YGD","YSR",6,6,TRUE,"summer_Communities"
"GPW","YSR",6,6,TRUE,"summer_Communities"
"WDY","YSR",6,6,TRUE,"summer_Communities"
"GSN","YSR",6,6,TRUE,"summer_Communities"
"RDO","YSR",6,6,TRUE,"summer_Communities"
"PND","YSR",7,6,FALSE,"summer_Communities"
"RNO","YSR",7,6,FALSE,"summer_Communities"
"PNG","YSR",7,6,FALSE,"summer_Communities"
"GLS","YSR",7,6,FALSE,"summer_Communities"
"WPB","YSR",8,6,FALSE,"summer_Communities"
"WNP","YSR",8,6,FALSE,"summer_Communities"
"SPW","YSR",8,6,FALSE,"summer_Communities"
"ROW","YSR",8,6,FALSE,"summer_Communities"
"YND","YSR",8,6,FALSE,"summer_Communities"
"YOD","YSR",8,6,FALSE,"summer_Communities"
"GPB","YSR",8,6,FALSE,"summer_Communities"
"YBY","YSR",9,6,FALSE,"summer_Communities"
"YGY","YSR",9,6,FALSE,"summer_Communities"
"YBT","YSR",9,6,FALSE,"summer_Communities"
"GDO","YSR",9,6,FALSE,"summer_Communities"
"WPS","YSR",9,6,FALSE,"summer_Communities"
"WDB","YSR",10,6,FALSE,"summer_Communities"
"WTW","YSR",9,6,FALSE,"summer_Communities"
"SGB","YSR",9,6,FALSE,"summer_Communities"
"PNL","YSR",9,6,FALSE,"summer_Communities"
"WDT","YSR",9,6,FALSE,"summer_Communities"
"RGT","YSR",9,6,FALSE,"summer_Communities"
"RTT","YSR",11,6,FALSE,"summer_Communities"
"PBP (was PBB)","YSR",9,6,FALSE,"summer_Communities"
"STT","YSR",9,6,FALSE,"summer_Communities"
"GDN (was GDY)","YSR",11,6,FALSE,"summer_Communities"
"GPR","YSR",11,6,FALSE,"summer_Communities"
"WDD","YSR",11,6,FALSE,"summer_Communities"
"CRY","YSR",11,6,FALSE,"summer_Communities"
"WDG","YSR",11,6,FALSE,"summer_Communities"
"YRP","YSR",11,6,FALSE,"summer_Communities"
"WYD","YSR",11,6,FALSE,"summer_Communities"
"CGN","RDO",2,6,FALSE,"summer_Communities"
"GNG","RDO",2,6,FALSE,"summer_Communities"
"PDN","RDO",2,6,FALSE,"summer_Communities"
"RBP","RDO",2,6,FALSE,"summer_Communities"
"GTP","RDO",3,6,FALSE,"summer_Communities"
"PLS","RDO",3,6,FALSE,"summer_Communities"
"NOD","RDO",3,6,FALSE,"summer_Communities"
"NRO","RDO",5,6,FALSE,"summer_Communities"
"NSS","RDO",5,6,FALSE,"summer_Communities"
"GBO (was GPT)","RDO",6,6,TRUE,"summer_Communities"
"GPW","RDO",6,6,TRUE,"summer_Communities"
"GSN","RDO",6,6,TRUE,"summer_Communities"
"PND","RDO",7,6,FALSE,"summer_Communities"
"PNG","RDO",7,6,FALSE,"summer_Communities"
"GLS","RDO",7,6,FALSE,"summer_Communities"
"GPB","RDO",8,6,FALSE,"summer_Communities"
"GDO","RDO",9,6,FALSE,"summer_Communities"
"PNL","RDO",9,6,FALSE,"summer_Communities"
"PBP (was PBB)","RDO",9,6,FALSE,"summer_Communities"
"GDN (was GDY)","RDO",11,6,FALSE,"summer_Communities"
"GPR","RDO",11,6,FALSE,"summer_Communities"
"CRY","RDO",11,6,FALSE,"summer_Communities"
"CGN","PND",2,7,FALSE,"summer_Communities"
"GNG","PND",2,7,FALSE,"summer_Communities"
"PDN","PND",2,7,FALSE,"summer_Communities"
"GTP","PND",3,7,FALSE,"summer_Communities"
"PLS","PND",3,7,FALSE,"summer_Communities"
"NOD","PND",3,7,FALSE,"summer_Communities"
"NRO","PND",5,7,FALSE,"summer_Communities"
"NSS","PND",5,7,FALSE,"summer_Communities"
"GBO (was GPT)","PND",6,7,FALSE,"summer_Communities"
"GPW","PND",6,7,FALSE,"summer_Communities"
"GSN","PND",6,7,FALSE,"summer_Communities"
"GLS","PND",7,7,TRUE,"summer_Communities"
"GPB","PND",8,7,FALSE,"summer_Communities"
"GDO","PND",9,7,FALSE,"summer_Communities"
"PBP (was PBB)","PND",9,7,FALSE,"summer_Communities"
"GDN (was GDY)","PND",11,7,FALSE,"summer_Communities"
"GPR","PND",11,7,FALSE,"summer_Communities"
"CRY","PND",11,7,FALSE,"summer_Communities"
"CGN","RNO",2,7,FALSE,"summer_Communities"
"GNG","RNO",2,7,FALSE,"summer_Communities"
"PDN","RNO",2,7,FALSE,"summer_Communities"
"RBP","RNO",2,7,FALSE,"summer_Communities"
"GTP","RNO",3,7,FALSE,"summer_Communities"
"PLS","RNO",3,7,FALSE,"summer_Communities"
"NOD","RNO",3,7,FALSE,"summer_Communities"
"NRO","RNO",5,7,FALSE,"summer_Communities"
"NSS","RNO",5,7,FALSE,"summer_Communities"
"GBO (was GPT)","RNO",6,7,FALSE,"summer_Communities"
"GPW","RNO",6,7,FALSE,"summer_Communities"
"GSN","RNO",6,7,FALSE,"summer_Communities"
"RDO","RNO",6,7,FALSE,"summer_Communities"
"PND","RNO",7,7,TRUE,"summer_Communities"
"PNG","RNO",7,7,TRUE,"summer_Communities"
"GLS","RNO",7,7,TRUE,"summer_Communities"
"GPB","RNO",8,7,FALSE,"summer_Communities"
"GDO","RNO",9,7,FALSE,"summer_Communities"
"PNL","RNO",9,7,FALSE,"summer_Communities"
"RGT","RNO",9,7,FALSE,"summer_Communities"
"PBP (was PBB)","RNO",9,7,FALSE,"summer_Communities"
"GDN (was GDY)","RNO",11,7,FALSE,"summer_Communities"
"GPR","RNO",11,7,FALSE,"summer_Communities"
"CRY","RNO",11,7,FALSE,"summer_Communities"
"CGN","PNG",2,7,FALSE,"summer_Communities"
"GNG","PNG",2,7,FALSE,"summer_Communities"
"PDN","PNG",2,7,FALSE,"summer_Communities"
"GTP","PNG",3,7,FALSE,"summer_Communities"
"PLS","PNG",3,7,FALSE,"summer_Communities"
"NOD","PNG",3,7,FALSE,"summer_Communities"
"NRO","PNG",5,7,FALSE,"summer_Communities"
"NSS","PNG",5,7,FALSE,"summer_Communities"
"GBO (was GPT)","PNG",6,7,FALSE,"summer_Communities"
"GPW","PNG",6,7,FALSE,"summer_Communities"
"GSN","PNG",6,7,FALSE,"summer_Communities"
"PND","PNG",7,7,TRUE,"summer_Communities"
"GLS","PNG",7,7,TRUE,"summer_Communities"
"GPB","PNG",8,7,FALSE,"summer_Communities"
"GDO","PNG",9,7,FALSE,"summer_Communities"
"PBP (was PBB)","PNG",9,7,FALSE,"summer_Communities"
"GDN (was GDY)","PNG",11,7,FALSE,"summer_Communities"
"GPR","PNG",11,7,FALSE,"summer_Communities"
"CRY","PNG",11,7,FALSE,"summer_Communities"
"CGN","GLS",2,7,FALSE,"summer_Communities"
"GBO (was GPT)","GLS",6,7,FALSE,"summer_Communities"
"GDO","GLS",9,7,FALSE,"summer_Communities"
"GDN (was GDY)","GLS",11,7,FALSE,"summer_Communities"
"CRY","GLS",11,7,FALSE,"summer_Communities"
"SWT","WPB",1,8,FALSE,"summer_Communities"
"SDO","WPB",1,8,FALSE,"summer_Communities"
"CGN","WPB",2,8,FALSE,"summer_Communities"
"GNG","WPB",2,8,FALSE,"summer_Communities"
"SDR","WPB",2,8,FALSE,"summer_Communities"
"SSS","WPB",2,8,FALSE,"summer_Communities"
"SYO","WPB",2,8,FALSE,"summer_Communities"
"PDN","WPB",2,8,FALSE,"summer_Communities"
"RBP","WPB",2,8,FALSE,"summer_Communities"
"SWB","WPB",2,8,FALSE,"summer_Communities"
"SDT","WPB",2,8,FALSE,"summer_Communities"
"SOG","WPB",3,8,FALSE,"summer_Communities"
"GTP","WPB",3,8,FALSE,"summer_Communities"
"SPT","WPB",3,8,FALSE,"summer_Communities"
"PLS","WPB",3,8,FALSE,"summer_Communities"
"NOD","WPB",3,8,FALSE,"summer_Communities"
"WOG","WPB",4,8,FALSE,"summer_Communities"
"NRO","WPB",5,8,FALSE,"summer_Communities"
"NSS","WPB",5,8,FALSE,"summer_Communities"
"WNS","WPB",6,8,FALSE,"summer_Communities"
"SNR (was SNO)","WPB",6,8,FALSE,"summer_Communities"
"GBO (was GPT)","WPB",6,8,FALSE,"summer_Communities"
"GPW","WPB",6,8,FALSE,"summer_Communities"
"WDY","WPB",6,8,FALSE,"summer_Communities"
"GSN","WPB",6,8,FALSE,"summer_Communities"
"RDO","WPB",6,8,FALSE,"summer_Communities"
"PND","WPB",7,8,FALSE,"summer_Communities"
"RNO","WPB",7,8,FALSE,"summer_Communities"
"PNG","WPB",7,8,FALSE,"summer_Communities"
"GLS","WPB",7,8,FALSE,"summer_Communities"
"WNP","WPB",8,8,TRUE,"summer_Communities"
"SPW","WPB",8,8,TRUE,"summer_Communities"
"ROW","WPB",8,8,TRUE,"summer_Communities"
"GPB","WPB",8,8,TRUE,"summer_Communities"
"GDO","WPB",9,8,FALSE,"summer_Communities"
"WDB","WPB",10,8,FALSE,"summer_Communities"
"SGB","WPB",9,8,FALSE,"summer_Communities"
"PNL","WPB",9,8,FALSE,"summer_Communities"
"WDT","WPB",9,8,FALSE,"summer_Communities"
"RGT","WPB",9,8,FALSE,"summer_Communities"
"RTT","WPB",11,8,FALSE,"summer_Communities"
"PBP (was PBB)","WPB",9,8,FALSE,"summer_Communities"
"STT","WPB",9,8,FALSE,"summer_Communities"
"GDN (was GDY)","WPB",11,8,FALSE,"summer_Communities"
"GPR","WPB",11,8,FALSE,"summer_Communities"
"WDD","WPB",11,8,FALSE,"summer_Communities"
"CRY","WPB",11,8,FALSE,"summer_Communities"
"WDG","WPB",11,8,FALSE,"summer_Communities"
"SWT","WNP",1,8,FALSE,"summer_Communities"
"SDO","WNP",1,8,FALSE,"summer_Communities"
"CGN","WNP",2,8,FALSE,"summer_Communities"
"GNG","WNP",2,8,FALSE,"summer_Communities"
"SDR","WNP",2,8,FALSE,"summer_Communities"
"SSS","WNP",2,8,FALSE,"summer_Communities"
"SYO","WNP",2,8,FALSE,"summer_Communities"
"PDN","WNP",2,8,FALSE,"summer_Communities"
"RBP","WNP",2,8,FALSE,"summer_Communities"
"SWB","WNP",2,8,FALSE,"summer_Communities"
"SDT","WNP",2,8,FALSE,"summer_Communities"
"SOG","WNP",3,8,FALSE,"summer_Communities"
"GTP","WNP",3,8,FALSE,"summer_Communities"
"SPT","WNP",3,8,FALSE,"summer_Communities"
"PLS","WNP",3,8,FALSE,"summer_Communities"
"NOD","WNP",3,8,FALSE,"summer_Communities"
"NRO","WNP",5,8,FALSE,"summer_Communities"
"NSS","WNP",5,8,FALSE,"summer_Communities"
"SNR (was SNO)","WNP",6,8,FALSE,"summer_Communities"
"GBO (was GPT)","WNP",6,8,FALSE,"summer_Communities"
"GPW","WNP",6,8,FALSE,"summer_Communities"
"WDY","WNP",6,8,FALSE,"summer_Communities"
"GSN","WNP",6,8,FALSE,"summer_Communities"
"RDO","WNP",6,8,FALSE,"summer_Communities"
"PND","WNP",7,8,FALSE,"summer_Communities"
"RNO","WNP",7,8,FALSE,"summer_Communities"
"PNG","WNP",7,8,FALSE,"summer_Communities"
"GLS","WNP",7,8,FALSE,"summer_Communities"
"SPW","WNP",8,8,TRUE,"summer_Communities"
"ROW","WNP",8,8,TRUE,"summer_Communities"
"GPB","WNP",8,8,TRUE,"summer_Communities"
"GDO","WNP",9,8,FALSE,"summer_Communities"
"WDB","WNP",10,8,FALSE,"summer_Communities"
"SGB","WNP",9,8,FALSE,"summer_Communities"
"PNL","WNP",9,8,FALSE,"summer_Communities"
"WDT","WNP",9,8,FALSE,"summer_Communities"
"RGT","WNP",9,8,FALSE,"summer_Communities"
"RTT","WNP",11,8,FALSE,"summer_Communities"
"PBP (was PBB)","WNP",9,8,FALSE,"summer_Communities"
"STT","WNP",9,8,FALSE,"summer_Communities"
"GDN (was GDY)","WNP",11,8,FALSE,"summer_Communities"
"GPR","WNP",11,8,FALSE,"summer_Communities"
"WDD","WNP",11,8,FALSE,"summer_Communities"
"CRY","WNP",11,8,FALSE,"summer_Communities"
"WDG","WNP",11,8,FALSE,"summer_Communities"
"SDO","SPW",1,8,FALSE,"summer_Communities"
"CGN","SPW",2,8,FALSE,"summer_Communities"
"GNG","SPW",2,8,FALSE,"summer_Communities"
"SDR","SPW",2,8,FALSE,"summer_Communities"
"PDN","SPW",2,8,FALSE,"summer_Communities"
"RBP","SPW",2,8,FALSE,"summer_Communities"
"SDT","SPW",2,8,FALSE,"summer_Communities"
"SOG","SPW",3,8,FALSE,"summer_Communities"
"GTP","SPW",3,8,FALSE,"summer_Communities"
"SPT","SPW",3,8,FALSE,"summer_Communities"
"PLS","SPW",3,8,FALSE,"summer_Communities"
"NOD","SPW",3,8,FALSE,"summer_Communities"
"NRO","SPW",5,8,FALSE,"summer_Communities"
"NSS","SPW",5,8,FALSE,"summer_Communities"
"SNR (was SNO)","SPW",6,8,FALSE,"summer_Communities"
"GBO (was GPT)","SPW",6,8,FALSE,"summer_Communities"
"GPW","SPW",6,8,FALSE,"summer_Communities"
"GSN","SPW",6,8,FALSE,"summer_Communities"
"RDO","SPW",6,8,FALSE,"summer_Communities"
"PND","SPW",7,8,FALSE,"summer_Communities"
"RNO","SPW",7,8,FALSE,"summer_Communities"
"PNG","SPW",7,8,FALSE,"summer_Communities"
"GLS","SPW",7,8,FALSE,"summer_Communities"
"ROW","SPW",8,8,TRUE,"summer_Communities"
"GPB","SPW",8,8,TRUE,"summer_Communities"
"GDO","SPW",9,8,FALSE,"summer_Communities"
"SGB","SPW",9,8,FALSE,"summer_Communities"
"PNL","SPW",9,8,FALSE,"summer_Communities"
"RGT","SPW",9,8,FALSE,"summer_Communities"
"RTT","SPW",11,8,FALSE,"summer_Communities"
"PBP (was PBB)","SPW",9,8,FALSE,"summer_Communities"
"GDN (was GDY)","SPW",11,8,FALSE,"summer_Communities"
"GPR","SPW",11,8,FALSE,"summer_Communities"
"CRY","SPW",11,8,FALSE,"summer_Communities"
"CGN","ROW",2,8,FALSE,"summer_Communities"
"GNG","ROW",2,8,FALSE,"summer_Communities"
"PDN","ROW",2,8,FALSE,"summer_Communities"
"RBP","ROW",2,8,FALSE,"summer_Communities"
"GTP","ROW",3,8,FALSE,"summer_Communities"
"PLS","ROW",3,8,FALSE,"summer_Communities"
"NOD","ROW",3,8,FALSE,"summer_Communities"
"NRO","ROW",5,8,FALSE,"summer_Communities"
"NSS","ROW",5,8,FALSE,"summer_Communities"
"GBO (was GPT)","ROW",6,8,FALSE,"summer_Communities"
"GPW","ROW",6,8,FALSE,"summer_Communities"
"GSN","ROW",6,8,FALSE,"summer_Communities"
"RDO","ROW",6,8,FALSE,"summer_Communities"
"PND","ROW",7,8,FALSE,"summer_Communities"
"RNO","ROW",7,8,FALSE,"summer_Communities"
"PNG","ROW",7,8,FALSE,"summer_Communities"
"GLS","ROW",7,8,FALSE,"summer_Communities"
"GPB","ROW",8,8,TRUE,"summer_Communities"
"GDO","ROW",9,8,FALSE,"summer_Communities"
"PNL","ROW",9,8,FALSE,"summer_Communities"
"RGT","ROW",9,8,FALSE,"summer_Communities"
"PBP (was PBB)","ROW",9,8,FALSE,"summer_Communities"
"GDN (was GDY)","ROW",11,8,FALSE,"summer_Communities"
"GPR","ROW",11,8,FALSE,"summer_Communities"
"CRY","ROW",11,8,FALSE,"summer_Communities"
"SWT","YND",1,8,FALSE,"summer_Communities"
"SDO","YND",1,8,FALSE,"summer_Communities"
"CGN","YND",2,8,FALSE,"summer_Communities"
"WPW","YND",1,8,FALSE,"summer_Communities"
"GNG","YND",2,8,FALSE,"summer_Communities"
"SDR","YND",2,8,FALSE,"summer_Communities"
"SSS","YND",2,8,FALSE,"summer_Communities"
"SYO","YND",2,8,FALSE,"summer_Communities"
"PDN","YND",2,8,FALSE,"summer_Communities"
"RBP","YND",2,8,FALSE,"summer_Communities"
"SWB","YND",2,8,FALSE,"summer_Communities"
"SDT","YND",2,8,FALSE,"summer_Communities"
"SOG","YND",3,8,FALSE,"summer_Communities"
"GTP","YND",3,8,FALSE,"summer_Communities"
"SPT","YND",3,8,FALSE,"summer_Communities"
"PLS","YND",3,8,FALSE,"summer_Communities"
"NOD","YND",3,8,FALSE,"summer_Communities"
"WSY","YND",4,8,FALSE,"summer_Communities"
"YBN","YND",4,8,FALSE,"summer_Communities"
"WOG","YND",4,8,FALSE,"summer_Communities"
"WPD","YND",5,8,FALSE,"summer_Communities"
"YDT","YND",5,8,FALSE,"summer_Communities"
"WPG","YND",3,8,FALSE,"summer_Communities"
"NRO","YND",5,8,FALSE,"summer_Communities"
"NSS","YND",5,8,FALSE,"summer_Communities"
"YDW","YND",6,8,FALSE,"summer_Communities"
"WNS","YND",6,8,FALSE,"summer_Communities"
"SNR (was SNO)","YND",6,8,FALSE,"summer_Communities"
"GBO (was GPT)","YND",6,8,FALSE,"summer_Communities"
"YGD","YND",6,8,FALSE,"summer_Communities"
"GPW","YND",6,8,FALSE,"summer_Communities"
"WDY","YND",6,8,FALSE,"summer_Communities"
"GSN","YND",6,8,FALSE,"summer_Communities"
"RDO","YND",6,8,FALSE,"summer_Communities"
"PND","YND",7,8,FALSE,"summer_Communities"
"RNO","YND",7,8,FALSE,"summer_Communities"
"PNG","YND",7,8,FALSE,"summer_Communities"
"GLS","YND",7,8,FALSE,"summer_Communities"
"WPB","YND",8,8,TRUE,"summer_Communities"
"WNP","YND",8,8,TRUE,"summer_Communities"
"SPW","YND",8,8,TRUE,"summer_Communities"
"ROW","YND",8,8,TRUE,"summer_Communities"
"GPB","YND",8,8,TRUE,"summer_Communities"
"YBY","YND",9,8,FALSE,"summer_Communities"
"YGY","YND",9,8,FALSE,"summer_Communities"
"YBT","YND",9,8,FALSE,"summer_Communities"
"GDO","YND",9,8,FALSE,"summer_Communities"
"WPS","YND",9,8,FALSE,"summer_Communities"
"WDB","YND",10,8,FALSE,"summer_Communities"
"WTW","YND",9,8,FALSE,"summer_Communities"
"SGB","YND",9,8,FALSE,"summer_Communities"
"PNL","YND",9,8,FALSE,"summer_Communities"
"WDT","YND",9,8,FALSE,"summer_Communities"
"RGT","YND",9,8,FALSE,"summer_Communities"
"RTT","YND",11,8,FALSE,"summer_Communities"
"PBP (was PBB)","YND",9,8,FALSE,"summer_Communities"
"STT","YND",9,8,FALSE,"summer_Communities"
"GDN (was GDY)","YND",11,8,FALSE,"summer_Communities"
"GPR","YND",11,8,FALSE,"summer_Communities"
"WDD","YND",11,8,FALSE,"summer_Communities"
"CRY","YND",11,8,FALSE,"summer_Communities"
"WDG","YND",11,8,FALSE,"summer_Communities"
"WYD","YND",11,8,FALSE,"summer_Communities"
"SWT","YOD",1,8,FALSE,"summer_Communities"
"SDO","YOD",1,8,FALSE,"summer_Communities"
"CGN","YOD",2,8,FALSE,"summer_Communities"
"WPW","YOD",1,8,FALSE,"summer_Communities"
"GNG","YOD",2,8,FALSE,"summer_Communities"
"SDR","YOD",2,8,FALSE,"summer_Communities"
"SSS","YOD",2,8,FALSE,"summer_Communities"
"SYO","YOD",2,8,FALSE,"summer_Communities"
"PDN","YOD",2,8,FALSE,"summer_Communities"
"RBP","YOD",2,8,FALSE,"summer_Communities"
"SWB","YOD",2,8,FALSE,"summer_Communities"
"SDT","YOD",2,8,FALSE,"summer_Communities"
"SOG","YOD",3,8,FALSE,"summer_Communities"
"GTP","YOD",3,8,FALSE,"summer_Communities"
"SPT","YOD",3,8,FALSE,"summer_Communities"
"PLS","YOD",3,8,FALSE,"summer_Communities"
"NOD","YOD",3,8,FALSE,"summer_Communities"
"WSY","YOD",4,8,FALSE,"summer_Communities"
"YBN","YOD",4,8,FALSE,"summer_Communities"
"WOG","YOD",4,8,FALSE,"summer_Communities"
"WPD","YOD",5,8,FALSE,"summer_Communities"
"YDT","YOD",5,8,FALSE,"summer_Communities"
"WPG","YOD",3,8,FALSE,"summer_Communities"
"NRO","YOD",5,8,FALSE,"summer_Communities"
"NSS","YOD",5,8,FALSE,"summer_Communities"
"YDW","YOD",6,8,FALSE,"summer_Communities"
"WNS","YOD",6,8,FALSE,"summer_Communities"
"SNR (was SNO)","YOD",6,8,FALSE,"summer_Communities"
"GBO (was GPT)","YOD",6,8,FALSE,"summer_Communities"
"YGD","YOD",6,8,FALSE,"summer_Communities"
"GPW","YOD",6,8,FALSE,"summer_Communities"
"WDY","YOD",6,8,FALSE,"summer_Communities"
"GSN","YOD",6,8,FALSE,"summer_Communities"
"RDO","YOD",6,8,FALSE,"summer_Communities"
"PND","YOD",7,8,FALSE,"summer_Communities"
"RNO","YOD",7,8,FALSE,"summer_Communities"
"PNG","YOD",7,8,FALSE,"summer_Communities"
"GLS","YOD",7,8,FALSE,"summer_Communities"
"WPB","YOD",8,8,TRUE,"summer_Communities"
"WNP","YOD",8,8,TRUE,"summer_Communities"
"SPW","YOD",8,8,TRUE,"summer_Communities"
"ROW","YOD",8,8,TRUE,"summer_Communities"
"YND","YOD",8,8,TRUE,"summer_Communities"
"GPB","YOD",8,8,TRUE,"summer_Communities"
"YBY","YOD",9,8,FALSE,"summer_Communities"
"YGY","YOD",9,8,FALSE,"summer_Communities"
"YBT","YOD",9,8,FALSE,"summer_Communities"
"GDO","YOD",9,8,FALSE,"summer_Communities"
"WPS","YOD",9,8,FALSE,"summer_Communities"
"WDB","YOD",10,8,FALSE,"summer_Communities"
"WTW","YOD",9,8,FALSE,"summer_Communities"
"SGB","YOD",9,8,FALSE,"summer_Communities"
"PNL","YOD",9,8,FALSE,"summer_Communities"
"WDT","YOD",9,8,FALSE,"summer_Communities"
"RGT","YOD",9,8,FALSE,"summer_Communities"
"RTT","YOD",11,8,FALSE,"summer_Communities"
"PBP (was PBB)","YOD",9,8,FALSE,"summer_Communities"
"STT","YOD",9,8,FALSE,"summer_Communities"
"GDN (was GDY)","YOD",11,8,FALSE,"summer_Communities"
"GPR","YOD",11,8,FALSE,"summer_Communities"
"WDD","YOD",11,8,FALSE,"summer_Communities"
"CRY","YOD",11,8,FALSE,"summer_Communities"
"WDG","YOD",11,8,FALSE,"summer_Communities"
"WYD","YOD",11,8,FALSE,"summer_Communities"
"CGN","GPB",2,8,FALSE,"summer_Communities"
"GNG","GPB",2,8,FALSE,"summer_Communities"
"GBO (was GPT)","GPB",6,8,FALSE,"summer_Communities"
"GLS","GPB",7,8,FALSE,"summer_Communities"
"GDO","GPB",9,8,FALSE,"summer_Communities"
"GDN (was GDY)","GPB",11,8,FALSE,"summer_Communities"
"CRY","GPB",11,8,FALSE,"summer_Communities"
"SWT","YBY",1,9,FALSE,"summer_Communities"
"SDO","YBY",1,9,FALSE,"summer_Communities"
"CGN","YBY",2,9,FALSE,"summer_Communities"
"WPW","YBY",1,9,FALSE,"summer_Communities"
"GNG","YBY",2,9,FALSE,"summer_Communities"
"SDR","YBY",2,9,FALSE,"summer_Communities"
"SSS","YBY",2,9,FALSE,"summer_Communities"
"SYO","YBY",2,9,FALSE,"summer_Communities"
"PDN","YBY",2,9,FALSE,"summer_Communities"
"RBP","YBY",2,9,FALSE,"summer_Communities"
"SWB","YBY",2,9,FALSE,"summer_Communities"
"SDT","YBY",2,9,FALSE,"summer_Communities"
"SOG","YBY",3,9,FALSE,"summer_Communities"
"GTP","YBY",3,9,FALSE,"summer_Communities"
"SPT","YBY",3,9,FALSE,"summer_Communities"
"PLS","YBY",3,9,FALSE,"summer_Communities"
"NOD","YBY",3,9,FALSE,"summer_Communities"
"WSY","YBY",4,9,FALSE,"summer_Communities"
"YBN","YBY",4,9,FALSE,"summer_Communities"
"WOG","YBY",4,9,FALSE,"summer_Communities"
"WPD","YBY",5,9,FALSE,"summer_Communities"
"WPG","YBY",3,9,FALSE,"summer_Communities"
"NRO","YBY",5,9,FALSE,"summer_Communities"
"NSS","YBY",5,9,FALSE,"summer_Communities"
"WNS","YBY",6,9,FALSE,"summer_Communities"
"SNR (was SNO)","YBY",6,9,FALSE,"summer_Communities"
"GBO (was GPT)","YBY",6,9,FALSE,"summer_Communities"
"GPW","YBY",6,9,FALSE,"summer_Communities"
"WDY","YBY",6,9,FALSE,"summer_Communities"
"GSN","YBY",6,9,FALSE,"summer_Communities"
"RDO","YBY",6,9,FALSE,"summer_Communities"
"PND","YBY",7,9,FALSE,"summer_Communities"
"RNO","YBY",7,9,FALSE,"summer_Communities"
"PNG","YBY",7,9,FALSE,"summer_Communities"
"GLS","YBY",7,9,FALSE,"summer_Communities"
"WPB","YBY",8,9,FALSE,"summer_Communities"
"WNP","YBY",8,9,FALSE,"summer_Communities"
"SPW","YBY",8,9,FALSE,"summer_Communities"
"ROW","YBY",8,9,FALSE,"summer_Communities"
"GPB","YBY",8,9,FALSE,"summer_Communities"
"YBT","YBY",9,9,TRUE,"summer_Communities"
"GDO","YBY",9,9,TRUE,"summer_Communities"
"WPS","YBY",9,9,TRUE,"summer_Communities"
"WDB","YBY",10,9,FALSE,"summer_Communities"
"WTW","YBY",9,9,TRUE,"summer_Communities"
"SGB","YBY",9,9,TRUE,"summer_Communities"
"PNL","YBY",9,9,TRUE,"summer_Communities"
"WDT","YBY",9,9,TRUE,"summer_Communities"
"RGT","YBY",9,9,TRUE,"summer_Communities"
"RTT","YBY",11,9,FALSE,"summer_Communities"
"PBP (was PBB)","YBY",9,9,TRUE,"summer_Communities"
"STT","YBY",9,9,TRUE,"summer_Communities"
"GDN (was GDY)","YBY",11,9,FALSE,"summer_Communities"
"GPR","YBY",11,9,FALSE,"summer_Communities"
"WDD","YBY",11,9,FALSE,"summer_Communities"
"CRY","YBY",11,9,FALSE,"summer_Communities"
"WDG","YBY",11,9,FALSE,"summer_Communities"
"WYD","YBY",11,9,FALSE,"summer_Communities"
"SWT","YGY",1,9,FALSE,"summer_Communities"
"SDO","YGY",1,9,FALSE,"summer_Communities"
"CGN","YGY",2,9,FALSE,"summer_Communities"
"WPW","YGY",1,9,FALSE,"summer_Communities"
"GNG","YGY",2,9,FALSE,"summer_Communities"
"SDR","YGY",2,9,FALSE,"summer_Communities"
"SSS","YGY",2,9,FALSE,"summer_Communities"
"SYO","YGY",2,9,FALSE,"summer_Communities"
"PDN","YGY",2,9,FALSE,"summer_Communities"
"RBP","YGY",2,9,FALSE,"summer_Communities"
"SWB","YGY",2,9,FALSE,"summer_Communities"
"SDT","YGY",2,9,FALSE,"summer_Communities"
"SOG","YGY",3,9,FALSE,"summer_Communities"
"GTP","YGY",3,9,FALSE,"summer_Communities"
"SPT","YGY",3,9,FALSE,"summer_Communities"
"PLS","YGY",3,9,FALSE,"summer_Communities"
"NOD","YGY",3,9,FALSE,"summer_Communities"
"WSY","YGY",4,9,FALSE,"summer_Communities"
"YBN","YGY",4,9,FALSE,"summer_Communities"
"WOG","YGY",4,9,FALSE,"summer_Communities"
"WPD","YGY",5,9,FALSE,"summer_Communities"
"YDT","YGY",5,9,FALSE,"summer_Communities"
"WPG","YGY",3,9,FALSE,"summer_Communities"
"NRO","YGY",5,9,FALSE,"summer_Communities"
"NSS","YGY",5,9,FALSE,"summer_Communities"
"YDW","YGY",6,9,FALSE,"summer_Communities"
"WNS","YGY",6,9,FALSE,"summer_Communities"
"SNR (was SNO)","YGY",6,9,FALSE,"summer_Communities"
"GBO (was GPT)","YGY",6,9,FALSE,"summer_Communities"
"YGD","YGY",6,9,FALSE,"summer_Communities"
"GPW","YGY",6,9,FALSE,"summer_Communities"
"WDY","YGY",6,9,FALSE,"summer_Communities"
"GSN","YGY",6,9,FALSE,"summer_Communities"
"RDO","YGY",6,9,FALSE,"summer_Communities"
"PND","YGY",7,9,FALSE,"summer_Communities"
"RNO","YGY",7,9,FALSE,"summer_Communities"
"PNG","YGY",7,9,FALSE,"summer_Communities"
"GLS","YGY",7,9,FALSE,"summer_Communities"
"WPB","YGY",8,9,FALSE,"summer_Communities"
"WNP","YGY",8,9,FALSE,"summer_Communities"
"SPW","YGY",8,9,FALSE,"summer_Communities"
"ROW","YGY",8,9,FALSE,"summer_Communities"
"GPB","YGY",8,9,FALSE,"summer_Communities"
"YBY","YGY",9,9,TRUE,"summer_Communities"
"YBT","YGY",9,9,TRUE,"summer_Communities"
"GDO","YGY",9,9,TRUE,"summer_Communities"
"WPS","YGY",9,9,TRUE,"summer_Communities"
"WDB","YGY",10,9,FALSE,"summer_Communities"
"WTW","YGY",9,9,TRUE,"summer_Communities"
"SGB","YGY",9,9,TRUE,"summer_Communities"
"PNL","YGY",9,9,TRUE,"summer_Communities"
"WDT","YGY",9,9,TRUE,"summer_Communities"
"RGT","YGY",9,9,TRUE,"summer_Communities"
"RTT","YGY",11,9,FALSE,"summer_Communities"
"PBP (was PBB)","YGY",9,9,TRUE,"summer_Communities"
"STT","YGY",9,9,TRUE,"summer_Communities"
"GDN (was GDY)","YGY",11,9,FALSE,"summer_Communities"
"GPR","YGY",11,9,FALSE,"summer_Communities"
"WDD","YGY",11,9,FALSE,"summer_Communities"
"CRY","YGY",11,9,FALSE,"summer_Communities"
"WDG","YGY",11,9,FALSE,"summer_Communities"
"WYD","YGY",11,9,FALSE,"summer_Communities"
"SWT","YBT",1,9,FALSE,"summer_Communities"
"SDO","YBT",1,9,FALSE,"summer_Communities"
"CGN","YBT",2,9,FALSE,"summer_Communities"
"WPW","YBT",1,9,FALSE,"summer_Communities"
"GNG","YBT",2,9,FALSE,"summer_Communities"
"SDR","YBT",2,9,FALSE,"summer_Communities"
"SSS","YBT",2,9,FALSE,"summer_Communities"
"SYO","YBT",2,9,FALSE,"summer_Communities"
"PDN","YBT",2,9,FALSE,"summer_Communities"
"RBP","YBT",2,9,FALSE,"summer_Communities"
"SWB","YBT",2,9,FALSE,"summer_Communities"
"SDT","YBT",2,9,FALSE,"summer_Communities"
"SOG","YBT",3,9,FALSE,"summer_Communities"
"GTP","YBT",3,9,FALSE,"summer_Communities"
"SPT","YBT",3,9,FALSE,"summer_Communities"
"PLS","YBT",3,9,FALSE,"summer_Communities"
"NOD","YBT",3,9,FALSE,"summer_Communities"
"WSY","YBT",4,9,FALSE,"summer_Communities"
"YBN","YBT",4,9,FALSE,"summer_Communities"
"WOG","YBT",4,9,FALSE,"summer_Communities"
"WPD","YBT",5,9,FALSE,"summer_Communities"
"WPG","YBT",3,9,FALSE,"summer_Communities"
"NRO","YBT",5,9,FALSE,"summer_Communities"
"NSS","YBT",5,9,FALSE,"summer_Communities"
"WNS","YBT",6,9,FALSE,"summer_Communities"
"SNR (was SNO)","YBT",6,9,FALSE,"summer_Communities"
"GBO (was GPT)","YBT",6,9,FALSE,"summer_Communities"
"GPW","YBT",6,9,FALSE,"summer_Communities"
"WDY","YBT",6,9,FALSE,"summer_Communities"
"GSN","YBT",6,9,FALSE,"summer_Communities"
"RDO","YBT",6,9,FALSE,"summer_Communities"
"PND","YBT",7,9,FALSE,"summer_Communities"
"RNO","YBT",7,9,FALSE,"summer_Communities"
"PNG","YBT",7,9,FALSE,"summer_Communities"
"GLS","YBT",7,9,FALSE,"summer_Communities"
"WPB","YBT",8,9,FALSE,"summer_Communities"
"WNP","YBT",8,9,FALSE,"summer_Communities"
"SPW","YBT",8,9,FALSE,"summer_Communities"
"ROW","YBT",8,9,FALSE,"summer_Communities"
"GPB","YBT",8,9,FALSE,"summer_Communities"
"GDO","YBT",9,9,TRUE,"summer_Communities"
"WPS","YBT",9,9,TRUE,"summer_Communities"
"WDB","YBT",10,9,FALSE,"summer_Communities"
"WTW","YBT",9,9,TRUE,"summer_Communities"
"SGB","YBT",9,9,TRUE,"summer_Communities"
"PNL","YBT",9,9,TRUE,"summer_Communities"
"WDT","YBT",9,9,TRUE,"summer_Communities"
"RGT","YBT",9,9,TRUE,"summer_Communities"
"RTT","YBT",11,9,FALSE,"summer_Communities"
"PBP (was PBB)","YBT",9,9,TRUE,"summer_Communities"
"STT","YBT",9,9,TRUE,"summer_Communities"
"GDN (was GDY)","YBT",11,9,FALSE,"summer_Communities"
"GPR","YBT",11,9,FALSE,"summer_Communities"
"WDD","YBT",11,9,FALSE,"summer_Communities"
"CRY","YBT",11,9,FALSE,"summer_Communities"
"WDG","YBT",11,9,FALSE,"summer_Communities"
"WYD","YBT",11,9,FALSE,"summer_Communities"
"CGN","GDO",2,9,FALSE,"summer_Communities"
"GBO (was GPT)","GDO",6,9,FALSE,"summer_Communities"
"GDN (was GDY)","GDO",11,9,FALSE,"summer_Communities"
"CRY","GDO",11,9,FALSE,"summer_Communities"
"SWT","WPS",1,9,FALSE,"summer_Communities"
"SDO","WPS",1,9,FALSE,"summer_Communities"
"CGN","WPS",2,9,FALSE,"summer_Communities"
"GNG","WPS",2,9,FALSE,"summer_Communities"
"SDR","WPS",2,9,FALSE,"summer_Communities"
"SSS","WPS",2,9,FALSE,"summer_Communities"
"SYO","WPS",2,9,FALSE,"summer_Communities"
"PDN","WPS",2,9,FALSE,"summer_Communities"
"RBP","WPS",2,9,FALSE,"summer_Communities"
"SWB","WPS",2,9,FALSE,"summer_Communities"
"SDT","WPS",2,9,FALSE,"summer_Communities"
"SOG","WPS",3,9,FALSE,"summer_Communities"
"GTP","WPS",3,9,FALSE,"summer_Communities"
"SPT","WPS",3,9,FALSE,"summer_Communities"
"PLS","WPS",3,9,FALSE,"summer_Communities"
"NOD","WPS",3,9,FALSE,"summer_Communities"
"WOG","WPS",4,9,FALSE,"summer_Communities"
"WPD","WPS",5,9,FALSE,"summer_Communities"
"WPG","WPS",3,9,FALSE,"summer_Communities"
"NRO","WPS",5,9,FALSE,"summer_Communities"
"NSS","WPS",5,9,FALSE,"summer_Communities"
"WNS","WPS",6,9,FALSE,"summer_Communities"
"SNR (was SNO)","WPS",6,9,FALSE,"summer_Communities"
"GBO (was GPT)","WPS",6,9,FALSE,"summer_Communities"
"GPW","WPS",6,9,FALSE,"summer_Communities"
"WDY","WPS",6,9,FALSE,"summer_Communities"
"GSN","WPS",6,9,FALSE,"summer_Communities"
"RDO","WPS",6,9,FALSE,"summer_Communities"
"PND","WPS",7,9,FALSE,"summer_Communities"
"RNO","WPS",7,9,FALSE,"summer_Communities"
"PNG","WPS",7,9,FALSE,"summer_Communities"
"GLS","WPS",7,9,FALSE,"summer_Communities"
"WPB","WPS",8,9,FALSE,"summer_Communities"
"WNP","WPS",8,9,FALSE,"summer_Communities"
"SPW","WPS",8,9,FALSE,"summer_Communities"
"ROW","WPS",8,9,FALSE,"summer_Communities"
"GPB","WPS",8,9,FALSE,"summer_Communities"
"GDO","WPS",9,9,TRUE,"summer_Communities"
"WDB","WPS",10,9,FALSE,"summer_Communities"
"SGB","WPS",9,9,TRUE,"summer_Communities"
"PNL","WPS",9,9,TRUE,"summer_Communities"
"WDT","WPS",9,9,TRUE,"summer_Communities"
"RGT","WPS",9,9,TRUE,"summer_Communities"
"RTT","WPS",11,9,FALSE,"summer_Communities"
"PBP (was PBB)","WPS",9,9,TRUE,"summer_Communities"
"STT","WPS",9,9,TRUE,"summer_Communities"
"GDN (was GDY)","WPS",11,9,FALSE,"summer_Communities"
"GPR","WPS",11,9,FALSE,"summer_Communities"
"WDD","WPS",11,9,FALSE,"summer_Communities"
"CRY","WPS",11,9,FALSE,"summer_Communities"
"WDG","WPS",11,9,FALSE,"summer_Communities"
"SWT","WDB",1,10,FALSE,"summer_Communities"
"SDO","WDB",1,10,FALSE,"summer_Communities"
"CGN","WDB",2,10,FALSE,"summer_Communities"
"GNG","WDB",2,10,FALSE,"summer_Communities"
"SDR","WDB",2,10,FALSE,"summer_Communities"
"SSS","WDB",2,10,FALSE,"summer_Communities"
"SYO","WDB",2,10,FALSE,"summer_Communities"
"PDN","WDB",2,10,FALSE,"summer_Communities"
"RBP","WDB",2,10,FALSE,"summer_Communities"
"SWB","WDB",2,10,FALSE,"summer_Communities"
"SDT","WDB",2,10,FALSE,"summer_Communities"
"SOG","WDB",3,10,FALSE,"summer_Communities"
"GTP","WDB",3,10,FALSE,"summer_Communities"
"SPT","WDB",3,10,FALSE,"summer_Communities"
"PLS","WDB",3,10,FALSE,"summer_Communities"
"NOD","WDB",3,10,FALSE,"summer_Communities"
"NRO","WDB",5,10,FALSE,"summer_Communities"
"NSS","WDB",5,10,FALSE,"summer_Communities"
"SNR (was SNO)","WDB",6,10,FALSE,"summer_Communities"
"GBO (was GPT)","WDB",6,10,FALSE,"summer_Communities"
"GPW","WDB",6,10,FALSE,"summer_Communities"
"GSN","WDB",6,10,FALSE,"summer_Communities"
"RDO","WDB",6,10,FALSE,"summer_Communities"
"PND","WDB",7,10,FALSE,"summer_Communities"
"RNO","WDB",7,10,FALSE,"summer_Communities"
"PNG","WDB",7,10,FALSE,"summer_Communities"
"GLS","WDB",7,10,FALSE,"summer_Communities"
"SPW","WDB",8,10,FALSE,"summer_Communities"
"ROW","WDB",8,10,FALSE,"summer_Communities"
"GPB","WDB",8,10,FALSE,"summer_Communities"
"GDO","WDB",9,10,FALSE,"summer_Communities"
"SGB","WDB",9,10,FALSE,"summer_Communities"
"PNL","WDB",9,10,FALSE,"summer_Communities"
"RGT","WDB",9,10,FALSE,"summer_Communities"
"RTT","WDB",11,10,FALSE,"summer_Communities"
"PBP (was PBB)","WDB",9,10,FALSE,"summer_Communities"
"STT","WDB",9,10,FALSE,"summer_Communities"
"GDN (was GDY)","WDB",11,10,FALSE,"summer_Communities"
"GPR","WDB",11,10,FALSE,"summer_Communities"
"CRY","WDB",11,10,FALSE,"summer_Communities"
"SWT","WTW",1,9,FALSE,"summer_Communities"
"SDO","WTW",1,9,FALSE,"summer_Communities"
"CGN","WTW",2,9,FALSE,"summer_Communities"
"WPW","WTW",1,9,FALSE,"summer_Communities"
"GNG","WTW",2,9,FALSE,"summer_Communities"
"SDR","WTW",2,9,FALSE,"summer_Communities"
"SSS","WTW",2,9,FALSE,"summer_Communities"
"SYO","WTW",2,9,FALSE,"summer_Communities"
"PDN","WTW",2,9,FALSE,"summer_Communities"
"RBP","WTW",2,9,FALSE,"summer_Communities"
"SWB","WTW",2,9,FALSE,"summer_Communities"
"SDT","WTW",2,9,FALSE,"summer_Communities"
"SOG","WTW",3,9,FALSE,"summer_Communities"
"GTP","WTW",3,9,FALSE,"summer_Communities"
"SPT","WTW",3,9,FALSE,"summer_Communities"
"PLS","WTW",3,9,FALSE,"summer_Communities"
"NOD","WTW",3,9,FALSE,"summer_Communities"
"WSY","WTW",4,9,FALSE,"summer_Communities"
"WOG","WTW",4,9,FALSE,"summer_Communities"
"WPD","WTW",5,9,FALSE,"summer_Communities"
"WPG","WTW",3,9,FALSE,"summer_Communities"
"NRO","WTW",5,9,FALSE,"summer_Communities"
"NSS","WTW",5,9,FALSE,"summer_Communities"
"WNS","WTW",6,9,FALSE,"summer_Communities"
"SNR (was SNO)","WTW",6,9,FALSE,"summer_Communities"
"GBO (was GPT)","WTW",6,9,FALSE,"summer_Communities"
"GPW","WTW",6,9,FALSE,"summer_Communities"
"WDY","WTW",6,9,FALSE,"summer_Communities"
"GSN","WTW",6,9,FALSE,"summer_Communities"
"RDO","WTW",6,9,FALSE,"summer_Communities"
"PND","WTW",7,9,FALSE,"summer_Communities"
"RNO","WTW",7,9,FALSE,"summer_Communities"
"PNG","WTW",7,9,FALSE,"summer_Communities"
"GLS","WTW",7,9,FALSE,"summer_Communities"
"WPB","WTW",8,9,FALSE,"summer_Communities"
"WNP","WTW",8,9,FALSE,"summer_Communities"
"SPW","WTW",8,9,FALSE,"summer_Communities"
"ROW","WTW",8,9,FALSE,"summer_Communities"
"GPB","WTW",8,9,FALSE,"summer_Communities"
"GDO","WTW",9,9,TRUE,"summer_Communities"
"WPS","WTW",9,9,TRUE,"summer_Communities"
"WDB","WTW",10,9,FALSE,"summer_Communities"
"SGB","WTW",9,9,TRUE,"summer_Communities"
"PNL","WTW",9,9,TRUE,"summer_Communities"
"WDT","WTW",9,9,TRUE,"summer_Communities"
"RGT","WTW",9,9,TRUE,"summer_Communities"
"RTT","WTW",11,9,FALSE,"summer_Communities"
"PBP (was PBB)","WTW",9,9,TRUE,"summer_Communities"
"STT","WTW",9,9,TRUE,"summer_Communities"
"GDN (was GDY)","WTW",11,9,FALSE,"summer_Communities"
"GPR","WTW",11,9,FALSE,"summer_Communities"
"WDD","WTW",11,9,FALSE,"summer_Communities"
"CRY","WTW",11,9,FALSE,"summer_Communities"
"WDG","WTW",11,9,FALSE,"summer_Communities"
"SDO","SGB",1,9,FALSE,"summer_Communities"
"CGN","SGB",2,9,FALSE,"summer_Communities"
"GNG","SGB",2,9,FALSE,"summer_Communities"
"SDR","SGB",2,9,FALSE,"summer_Communities"
"PDN","SGB",2,9,FALSE,"summer_Communities"
"RBP","SGB",2,9,FALSE,"summer_Communities"
"SDT","SGB",2,9,FALSE,"summer_Communities"
"GTP","SGB",3,9,FALSE,"summer_Communities"
"PLS","SGB",3,9,FALSE,"summer_Communities"
"NOD","SGB",3,9,FALSE,"summer_Communities"
"NRO","SGB",5,9,FALSE,"summer_Communities"
"NSS","SGB",5,9,FALSE,"summer_Communities"
"GBO (was GPT)","SGB",6,9,FALSE,"summer_Communities"
"GPW","SGB",6,9,FALSE,"summer_Communities"
"GSN","SGB",6,9,FALSE,"summer_Communities"
"RDO","SGB",6,9,FALSE,"summer_Communities"
"PND","SGB",7,9,FALSE,"summer_Communities"
"RNO","SGB",7,9,FALSE,"summer_Communities"
"PNG","SGB",7,9,FALSE,"summer_Communities"
"GLS","SGB",7,9,FALSE,"summer_Communities"
"ROW","SGB",8,9,FALSE,"summer_Communities"
"GPB","SGB",8,9,FALSE,"summer_Communities"
"GDO","SGB",9,9,TRUE,"summer_Communities"
"PNL","SGB",9,9,TRUE,"summer_Communities"
"RGT","SGB",9,9,TRUE,"summer_Communities"
"RTT","SGB",11,9,FALSE,"summer_Communities"
"PBP (was PBB)","SGB",9,9,TRUE,"summer_Communities"
"GDN (was GDY)","SGB",11,9,FALSE,"summer_Communities"
"GPR","SGB",11,9,FALSE,"summer_Communities"
"CRY","SGB",11,9,FALSE,"summer_Communities"
"CGN","PNL",2,9,FALSE,"summer_Communities"
"GNG","PNL",2,9,FALSE,"summer_Communities"
"PDN","PNL",2,9,FALSE,"summer_Communities"
"GTP","PNL",3,9,FALSE,"summer_Communities"
"PLS","PNL",3,9,FALSE,"summer_Communities"
"NOD","PNL",3,9,FALSE,"summer_Communities"
"NRO","PNL",5,9,FALSE,"summer_Communities"
"NSS","PNL",5,9,FALSE,"summer_Communities"
"GBO (was GPT)","PNL",6,9,FALSE,"summer_Communities"
"GPW","PNL",6,9,FALSE,"summer_Communities"
"GSN","PNL",6,9,FALSE,"summer_Communities"
"PND","PNL",7,9,FALSE,"summer_Communities"
"PNG","PNL",7,9,FALSE,"summer_Communities"
"GLS","PNL",7,9,FALSE,"summer_Communities"
"GPB","PNL",8,9,FALSE,"summer_Communities"
"GDO","PNL",9,9,TRUE,"summer_Communities"
"PBP (was PBB)","PNL",9,9,TRUE,"summer_Communities"
"GDN (was GDY)","PNL",11,9,FALSE,"summer_Communities"
"GPR","PNL",11,9,FALSE,"summer_Communities"
"CRY","PNL",11,9,FALSE,"summer_Communities"
"SWT","WDT",1,9,FALSE,"summer_Communities"
"SDO","WDT",1,9,FALSE,"summer_Communities"
"CGN","WDT",2,9,FALSE,"summer_Communities"
"GNG","WDT",2,9,FALSE,"summer_Communities"
"SDR","WDT",2,9,FALSE,"summer_Communities"
"SSS","WDT",2,9,FALSE,"summer_Communities"
"SYO","WDT",2,9,FALSE,"summer_Communities"
"PDN","WDT",2,9,FALSE,"summer_Communities"
"RBP","WDT",2,9,FALSE,"summer_Communities"
"SWB","WDT",2,9,FALSE,"summer_Communities"
"SDT","WDT",2,9,FALSE,"summer_Communities"
"SOG","WDT",3,9,FALSE,"summer_Communities"
"GTP","WDT",3,9,FALSE,"summer_Communities"
"SPT","WDT",3,9,FALSE,"summer_Communities"
"PLS","WDT",3,9,FALSE,"summer_Communities"
"NOD","WDT",3,9,FALSE,"summer_Communities"
"NRO","WDT",5,9,FALSE,"summer_Communities"
"NSS","WDT",5,9,FALSE,"summer_Communities"
"SNR (was SNO)","WDT",6,9,FALSE,"summer_Communities"
"GBO (was GPT)","WDT",6,9,FALSE,"summer_Communities"
"GPW","WDT",6,9,FALSE,"summer_Communities"
"GSN","WDT",6,9,FALSE,"summer_Communities"
"RDO","WDT",6,9,FALSE,"summer_Communities"
"PND","WDT",7,9,FALSE,"summer_Communities"
"RNO","WDT",7,9,FALSE,"summer_Communities"
"PNG","WDT",7,9,FALSE,"summer_Communities"
"GLS","WDT",7,9,FALSE,"summer_Communities"
"SPW","WDT",8,9,FALSE,"summer_Communities"
"ROW","WDT",8,9,FALSE,"summer_Communities"
"GPB","WDT",8,9,FALSE,"summer_Communities"
"GDO","WDT",9,9,TRUE,"summer_Communities"
"WDB","WDT",10,9,FALSE,"summer_Communities"
"SGB","WDT",9,9,TRUE,"summer_Communities"
"PNL","WDT",9,9,TRUE,"summer_Communities"
"RGT","WDT",9,9,TRUE,"summer_Communities"
"RTT","WDT",11,9,FALSE,"summer_Communities"
"PBP (was PBB)","WDT",9,9,TRUE,"summer_Communities"
"STT","WDT",9,9,TRUE,"summer_Communities"
"GDN (was GDY)","WDT",11,9,FALSE,"summer_Communities"
"GPR","WDT",11,9,FALSE,"summer_Communities"
"WDD","WDT",11,9,FALSE,"summer_Communities"
"CRY","WDT",11,9,FALSE,"summer_Communities"
"WDG","WDT",11,9,FALSE,"summer_Communities"
"CGN","RGT",2,9,FALSE,"summer_Communities"
"GNG","RGT",2,9,FALSE,"summer_Communities"
"PDN","RGT",2,9,FALSE,"summer_Communities"
"RBP","RGT",2,9,FALSE,"summer_Communities"
"GTP","RGT",3,9,FALSE,"summer_Communities"
"PLS","RGT",3,9,FALSE,"summer_Communities"
"NOD","RGT",3,9,FALSE,"summer_Communities"
"NRO","RGT",5,9,FALSE,"summer_Communities"
"NSS","RGT",5,9,FALSE,"summer_Communities"
"GBO (was GPT)","RGT",6,9,FALSE,"summer_Communities"
"GPW","RGT",6,9,FALSE,"summer_Communities"
"GSN","RGT",6,9,FALSE,"summer_Communities"
"RDO","RGT",6,9,FALSE,"summer_Communities"
"PND","RGT",7,9,FALSE,"summer_Communities"
"PNG","RGT",7,9,FALSE,"summer_Communities"
"GLS","RGT",7,9,FALSE,"summer_Communities"
"GPB","RGT",8,9,FALSE,"summer_Communities"
"GDO","RGT",9,9,TRUE,"summer_Communities"
"PNL","RGT",9,9,TRUE,"summer_Communities"
"PBP (was PBB)","RGT",9,9,TRUE,"summer_Communities"
"GDN (was GDY)","RGT",11,9,FALSE,"summer_Communities"
"GPR","RGT",11,9,FALSE,"summer_Communities"
"CRY","RGT",11,9,FALSE,"summer_Communities"
"CGN","RTT",2,11,FALSE,"summer_Communities"
"GNG","RTT",2,11,FALSE,"summer_Communities"
"PDN","RTT",2,11,FALSE,"summer_Communities"
"RBP","RTT",2,11,FALSE,"summer_Communities"
"GTP","RTT",3,11,FALSE,"summer_Communities"
"PLS","RTT",3,11,FALSE,"summer_Communities"
"NOD","RTT",3,11,FALSE,"summer_Communities"
"NRO","RTT",5,11,FALSE,"summer_Communities"
"NSS","RTT",5,11,FALSE,"summer_Communities"
"GBO (was GPT)","RTT",6,11,FALSE,"summer_Communities"
"GPW","RTT",6,11,FALSE,"summer_Communities"
"GSN","RTT",6,11,FALSE,"summer_Communities"
"RDO","RTT",6,11,FALSE,"summer_Communities"
"PND","RTT",7,11,FALSE,"summer_Communities"
"RNO","RTT",7,11,FALSE,"summer_Communities"
"PNG","RTT",7,11,FALSE,"summer_Communities"
"GLS","RTT",7,11,FALSE,"summer_Communities"
"ROW","RTT",8,11,FALSE,"summer_Communities"
"GPB","RTT",8,11,FALSE,"summer_Communities"
"GDO","RTT",9,11,FALSE,"summer_Communities"
"PNL","RTT",9,11,FALSE,"summer_Communities"
"RGT","RTT",9,11,FALSE,"summer_Communities"
"PBP (was PBB)","RTT",9,11,FALSE,"summer_Communities"
"GDN (was GDY)","RTT",11,11,TRUE,"summer_Communities"
"GPR","RTT",11,11,TRUE,"summer_Communities"
"CRY","RTT",11,11,TRUE,"summer_Communities"
"CGN","PBP (was PBB)",2,9,FALSE,"summer_Communities"
"GNG","PBP (was PBB)",2,9,FALSE,"summer_Communities"
"GTP","PBP (was PBB)",3,9,FALSE,"summer_Communities"
"NOD","PBP (was PBB)",3,9,FALSE,"summer_Communities"
"NRO","PBP (was PBB)",5,9,FALSE,"summer_Communities"
"NSS","PBP (was PBB)",5,9,FALSE,"summer_Communities"
"GBO (was GPT)","PBP (was PBB)",6,9,FALSE,"summer_Communities"
"GPW","PBP (was PBB)",6,9,FALSE,"summer_Communities"
"GSN","PBP (was PBB)",6,9,FALSE,"summer_Communities"
"GLS","PBP (was PBB)",7,9,FALSE,"summer_Communities"
"GPB","PBP (was PBB)",8,9,FALSE,"summer_Communities"
"GDO","PBP (was PBB)",9,9,TRUE,"summer_Communities"
"GDN (was GDY)","PBP (was PBB)",11,9,FALSE,"summer_Communities"
"GPR","PBP (was PBB)",11,9,FALSE,"summer_Communities"
"CRY","PBP (was PBB)",11,9,FALSE,"summer_Communities"
"SDO","STT",1,9,FALSE,"summer_Communities"
"CGN","STT",2,9,FALSE,"summer_Communities"
"GNG","STT",2,9,FALSE,"summer_Communities"
"SDR","STT",2,9,FALSE,"summer_Communities"
"SSS","STT",2,9,FALSE,"summer_Communities"
"PDN","STT",2,9,FALSE,"summer_Communities"
"RBP","STT",2,9,FALSE,"summer_Communities"
"SDT","STT",2,9,FALSE,"summer_Communities"
"SOG","STT",3,9,FALSE,"summer_Communities"
"GTP","STT",3,9,FALSE,"summer_Communities"
"SPT","STT",3,9,FALSE,"summer_Communities"
"PLS","STT",3,9,FALSE,"summer_Communities"
"NOD","STT",3,9,FALSE,"summer_Communities"
"NRO","STT",5,9,FALSE,"summer_Communities"
"NSS","STT",5,9,FALSE,"summer_Communities"
"SNR (was SNO)","STT",6,9,FALSE,"summer_Communities"
"GBO (was GPT)","STT",6,9,FALSE,"summer_Communities"
"GPW","STT",6,9,FALSE,"summer_Communities"
"GSN","STT",6,9,FALSE,"summer_Communities"
"RDO","STT",6,9,FALSE,"summer_Communities"
"PND","STT",7,9,FALSE,"summer_Communities"
"RNO","STT",7,9,FALSE,"summer_Communities"
"PNG","STT",7,9,FALSE,"summer_Communities"
"GLS","STT",7,9,FALSE,"summer_Communities"
"SPW","STT",8,9,FALSE,"summer_Communities"
"ROW","STT",8,9,FALSE,"summer_Communities"
"GPB","STT",8,9,FALSE,"summer_Communities"
"GDO","STT",9,9,TRUE,"summer_Communities"
"SGB","STT",9,9,TRUE,"summer_Communities"
"PNL","STT",9,9,TRUE,"summer_Communities"
"RGT","STT",9,9,TRUE,"summer_Communities"
"RTT","STT",11,9,FALSE,"summer_Communities"
"PBP (was PBB)","STT",9,9,TRUE,"summer_Communities"
"GDN (was GDY)","STT",11,9,FALSE,"summer_Communities"
"GPR","STT",11,9,FALSE,"summer_Communities"
"CRY","STT",11,9,FALSE,"summer_Communities"
"SWT","YYN (was YNO)",1,11,FALSE,"summer_Communities"
"SDO","YYN (was YNO)",1,11,FALSE,"summer_Communities"
"CGN","YYN (was YNO)",2,11,FALSE,"summer_Communities"
"WPW","YYN (was YNO)",1,11,FALSE,"summer_Communities"
"GNG","YYN (was YNO)",2,11,FALSE,"summer_Communities"
"SDR","YYN (was YNO)",2,11,FALSE,"summer_Communities"
"SSS","YYN (was YNO)",2,11,FALSE,"summer_Communities"
"SYO","YYN (was YNO)",2,11,FALSE,"summer_Communities"
"PDN","YYN (was YNO)",2,11,FALSE,"summer_Communities"
"RBP","YYN (was YNO)",2,11,FALSE,"summer_Communities"
"SWB","YYN (was YNO)",2,11,FALSE,"summer_Communities"
"SDT","YYN (was YNO)",2,11,FALSE,"summer_Communities"
"SOG","YYN (was YNO)",3,11,FALSE,"summer_Communities"
"GTP","YYN (was YNO)",3,11,FALSE,"summer_Communities"
"YPS","YYN (was YNO)",3,11,FALSE,"summer_Communities"
"SPT","YYN (was YNO)",3,11,FALSE,"summer_Communities"
"PLS","YYN (was YNO)",3,11,FALSE,"summer_Communities"
"NOD","YYN (was YNO)",3,11,FALSE,"summer_Communities"
"WSY","YYN (was YNO)",4,11,FALSE,"summer_Communities"
"YBN","YYN (was YNO)",4,11,FALSE,"summer_Communities"
"WOG","YYN (was YNO)",4,11,FALSE,"summer_Communities"
"YWS","YYN (was YNO)",5,11,FALSE,"summer_Communities"
"WPD","YYN (was YNO)",5,11,FALSE,"summer_Communities"
"YDT","YYN (was YNO)",5,11,FALSE,"summer_Communities"
"WPG","YYN (was YNO)",3,11,FALSE,"summer_Communities"
"NRO","YYN (was YNO)",5,11,FALSE,"summer_Communities"
"NSS","YYN (was YNO)",5,11,FALSE,"summer_Communities"
"YDW","YYN (was YNO)",6,11,FALSE,"summer_Communities"
"WNS","YYN (was YNO)",6,11,FALSE,"summer_Communities"
"SNR (was SNO)","YYN (was YNO)",6,11,FALSE,"summer_Communities"
"GBO (was GPT)","YYN (was YNO)",6,11,FALSE,"summer_Communities"
"YGD","YYN (was YNO)",6,11,FALSE,"summer_Communities"
"GPW","YYN (was YNO)",6,11,FALSE,"summer_Communities"
"WDY","YYN (was YNO)",6,11,FALSE,"summer_Communities"
"GSN","YYN (was YNO)",6,11,FALSE,"summer_Communities"
"YSR","YYN (was YNO)",6,11,FALSE,"summer_Communities"
"RDO","YYN (was YNO)",6,11,FALSE,"summer_Communities"
"PND","YYN (was YNO)",7,11,FALSE,"summer_Communities"
"RNO","YYN (was YNO)",7,11,FALSE,"summer_Communities"
"PNG","YYN (was YNO)",7,11,FALSE,"summer_Communities"
"GLS","YYN (was YNO)",7,11,FALSE,"summer_Communities"
"WPB","YYN (was YNO)",8,11,FALSE,"summer_Communities"
"WNP","YYN (was YNO)",8,11,FALSE,"summer_Communities"
"SPW","YYN (was YNO)",8,11,FALSE,"summer_Communities"
"ROW","YYN (was YNO)",8,11,FALSE,"summer_Communities"
"YND","YYN (was YNO)",8,11,FALSE,"summer_Communities"
"YOD","YYN (was YNO)",8,11,FALSE,"summer_Communities"
"GPB","YYN (was YNO)",8,11,FALSE,"summer_Communities"
"YBY","YYN (was YNO)",9,11,FALSE,"summer_Communities"
"YGY","YYN (was YNO)",9,11,FALSE,"summer_Communities"
"YBT","YYN (was YNO)",9,11,FALSE,"summer_Communities"
"GDO","YYN (was YNO)",9,11,FALSE,"summer_Communities"
"WPS","YYN (was YNO)",9,11,FALSE,"summer_Communities"
"WDB","YYN (was YNO)",10,11,FALSE,"summer_Communities"
"WTW","YYN (was YNO)",9,11,FALSE,"summer_Communities"
"SGB","YYN (was YNO)",9,11,FALSE,"summer_Communities"
"PNL","YYN (was YNO)",9,11,FALSE,"summer_Communities"
"WDT","YYN (was YNO)",9,11,FALSE,"summer_Communities"
"RGT","YYN (was YNO)",9,11,FALSE,"summer_Communities"
"RTT","YYN (was YNO)",11,11,TRUE,"summer_Communities"
"PBP (was PBB)","YYN (was YNO)",9,11,FALSE,"summer_Communities"
"STT","YYN (was YNO)",9,11,FALSE,"summer_Communities"
"GDN (was GDY)","YYN (was YNO)",11,11,TRUE,"summer_Communities"
"GPR","YYN (was YNO)",11,11,TRUE,"summer_Communities"
"WDD","YYN (was YNO)",11,11,TRUE,"summer_Communities"
"CRY","YYN (was YNO)",11,11,TRUE,"summer_Communities"
"WDG","YYN (was YNO)",11,11,TRUE,"summer_Communities"
"YRP","YYN (was YNO)",11,11,TRUE,"summer_Communities"
"WYD","YYN (was YNO)",11,11,TRUE,"summer_Communities"
"CGN","GDN (was GDY)",2,11,FALSE,"summer_Communities"
"GBO (was GPT)","GDN (was GDY)",6,11,FALSE,"summer_Communities"
"CRY","GDN (was GDY)",11,11,TRUE,"summer_Communities"
"CGN","GPR",2,11,FALSE,"summer_Communities"
"GNG","GPR",2,11,FALSE,"summer_Communities"
"GBO (was GPT)","GPR",6,11,FALSE,"summer_Communities"
"GLS","GPR",7,11,FALSE,"summer_Communities"
"GPB","GPR",8,11,FALSE,"summer_Communities"
"GDO","GPR",9,11,FALSE,"summer_Communities"
"GDN (was GDY)","GPR",11,11,TRUE,"summer_Communities"
"CRY","GPR",11,11,TRUE,"summer_Communities"
"SWT","WDD",1,11,FALSE,"summer_Communities"
"SDO","WDD",1,11,FALSE,"summer_Communities"
"CGN","WDD",2,11,FALSE,"summer_Communities"
"GNG","WDD",2,11,FALSE,"summer_Communities"
"SDR","WDD",2,11,FALSE,"summer_Communities"
"SSS","WDD",2,11,FALSE,"summer_Communities"
"SYO","WDD",2,11,FALSE,"summer_Communities"
"PDN","WDD",2,11,FALSE,"summer_Communities"
"RBP","WDD",2,11,FALSE,"summer_Communities"
"SWB","WDD",2,11,FALSE,"summer_Communities"
"SDT","WDD",2,11,FALSE,"summer_Communities"
"SOG","WDD",3,11,FALSE,"summer_Communities"
"GTP","WDD",3,11,FALSE,"summer_Communities"
"SPT","WDD",3,11,FALSE,"summer_Communities"
"PLS","WDD",3,11,FALSE,"summer_Communities"
"NOD","WDD",3,11,FALSE,"summer_Communities"
"NRO","WDD",5,11,FALSE,"summer_Communities"
"NSS","WDD",5,11,FALSE,"summer_Communities"
"SNR (was SNO)","WDD",6,11,FALSE,"summer_Communities"
"GBO (was GPT)","WDD",6,11,FALSE,"summer_Communities"
"GPW","WDD",6,11,FALSE,"summer_Communities"
"GSN","WDD",6,11,FALSE,"summer_Communities"
"RDO","WDD",6,11,FALSE,"summer_Communities"
"PND","WDD",7,11,FALSE,"summer_Communities"
"RNO","WDD",7,11,FALSE,"summer_Communities"
"PNG","WDD",7,11,FALSE,"summer_Communities"
"GLS","WDD",7,11,FALSE,"summer_Communities"
"SPW","WDD",8,11,FALSE,"summer_Communities"
"ROW","WDD",8,11,FALSE,"summer_Communities"
"GPB","WDD",8,11,FALSE,"summer_Communities"
"GDO","WDD",9,11,FALSE,"summer_Communities"
"WDB","WDD",10,11,FALSE,"summer_Communities"
"SGB","WDD",9,11,FALSE,"summer_Communities"
"PNL","WDD",9,11,FALSE,"summer_Communities"
"RGT","WDD",9,11,FALSE,"summer_Communities"
"RTT","WDD",11,11,TRUE,"summer_Communities"
"PBP (was PBB)","WDD",9,11,FALSE,"summer_Communities"
"STT","WDD",9,11,FALSE,"summer_Communities"
"GDN (was GDY)","WDD",11,11,TRUE,"summer_Communities"
"GPR","WDD",11,11,TRUE,"summer_Communities"
"CRY","WDD",11,11,TRUE,"summer_Communities"
"CGN","CRY",2,11,FALSE,"summer_Communities"
"SWT","WDG",1,11,FALSE,"summer_Communities"
"SDO","WDG",1,11,FALSE,"summer_Communities"
"CGN","WDG",2,11,FALSE,"summer_Communities"
"GNG","WDG",2,11,FALSE,"summer_Communities"
"SDR","WDG",2,11,FALSE,"summer_Communities"
"SSS","WDG",2,11,FALSE,"summer_Communities"
"SYO","WDG",2,11,FALSE,"summer_Communities"
"PDN","WDG",2,11,FALSE,"summer_Communities"
"RBP","WDG",2,11,FALSE,"summer_Communities"
"SWB","WDG",2,11,FALSE,"summer_Communities"
"SDT","WDG",2,11,FALSE,"summer_Communities"
"SOG","WDG",3,11,FALSE,"summer_Communities"
"GTP","WDG",3,11,FALSE,"summer_Communities"
"SPT","WDG",3,11,FALSE,"summer_Communities"
"PLS","WDG",3,11,FALSE,"summer_Communities"
"NOD","WDG",3,11,FALSE,"summer_Communities"
"NRO","WDG",5,11,FALSE,"summer_Communities"
"NSS","WDG",5,11,FALSE,"summer_Communities"
"SNR (was SNO)","WDG",6,11,FALSE,"summer_Communities"
"GBO (was GPT)","WDG",6,11,FALSE,"summer_Communities"
"GPW","WDG",6,11,FALSE,"summer_Communities"
"GSN","WDG",6,11,FALSE,"summer_Communities"
"RDO","WDG",6,11,FALSE,"summer_Communities"
"PND","WDG",7,11,FALSE,"summer_Communities"
"RNO","WDG",7,11,FALSE,"summer_Communities"
"PNG","WDG",7,11,FALSE,"summer_Communities"
"GLS","WDG",7,11,FALSE,"summer_Communities"
"SPW","WDG",8,11,FALSE,"summer_Communities"
"ROW","WDG",8,11,FALSE,"summer_Communities"
"GPB","WDG",8,11,FALSE,"summer_Communities"
"GDO","WDG",9,11,FALSE,"summer_Communities"
"WDB","WDG",10,11,FALSE,"summer_Communities"
"SGB","WDG",9,11,FALSE,"summer_Communities"
"PNL","WDG",9,11,FALSE,"summer_Communities"
"RGT","WDG",9,11,FALSE,"summer_Communities"
"RTT","WDG",11,11,TRUE,"summer_Communities"
"PBP (was PBB)","WDG",9,11,FALSE,"summer_Communities"
"STT","WDG",9,11,FALSE,"summer_Communities"
"GDN (was GDY)","WDG",11,11,TRUE,"summer_Communities"
"GPR","WDG",11,11,TRUE,"summer_Communities"
"WDD","WDG",11,11,TRUE,"summer_Communities"
"CRY","WDG",11,11,TRUE,"summer_Communities"
"SWT","YRP",1,11,FALSE,"summer_Communities"
"SDO","YRP",1,11,FALSE,"summer_Communities"
"CGN","YRP",2,11,FALSE,"summer_Communities"
"WPW","YRP",1,11,FALSE,"summer_Communities"
"GNG","YRP",2,11,FALSE,"summer_Communities"
"SDR","YRP",2,11,FALSE,"summer_Communities"
"SSS","YRP",2,11,FALSE,"summer_Communities"
"SYO","YRP",2,11,FALSE,"summer_Communities"
"PDN","YRP",2,11,FALSE,"summer_Communities"
"RBP","YRP",2,11,FALSE,"summer_Communities"
"SWB","YRP",2,11,FALSE,"summer_Communities"
"SDT","YRP",2,11,FALSE,"summer_Communities"
"SOG","YRP",3,11,FALSE,"summer_Communities"
"GTP","YRP",3,11,FALSE,"summer_Communities"
"YPS","YRP",3,11,FALSE,"summer_Communities"
"SPT","YRP",3,11,FALSE,"summer_Communities"
"PLS","YRP",3,11,FALSE,"summer_Communities"
"NOD","YRP",3,11,FALSE,"summer_Communities"
"WSY","YRP",4,11,FALSE,"summer_Communities"
"YBN","YRP",4,11,FALSE,"summer_Communities"
"WOG","YRP",4,11,FALSE,"summer_Communities"
"WPD","YRP",5,11,FALSE,"summer_Communities"
"YDT","YRP",5,11,FALSE,"summer_Communities"
"WPG","YRP",3,11,FALSE,"summer_Communities"
"NRO","YRP",5,11,FALSE,"summer_Communities"
"NSS","YRP",5,11,FALSE,"summer_Communities"
"YDW","YRP",6,11,FALSE,"summer_Communities"
"WNS","YRP",6,11,FALSE,"summer_Communities"
"SNR (was SNO)","YRP",6,11,FALSE,"summer_Communities"
"GBO (was GPT)","YRP",6,11,FALSE,"summer_Communities"
"YGD","YRP",6,11,FALSE,"summer_Communities"
"GPW","YRP",6,11,FALSE,"summer_Communities"
"WDY","YRP",6,11,FALSE,"summer_Communities"
"GSN","YRP",6,11,FALSE,"summer_Communities"
"RDO","YRP",6,11,FALSE,"summer_Communities"
"PND","YRP",7,11,FALSE,"summer_Communities"
"RNO","YRP",7,11,FALSE,"summer_Communities"
"PNG","YRP",7,11,FALSE,"summer_Communities"
"GLS","YRP",7,11,FALSE,"summer_Communities"
"WPB","YRP",8,11,FALSE,"summer_Communities"
"WNP","YRP",8,11,FALSE,"summer_Communities"
"SPW","YRP",8,11,FALSE,"summer_Communities"
"ROW","YRP",8,11,FALSE,"summer_Communities"
"YND","YRP",8,11,FALSE,"summer_Communities"
"YOD","YRP",8,11,FALSE,"summer_Communities"
"GPB","YRP",8,11,FALSE,"summer_Communities"
"YBY","YRP",9,11,FALSE,"summer_Communities"
"YGY","YRP",9,11,FALSE,"summer_Communities"
"YBT","YRP",9,11,FALSE,"summer_Communities"
"GDO","YRP",9,11,FALSE,"summer_Communities"
"WPS","YRP",9,11,FALSE,"summer_Communities"
"WDB","YRP",10,11,FALSE,"summer_Communities"
"WTW","YRP",9,11,FALSE,"summer_Communities"
"SGB","YRP",9,11,FALSE,"summer_Communities"
"PNL","YRP",9,11,FALSE,"summer_Communities"
"WDT","YRP",9,11,FALSE,"summer_Communities"
"RGT","YRP",9,11,FALSE,"summer_Communities"
"RTT","YRP",11,11,TRUE,"summer_Communities"
"PBP (was PBB)","YRP",9,11,FALSE,"summer_Communities"
"STT","YRP",9,11,FALSE,"summer_Communities"
"GDN (was GDY)","YRP",11,11,TRUE,"summer_Communities"
"GPR","YRP",11,11,TRUE,"summer_Communities"
"WDD","YRP",11,11,TRUE,"summer_Communities"
"CRY","YRP",11,11,TRUE,"summer_Communities"
"WDG","YRP",11,11,TRUE,"summer_Communities"
"WYD","YRP",11,11,TRUE,"summer_Communities"
"SWT","WYD",1,11,FALSE,"summer_Communities"
"SDO","WYD",1,11,FALSE,"summer_Communities"
"CGN","WYD",2,11,FALSE,"summer_Communities"
"WPW","WYD",1,11,FALSE,"summer_Communities"
"GNG","WYD",2,11,FALSE,"summer_Communities"
"SDR","WYD",2,11,FALSE,"summer_Communities"
"SSS","WYD",2,11,FALSE,"summer_Communities"
"SYO","WYD",2,11,FALSE,"summer_Communities"
"PDN","WYD",2,11,FALSE,"summer_Communities"
"RBP","WYD",2,11,FALSE,"summer_Communities"
"SWB","WYD",2,11,FALSE,"summer_Communities"
"SDT","WYD",2,11,FALSE,"summer_Communities"
"SOG","WYD",3,11,FALSE,"summer_Communities"
"GTP","WYD",3,11,FALSE,"summer_Communities"
"SPT","WYD",3,11,FALSE,"summer_Communities"
"PLS","WYD",3,11,FALSE,"summer_Communities"
"NOD","WYD",3,11,FALSE,"summer_Communities"
"WSY","WYD",4,11,FALSE,"summer_Communities"
"WOG","WYD",4,11,FALSE,"summer_Communities"
"WPD","WYD",5,11,FALSE,"summer_Communities"
"WPG","WYD",3,11,FALSE,"summer_Communities"
"NRO","WYD",5,11,FALSE,"summer_Communities"
"NSS","WYD",5,11,FALSE,"summer_Communities"
"WNS","WYD",6,11,FALSE,"summer_Communities"
"SNR (was SNO)","WYD",6,11,FALSE,"summer_Communities"
"GBO (was GPT)","WYD",6,11,FALSE,"summer_Communities"
"GPW","WYD",6,11,FALSE,"summer_Communities"
"WDY","WYD",6,11,FALSE,"summer_Communities"
"GSN","WYD",6,11,FALSE,"summer_Communities"
"RDO","WYD",6,11,FALSE,"summer_Communities"
"PND","WYD",7,11,FALSE,"summer_Communities"
"RNO","WYD",7,11,FALSE,"summer_Communities"
"PNG","WYD",7,11,FALSE,"summer_Communities"
"GLS","WYD",7,11,FALSE,"summer_Communities"
"WPB","WYD",8,11,FALSE,"summer_Communities"
"WNP","WYD",8,11,FALSE,"summer_Communities"
"SPW","WYD",8,11,FALSE,"summer_Communities"
"ROW","WYD",8,11,FALSE,"summer_Communities"
"GPB","WYD",8,11,FALSE,"summer_Communities"
"GDO","WYD",9,11,FALSE,"summer_Communities"
"WPS","WYD",9,11,FALSE,"summer_Communities"
"WDB","WYD",10,11,FALSE,"summer_Communities"
"WTW","WYD",9,11,FALSE,"summer_Communities"
"SGB","WYD",9,11,FALSE,"summer_Communities"
"PNL","WYD",9,11,FALSE,"summer_Communities"
"WDT","WYD",9,11,FALSE,"summer_Communities"
"RGT","WYD",9,11,FALSE,"summer_Communities"
"RTT","WYD",11,11,TRUE,"summer_Communities"
"PBP (was PBB)","WYD",9,11,FALSE,"summer_Communities"
"STT","WYD",9,11,FALSE,"summer_Communities"
"GDN (was GDY)","WYD",11,11,TRUE,"summer_Communities"
"GPR","WYD",11,11,TRUE,"summer_Communities"
"WDD","WYD",11,11,TRUE,"summer_Communities"
"CRY","WYD",11,11,TRUE,"summer_Communities"
"WDG","WYD",11,11,TRUE,"summer_Communities"
