"Sex","mean_range","sd_range","n"
"F",2.2,1.47572957474524,10
"M",2.04761904761905,0.909365389879814,42
